Employer,City,State,CEI Rating
3M Co.,St. Paul,MN,100
A.T. Kearney Inc.,Chicago,IL,100
A|X Armani Exchange,New York,NY,100
Abbott Laboratories,Abbott Park,IL,100
AbbVie Inc.,North Chicago,IL,100
Abercrombie & Fitch Co.,New Albany,OH,100
Accenture,New York,NY,100
Acer Inc.,Irvine,CA,85
Activis Inc.,Parsippany,NJ,0
Adecco North America LLC,Jacksonville,FL,100
Adidas America,Portland,OR,100
Adobe Systems Inc.,San Jose,CA,100
Advance Auto Parts (Advance Holding),Roanoke,VA,55
Advanced Micro Devices Inc.,Sunnyvale,CA,100
AECOM Technology Corp.,Los Angeles,CA,100
Aeropostale Inc.,New York,NY,100
AES Corp. The,Arlington,VA,100
Aetna Inc.,Hartford,CT,100
AFLAC Inc.,Columbus,GA,85
Agco,Duluth,GA,15
Agilent Technologies Inc.,Santa Clara,CA,90
Ahold USA Inc.,Quincy,MA,55
AIG,New York,NY,90
Air Products & Chemicals Inc.,Allentown,PA,55
AK Steel Holding Corp.,West Chester,OH,0
Akerman LLP,Miami,FL,100
Akin Gump Strauss Hauer & Feld LLP,Washington DC,DC,100
Alaska Air Group Inc.,Seattle,WA,100
Alcatel-Lucent,Murray Hill,NJ,100
Alcoa Inc.,New York,NY,15
Allegheny Energy Inc.,Greensburg,PA,15
Allegheny Technologies Inc.,Pittsburgh,PA,15
Allergan Inc.,Irvine,CA,15
AllianceBernstein,New York,NY,80
Alliant Energy Corp.,Madison,WI,100
Alliant Techsystems Inc.,Arlington,VA,15
Allianz Life Insurance Co. of North America,Minneapolis,MN,100
Allscripts-Misys Healthcare Solutions Inc.,Chicago,IL,30
Allstate Corp. The,Northbrook,IL,100
Ally Financial Inc.,Detroit,MI,85
Alpha Natural Resources Inc.,Bristol,VA,15
Alston & Bird LLP,Atlanta,GA,100
Altria Group Inc.,Richmond,VA,90
Amazon.com Inc.,Seattle,WA,90
AMC Entertainment Inc.,Leawood,KS,100
Ameren Corp.,St. Louis,MO,85
American Airlines,Fort Worth,TX,100
American Eagle Outfitters Inc.,Pittsburgh,PA,100
American Electric Power Co. Inc.,Columbus,OH,85
American Express Co.,New York,NY,100
American Family Insurance Group,Madison,WI,100
American Financial Group,Cincinnati,OH,15
Ameriprise Financial Inc.,Minneapolis,MN,100
Amgen Inc.,Thousand Oaks,CA,100
Anadarko Petroleum,The Woodlands,TX,30
Andersons Inc. The,Maumee,OH,15
Andrews Kurth LLP,Houston,TX,100
Anheuser-Busch Companies Inc.,St. Louis,MO,85
Anixter International Inc.,Glenview,IL,30
AOL,New York,NY,100
Aon Corp.,Chicago,IL,90
Apache Corp.,Houston,TX,15
Apple Inc.,Cupertino,CA,100
Applied Materials Inc.,Santa Clara,CA,100
Aramark Corp.,Philadelphia,PA,35
Archer Daniels Midland Co.,Decatur,IL,20
Arent Fox LLP,Washington DC,DC,100
Arnold & Porter LLP,Washington DC,DC,100
Arrow Electronics,Englewood,CO,35
Ashland Inc.,Covington,KY,15
Assurant,New York,NY,90
Astellas Pharma US Inc.,Northbrook,IL,85
AstraZeneca PLC,Wilmington,DE,85
AT&T Inc.,Dallas,TX,100
Austin Radiological Assn.,Austin,TX,40
Autoliv Inc.,Auburn Hills,MI,35
Automatic Data Processing Inc.,Roseland,NJ,100
AutoNation Inc.,Fort Lauderdale,FL,40
Auto-Owners Insurance Group,Lansing,MI,35
AutoZone Inc.,Memphis,TN,15
Avaya Inc.,Santa Clara,CA,35
Avery Dennison,Pasadena,CA,15
Avis Budget Group Inc.,Parsippany,NJ,35
Avnet Inc.,Phoenix,AZ,35
Avon Products Inc.,New York,NY,90
AXA,New York,NY,90
B J’s Wholesale Club,Westborough,MA,35
BAE Systems Inc.,Arlington,VA,90
Bain & Co. Inc./Bridgespan Group,Boston,MA,100
Baker & Hostetler LLP,Cleveland,OH,90
Baker & McKenzie LLP,Chicago,IL,100
Baker Botts LLP,Houston,TX,90
Baker Hughes Inc.,Houston,TX,85
Baker Donelson Bearman Caldwell & Berkowitz PC,Memphis,TN,85
Baldor Electric Co.,Fort Smith,AR,15
Ball Corp.,Broomfield,CO,85
Ballard Spahr LLP,Philadelphia,PA,100
Bank of America Corp.,Charlotte,NC,100
Bank of New York Mellon Corp. The,New York,NY,100
Barclays,New York,NY,100
Barilla America Inc.,Bannockburn,IL,100
Barnes & Noble Inc.,New York,NY,100
BASF Corp.,Florham Park,NJ,100
Bausch & Lomb Inc.,Rochester,NY,75
Baxter International Inc.,Deerfield,IL,90
Bayer Corp.,Pittsburgh,PA,100
BB&T Corp.,Winston-Salem,NC,85
Becton Dickinson and Co.,Franklin Lakes,NJ,15
Bed Bath & Beyond Inc.,Union,NJ,30
Bemis Co. Inc.,Neenah,WI,30
Berkshire Hathaway Inc.,Omaha,NE,15
Best Buy Co. Inc.,Richfield,MN,100
Big Lots,Columbus,OH,100
Bingham McCutchen LLP,Boston,MA,100
Biogen Idec Inc.,Cambridge,MA,100
Black & Veatch Corp.,Overland Park,KS,65
BlackRock,New York,NY,100
Bloomin’ Brands Inc.,Tampa,FL,100
Blue Cross & Blue Shield of Rhode Island,Providence,RI,100
Blue Cross Blue Shield of Florida Inc.,Jacksonville,FL,100
Blue Cross Blue Shield of Michigan,Detroit,MI,100
Blue Cross Blue Shield of Minnesota,Eagan,MN,100
Blue Cross Blue Shield of North Carolina,Chapel Hill,NC,100
BMC HealthNet Plan,Boston,MA,60
BMC Software Inc.,Houston,TX,100
BMO Bankcorp Inc.,Chicago,IL,60
BNP Paribas,New York,NY,90
Bob Evans Farms Inc.,New Albany,OH,45
Boehringer Ingelheim USA Corp.,Ridgefield,CT,100
Boeing Co.,Chicago,IL,90
Bon-Ton Stores Inc.,York,PA,90
Booz Allen Hamilton Inc.,McLean,VA,100
BorgWarner Inc.,Auburn Hills,MI,15
Boston Consulting Group,Boston,MA,100
Boston Scientific Corp.,Marlborough,MA,100
BP America Inc.,Houston,TX,90
Bracewell & Giuliani,Houston,TX,80
Bridgestone Americas Holding Inc.,Nashville,TN,70
Bright Horizons Family Solutions Inc.,Watertown,MA,100
Brightpoint Inc.,Indianapolis,IN,85
Brinker International Inc.,Dallas,TX,90
Bristol-Myers Squibb Co.,New York,NY,100
Broadcom Corp.,Irvine,CA,60
Broadridge Financial Solutions Inc.,Lake Success,NY,90
Brown Brothers Harriman & Co.,New York,NY,100
Brown Rudnick LLP,Boston,MA,100
Brown Shoe Company Inc.,St. Louis,MO,100
Brown-Forman Corp.,Louisville,KY,100
Bryan Cave LLP,Saint Louis,MO,100
Burger King Corp.,Miami,FL,15
Burlington Northern Santa Fe Corp.,Fort Worth,TX,20
Burlington Store Inc.,Burlington,NJ,60
C&S Wholesale Grocers Inc.,Keene,NH,15
C.H. Robinson Worldwide,Eden Prairie,MN,15
CA Technologies Inc.,Islandia,NY,100
Cablevision Systems Corp.,Bethpage,NY,15
Cadwalader Wickersham & Taft LLP,New York,NY,100
Caesars Entertainment Corp.,Las Vegas,NV,100
Calpine Corp.,Houston,TX,40
Cameron International Corp.,Houston,TX,100
Campbell Soup Co.,Camden,NJ,70
Canadian Imperial Bank of Commerce,New York,NY,100
Capgemini U.S. LLC,New York,NY,100
Capital Markets Company NV The,New York,NY,100
Capital One Financial Corp.,McLean,VA,100
Cardinal Health Inc.,Dublin,OH,100
CareFusion Corp.,San Diego,CA,100
Cargill Inc.,Wayzata,MN,100
Caribou Coffee Company Inc.,Minneapolis,MN,15
Carlson Inc.,Minnetonka,MN,100
Carlton Fields Jorden Burt,Tampa,FL,100
CarMax Inc.,Richmond,VA,100
Carnival Corp.,Miami,FL,85
Casey's General Stores Inc.,Ankeny,IA,70
Caterpillar Inc.,Peoria,IL,90
CBRE Inc.,Los Angeles,CA,100
CBS Corp.,New York,NY,75
CC Media Holdings Inc. (Clear Channel),San Antonio,TX,100
CDW Corp.,Vernon Hills,IL,90
Celanese Corp.,Irving,TX,90
Celgene Corp.,Summit,NJ,15
Centene Corp.,St. Louis,MO,75
CenterPoint Energy Inc.,Houston,TX,15
CenturyLink Inc.,Monroe,LA,15
Cerner Corp.,North Kansas City,MO,30
CF Industries Holdings Inc.,Deerfield,IL,15
CH2M HILL Companies Ltd.,Englewood,CO,90
Chadbourne & Parke LLP,New York,NY,90
Chamberlin Edmonds & Associates Inc.,Atlanta,GA,100
Chapman and Cutler LLP,Chicago,IL,100
Charles Schwab Corp. The,San Francisco,CA,100
Charter Communications,Stamford,CT,30
Chesapeake Energy Corp.,Oklahoma City,OK,15
Chevron Corp.,San Ramon,CA,90
CHG Healthcare Services Inc.,Salt Lake City,UT,80
Chipotle Mexican Grill Inc.,Denver,CO,55
Choate Hall & Stewart LLP,Boston,MA,100
Choice Hotels International Inc.,Rockville,MD,100
Chrysler Group LLC,Auburn Hills,MI,30
CHS Inc.,Inver Grove Heights,MN,15
Chubb Corp.,Warren,NJ,100
CIGNA Corp.,Bloomfield,CT,90
Cisco Systems Inc.,San Jose,CA,100
CIT Group Inc.,New York,NY,15
Citigroup Inc.,New York,NY,100
Classified Ventures LLC,Chicago,IL,30
Cleary Gottlieb Steen & Hamilton LLP,New York,NY,100
Cleveland-Cliffs Inc.,Cleveland,OH,15
Clifford Chance US LLP,New York,NY,100
Clorox Co.,Oakland,CA,90
CMS Energy Services,Jackson,MI,35
CNA Insurance,Chicago,IL,85
Coach Inc.,New York,NY,100
Coca-Cola Co. The,Atlanta,GA,90
Cognizant Technology Solutions Corp.,Teaneck,NJ,100
Colgate-Palmolive Co.,New York,NY,90
Comcast Corp.,Philadelphia,PA,100
Commercial Inc.,Dallas,TX,100
Commercial Metals,Irving,TX,30
Community Health Systems Inc.,Franklin,TN,15
Compass Bancshares Inc. (BBVA Compass),Birmingham,AL,65
Compass Group USA Inc.,Charlotte,NC,80
Computer Sciences Corp. (CSC),Falls Church,VA,65
Compuware Corp.,Detroit,MI,30
ConAgra Foods Inc.,Omaha,NE,100
ConocoPhillips,Houston,TX,90
Consol Energy Inc.,Canonsburg,PA,15
Consolidated Edison Co.,New York,NY,100
Constellation Brands Inc.,Victor,NY,100
Constellation Energy Group Inc.,Baltimore,MD,100
Convergys Corp.,Cincinnati,OH,80
Con-way Inc.,Ann Arbor,MI,30
Cooley LLP,Palo Alto,CA,100
Cooper Tire & Rubber Co.,Findlay,OH,30
Corbis Corp.,Seattle,WA,55
CoreLogic,Santa Ana,CA,90
Core-Mark Holding Company Inc.,South San Francisco,CA,30
Corning Inc.,Corning,NY,85
Costco Wholesale Corp.,Issaquah,WA,90
Coventry Health Care,Bethesda,MD,15
Covington & Burling LLP,Washington DC,DC,100
Cox Enterprises Inc.,Atlanta,GA,90
Cracker Barrel Old Country Store Inc.,Lebanon,TN,15
Crate and Barrel / CB2,Northbrook,IL,15
Cravath Swaine & Moore LLP,New York,NY,90
Credit Suisse USA Inc.,New York,NY,90
Crowell & Moring LLP,Washington DC,DC,100
Crown Holdings,Philadelphia,PA,100
CSAA Insurance Group,Walnut Creek,CA,100
CSX Corp.,Jacksonville,FL,70
Cummins Inc.,Columbus,IN,100
CUNA Mutual Insurance Group,Madison,WI,50
CVS Health Corp.,Woonsocket,RI,90
Dana Holding Corp.,Maumee,OH,40
Danaher Corp.,Washington DC,DC,60
Darden Restaurants Inc.,Orlando,FL,90
Davis Polk & Wardwell LLP,New York,NY,100
Davis Wright Tremaine LLP,Seattle,WA,100
DaVita Inc.,Denver,CO,15
Day Pitney LLP,Hartford,CT,100
Dean Foods Co.,Dallas,TX,55
Debevoise & Plimpton LLP,New York,NY,100
Dechert LLP,Philadelphia,PA,100
Deere & Co.,Moline,IL,65
Delhaize America Inc.,Salisbury,NC,100
Dell Inc.,Round Rock,TX,100
Deloitte LLP,New York,NY,100
Delta Air Lines Inc.,Atlanta,GA,90
Dentons US LLP,New York,NY,100
Depository Trust & Clearing Corp. The,New York,NY,85
Deutsche Bank,New York,NY,100
Devon Energy Corp.,Oklahoma City,OK,30
Diageo North America,Norwalk,CT,100
DICK’s Sporting Goods Inc.,Coraopolis,PA,55
Dickstein Shapiro LLP,Washington DC,DC,100
DigitasLBi,Boston,MA,100
Dillard’s Inc.,Little Rock,AR,30
DIRECTV,El Segundo,CA,90
Discover Financial Services,Riverwoods,IL,90
DISH Network Corp.,Englewood,CO,55
DLA Piper,Baltimore,MD,100
Dole Food Co. Inc.,Westlake Village,CA,15
Dollar General Corp.,Goodlettsville,TN,70
Dollar Thrifty Automotive Group Inc.,Tulsa,OK,30
Dollar Tree Stores Inc.,Chesapeake,VA,85
Dominion Resources Inc.,Richmond,VA,90
Domino’s Pizza Inc.,Ann Arbor,MI,15
Domtar Corp.,Fort Mill,SC,15
Dorsey & Whitney LLP,Minneapolis,MN,100
Dover Corp.,Downers Grove,IL,15
Dow Chemical Co. The,MIdland,MI,70
Dr Pepper Snapple Group Inc.,Plano,TX,70
Drinker Biddle & Reath LLP,Philadelphia,PA,100
DTE Energy Co.,Detroit,MI,35
Duane Morris LLP,Philadelphia,PA,90
Duke Energy Corp.,Charlotte,NC,100
Dun & Bradstreet Corp. The,Short Hills,NJ,90
Dykema Gossett PLLC,Detroit,MI,100
E&J Gallo Winery,Modesto,CA,100
E*TRADE Financial Corp.,New York,NY,55
E. I. du Pont de Nemours and Co. (DuPont),Wilmington,DE,90
EarthLink Inc.,Atlanta,GA,55
Eastern Bank Corp.,Boston,MA,100
Eastman Chemical Co.,Kingsport,TN,15
Eastman Kodak Co.,Rochester,NY,100
eBay Inc.,San Jose,CA,100
Ecolab Inc.,St. Paul,MN,100
Edison International,Rosemead,CA,100
Edwards Wildman Palmer LLP,Boston,MA,100
Electronic Arts Inc.,Redwood City,CA,100
Eli Lilly & Co.,Indianapolis,IN,100
EMC Corp.,Hopkinton,MA,90
EMCOR Group Inc.,Norwalk,CT,85
Emerson Electric Co.,St. Louis,MO,95
Emmis Communications Corporation,Indianapolis,IN,80
Enbridge Energy Partners,Houston,TX,15
Energy Future Holdings Corp.,Dallas,TX,15
Energy Transfer Partners L.P.,Dallas,TX,15
Entergy Corp.,New Orleans,LA,65
Enterprise Holdings Inc.,St. Louis,MO,65
Enterprise Products Partners LLP,Houston,TX,60
EOG Resources,Houston,TX,30
Epstein Becker & Green PC,New York,NY,90
Erie Insurance Group,Erie,PA,95
Ernst & Young LLP,New York,NY,100
Estée Lauder Companies Inc. The,New York,NY,100
Esurance Inc.,San Francisco,CA,90
Excellus Health Plan Inc.,Rochester,NY,90
Exelis,McLean,VA,85
Exelon Corp.,Chicago,IL,90
Expedia Inc.,Bellevue,WA,80
Expeditors International of Washington DC Inc.,Seattle,WA,15
Express Scripts Inc.,St. Louis,MO,90
Exxon Mobil Corp.,Irving,TX,-25
Facebook Inc.,Menlo Park,CA,100
FactSet Research Systems Inc.,Norwalk,CT,80
Faegre Baker Daniels,Chicago,IL,100
Family Dollar Stores,Matthews,NC,30
Federal Home Loan Mortgage Corp. (Freddie Mac),McLean,VA,100
Federal National Mortgage Association (Fannie Mae),Washington DC,DC,100
Federal Reserve Bank of Atlanta,Atlanta,GA,100
Federal Reserve Bank of Boston,Boston,MA,100
Federal Reserve Bank of Cleveland,Cleveland,OH,100
Federal Reserve Bank of Richmond,Richmond,VA,100
FedEx Corp.,Memphis,TN,85
Fenwick & West LLP,Mountain View,CA,100
Fidelity National Financial Corp.,Jacksonville,FL,30
Fidelity National Information Services Inc.,Jacksonville,FL,55
Fifth & Pacific Companies Inc.,New York,NY,100
Fifth Third Bancorp,Cincinnati,OH,90
Financial Industry Regulatory Authority Inc.,Washington DC,DC,90
"Finnegan Henderson Farabow	 Garrett & Dunner LLP",Washington DC,DC,100
First Data Corp.,Atlanta,GA,100
First Horizon National Corp.,Memphis,TN,75
FirstEnergy Corp.,Akron,OH,30
Fish & Richardson PC,Boston,MA,100
Fleishman-Hillard Inc.,St. Louis,MO,80
Fluor Corp.,Irving,TX,90
FMC Technologies Inc.,Houston,TX,15
Foley & Lardner LLP,Milwaukee,WI,100
Foley Hoag LLP,Boston,MA,100
Foot Locker Inc.,New York,NY,100
Ford Motor Co.,Dearborn,MI,100
Franklin Resources Inc.,San Mateo,CA,65
Freeport-McMoRan Copper & Gold Inc.,Phoenix,AZ,90
Freescale Semiconductor Inc.,Austin,TX,100
Fried Frank Harris Shriver & Jacobson LLP,New York,NY,100
Frontier Communications,Stamford,CT,15
Frost Brown Todd LLC,Cincinnati,OH,100
Galloway Johnson Tompkins Burr & Smith PLC,New Orleans,LA,90
GameStop Corp.,Grapevine,TX,100
Gannett Co. Inc.,McLean,VA,100
Gap Inc.,San Francisco,CA,100
Gastronomy Inc.,Salt Lake City,UT,15
Genentech Inc.,South San Francisco,CA,100
General Cable Corp.,Highland Heights,KY,15
General Dynamics Corp.,Falls Church,VA,15
General Electric Co.,Fairfield,CT,100
General Mills Inc.,Minneapolis,MN,100
General Motors Co.,Detroit,MI,100
Genuine Parts Co.,Atlanta,GA,15
Genworth Financial Inc.,Richmond,VA,90
Giant Eagle Inc.,Pittsburgh,PA,75
Gibson Dunn & Crutcher LLP,Los Angeles,CA,100
Gilead Sciences Inc.,Foster City,CA,100
GlaxoSmithKline LLC,Research Triangle Park,NC,100
Global Partners,Waltham,MA,65
Goldman Sachs Group Inc. The,New York,NY,100
Goodwin Procter LLP,Boston,MA,100
Goodyear Tire & Rubber Co.,Akron,OH,60
Google Inc.,Mountain View,CA,100
Gordon & Rees LLP,San Francisco,CA,90
Goulston & Storrs,Boston,MA,100
Grant Thornton LLP,Chicago,IL,90
Graybar Electric Company Inc.,St. Louis,MO,15
Green Mountain Coffee Roasters Inc.,Waterbury,VT,85
Greenberg Traurig LLP,New York,NY,100
Group 1 Automotive,Houston,TX,90
Group Health Cooperative,Seattle,WA,100
Group Health Permanente,Seattle,WA,100
Groupon Inc.,Chicago,IL,75
Guardian Life Insurance Co. of America The,New York,NY,85
H&M Hennes & Mauritz AB,North Arlington,NJ,70
H&R Block Inc.,Kansas City,MO,75
H.E. Butt Grocery Co.,San Antonio,TX,30
H.J. Heinz Co.,Pittsburgh,PA,85
Hachette Book Group,New York,NY,65
Hain Celestial Group Inc.,Lake Success,NY,90
Halliburton Co.,Houston,TX,90
Hallmark Cards Inc.,Kansas City,MO,60
Hanesbrands Inc.,Winston-Salem,NC,80
Hanover Insurance Group Inc.,Worcester,MA,55
Harley-Davidson Inc.,Milwaukee,WI,55
Harris Corp.,Melbourne,FL,65
Harris Interactive Inc.,New York,NY,100
Harry & David Holdings Inc.,Medford,OR,55
Hartford Financial Services Group Inc.,Hartford,CT,90
Harvard Pilgrim Health Care Inc.,Wellesley,MA,100
Hasbro Inc.,Pawtucket,RI,75
Haynes and Boone LLP,Dallas,TX,100
HCA - Hospital Corporation of America,Nashville,TN,80
HD Supply,Atlanta,GA,65
Health Care Service Corp.,Chicago,IL,85
Health Management Associates Inc.,Naples,FL,30
Health Net Inc.,Woodland Hills,CA,85
Henry Schein,Melville,NY,100
HERE North America LLC,Chicago,IL,100
Herman Miller Inc.,Zeeland,MI,60
Herrick Feinstein LLP,New York,NY,100
Hershey Co. The,Hershey,PA,85
Hertz Global Holdings Inc.,Park Ridge,NJ,65
Hess Corp.,New York,NY,55
Hewlett-Packard Co.,Palo Alto,CA,90
Hilton Worldwide,McLean,VA,100
Hinshaw & Culbertson LLP,Chicago,IL,100
Hogan Lovells US LLP,Washington DC,DC,100
Holland & Hart LLP,Denver,CO,65
Holland & Knight LLP,Tampa,FL,100
HollyFrontier Corp.,Dallas,TX,30
Holme Roberts & Owen LLP,Denver,CO,100
Home Depot Inc. The,Atlanta,GA,90
Honeywell International Inc.,Morris Township,NJ,75
Horizon Healthcare Services Inc.,Newark,NJ,80
Hormel Foods Corp.,Austin,MN,80
Hospira Inc.,Lake Forest,IL,30
Host Hotels & Resorts Inc.,Bethesda,MD,65
Houghton Mifflin Harcourt Publishing Co.,Boston,MA,30
Howard & Howard Attorneys PLLC,Kalamazoo,MI,15
Howrey LLP,Washington DC,DC,100
HSBC USA,New York,NY,100
HSN Inc.,St. Petersburg,FL,85
Hughes Hubbard & Reed LLP,New York,NY,100
Humana Inc.,Louisville,KY,100
Huntington Bancshares Inc.,Columbus,OH,100
Huntington Ingalls Industries,Newport News,VA,15
Hunton & Williams LLP,Washington DC,DC,100
Huntsman Corp.,Salt Lake City,UT,40
Huron Consulting Group Inc.,Chicago,IL,100
Husch Blackwell LLP,Saint Louis,MO,100
Hyatt Hotels Corp.,Chicago,IL,100
Hyundai Motor America,Fountain Valley,CA,75
Icahn Enterprises LP,New York,NY,15
IKEA (U.S.),Conshohocken,PA,60
Illinois Tool Works Inc.,Glenview,IL,60
Imation Corp.,Oakdale,MN,60
Infosys Limited Inc.,Plano,TX,15
Ingram Micro,Santa Ana,CA,65
Ingredion Inc.,Westchester,IL,100
Insight Enterprises Inc.,Tempe,AZ,70
Intel Corp.,Santa Clara,CA,100
InterContinental Hotels Group Americas,Atlanta,GA,90
International Business Machines Corp. (IBM),Armonk,NY,100
International Paper Co.,Memphis,TN,80
Interpublic Group of Companies Inc.,New York,NY,100
INTL FCStone Inc.,New York,NY,15
Intuit Inc.,Mountain View,CA,100
Invesco Ltd.,Atlanta,GA,65
ITT Corp.,White Plains,NY,95
J.B. Hunt Transport Services Inc.,Lowell,AR,30
J. M. Smucker Co.,Orrville,OH,100
J.C. Penney Co. Inc.,Plano,TX,95
Jabil Circuit Inc.,St. Petersburg,FL,15
Jacobs Engineering Group Inc.,Pasadena,CA,50
Jarden Corp.,Boca Raton,FL,85
Jenner & Block LLP,Chicago,IL,100
JetBlue Airways Corp.,Long Island City,NY,100
JLL,Chicago,IL,100
John Hancock Financial Services Inc.,Boston,MA,100
Johnson & Johnson,New Brunswick,NJ,100
Johnson Controls Inc.,Milwaukee,WI,100
Jones Financial Companies LLP,Des Peres,MO,85
Jones Group The,New York,NY,90
Joy Global Inc.,Milwaukee,WI,15
JPMorgan Chase & Co.,New York,NY,100
K&L Gates LLP,Pittsburgh,PA,100
Kaiser Permanente,Oakland,CA,100
Katten Muchin Rosenman LLP,Chicago,IL,100
Kaye Scholer LLP,New York,NY,100
KB Home,Los Angeles,CA,90
KBR Inc.,Houston,TX,15
Keane Inc.,Boston,MA,25
Kelley Drye & Warren LLP,New York,NY,100
Kellogg Co.,Battle Creek,MI,85
Kelly Services Inc.,Troy,MI,30
Kenneth Cole Productions Inc.,New York,NY,90
Kenyon & Kenyon,New York,NY,100
KeyCorp,Cleveland,OH,85
Kilpatrick Townsend & Stockton LLP,Atlanta,GA,90
Kimberly-Clark Corp.,Irving,TX,100
Kimpton Hotel & Restaurant Group Inc.,San Francisco,CA,100
Kinder Morgan Inc.,Houston,TX,15
Kindred Healthcare,Louisville,KY,65
King & Spalding LLP,Atlanta,GA,100
Kirkland & Ellis LLP,Chicago,IL,100
KKR & Co. LP,New York,NY,15
KLA-Tencor Corp.,Milpitas,CA,35
Kohl’s Corp.,Menomonee Falls,WI,35
KPMG LLP,New York,NY,100
Kraft Foods Group Inc.,Northfield,IL,100
Kramer Levin Naftalis & Frankel LLP,New York,NY,100
Kroger Co.,Cincinnati,OH,60
Kutak Rock LLP,Omaha,NE,65
L Brands Inc.,Columbus,OH,90
L.L. Bean Inc.,Freeport,ME,65
L3 Communications Holdings Inc.,New York,NY,35
Laboratory Corporation of America Holdings,Burlington,NC,15
Laclede Group Inc. The,St. Louis,MO,80
Land O'Lakes Inc.,Arden Hills,MN,100
Las Vegas Sands Corp.,Las Vegas,NV,15
Latham & Watkins LLP,New York,NY,100
Lear Corp.,Southfield,MI,70
Lend Lease Americas Inc.,New York,NY,75
Leo Burnett Company Inc.,Chicago,IL,100
Leucadia National Corporation,New York,NY,15
Level 3 Communications Inc.,Broomfield,CO,90
Levi Strauss & Co.,San Francisco,CA,100
LexisNexis Group,Miamisburg,OH,85
Lexmark International Inc.,Lexington,KY,70
Liberty Global Inc.,Englewood,CO,100
Liberty Interactive Corp.,Englewood,CO,85
Liberty Mutual Group,Boston,MA,90
Lincoln National Corp.,Radnor,PA,90
Lindquist & Vennum LLP,Minneapolis,MN,100
Littler Mendelson PC,San Francisco,CA,100
Live Nation,Beverly Hills,CA,70
Locke Lord LLP,Dallas,TX,80
Lockheed Martin Corp.,Bethesda,MD,90
Loeb & Loeb LLP,New York,NY,75
Lowes Cos. Inc.,New York,NY,35
L'OrŽal USA Inc.,New York,NY,85
Lowe’s Companies Inc.,Mooresville,NC,85
Luce Forward Hamilton & Scripps LLP,San Diego,CA,100
M&T Bank Corp.,Buffalo,NY,70
Macy's Inc.,Cincinnati,OH,100
Manatt Phelps & Phillips LLP,Los Angeles,CA,100
ManpowerGroup,Milwaukee,WI,85
Marathon Oil Corp.,Houston,TX,85
Marathon Petroleum Corp.,Findlay,OH,15
Marriott International Inc.,Bethesda,MD,100
Mars Inc.,Mt. Olive,NJ,100
Marsh & McLennan Companies Inc.,New York,NY,100
Masco Corp.,Taylor,MI,75
Massachusetts Mutual Life Insurance Co.,Springfield,MA,100
MasterCard Inc.,Purchase,NY,100
Mattel Inc.,El Segundo,CA,85
Mayer Brown LLP,Chicago,IL,100
Mayo Clinic,Rochester,MN,75
McAfee Inc.,Santa Clara,CA,85
McCarter & English LLP,Newark,NJ,100
McDermott Will & Emery LLP,Chicago,IL,100
McDonald's Corp.,Oak Brook,IL,90
McGraw Hill Financial,New York,NY,90
McGuireWoods LLP,Richmond,VA,100
McKenna Long & Aldridge LLP,Atlanta,GA,100
McKesson Corp.,San Francisco,CA,100
McKinsey & Co. Inc.,New York,NY,100
MeadWestvaco Corp.,Richmond,VA,45
Medtronic Inc.,Minneapolis,MN,100
Meijer Inc.,Grand Rapids,MI,70
Men's Wearhouse Inc.  The,Houston,TX,100
Merck & Co. Inc.,Whitehouse Station,NJ,100
MetLife Inc.,New York,NY,100
MetroPCS,Richardson,TX,15
MGM Resorts International,Las Vegas,NV,100
Michael Best & Friedrich LLP,Milwaukee,WI,100
Microsoft Corp.,Redmond,WA,100
Milbank Tweed Hadley & McCloy LLP,New York,NY,100
MillerCoors LLC,Chicago,IL,100
Mintz Levin Cohn Ferris Glovsky & Popeo PC,Boston,MA,100
Mirant Corp.,Atlanta,GA,30
Mitchell Gold + Bob Williams,Taylorsville,NC,85
Mohawk Industries Inc.,Calhoun,GA,30
Molina Healthcare Inc.,Long Beach,CA,15
Mondelez International Inc.,East Hanover,NJ,100
Monsanto Co.,St. Louis,MO,100
Moody’s Corp.,New York,NY,100
Moore & Van Allen PLLC,Charlotte,NC,100
Morgan Lewis & Bockius LLP,Philadelphia,PA,100
Morgan Stanley,New York,NY,100
Morningstar Inc.,Chicago,IL,100
Morrison & Foerster LLP,San Francisco,CA,100
Mosaic Co.  The,Plymouth,MN,85
Motorola Solutions Inc.,Schaumburg,IL,100
MRC Global,Houston,TX,15
MSLGROUP Americas,New York,NY,90
Munger Tolles & Olson LLP,Los Angeles,CA,100
Murphy Oil,El Dorado,AR,15
Mutual of Omaha Insurance,Omaha,NE,90
Mylan Laboratories Inc.,Canonsburg,PA,100
Nash Finch,Minneapolis,MN,30
National Grid USA,Brooklyn,NY,95
National Oilwell Varco Inc.,Houston,TX,15
Nationwide,Columbus,OH,100
Navigant Consulting Inc.,Chicago,IL,100
Navistar International Corp.,Lisle,IL,40
NCR Corp.,Duluth,GA,100
Nelson Mullins Riley & Scarborough LLP,Columbia,SC,100
Nestlé Purina PetCare Co.,St. Louis,MO,95
NetApp Inc.,Sunnyvale,CA,100
Netflix Inc.,Los Gatos,CA,80
New York Life Insurance Co.,New York,NY,100
New York Times Co. The,New York,NY,100
Newell Rubbermaid Inc.,Atlanta,GA,90
Newmont Mining Corporation,Greenwood Village,CO,70
News Corp.,New York,NY,15
NextEra Energy Inc.,Juno Beach,FL,70
Nielsen Co. The,New York,NY,90
NII Holdings,Reston,VA,15
Nike Inc.,Beaverton,OR,90
NiSource Inc.,Merrillville,IN,15
Nissan North America Inc.,Franklin,TN,80
Nixon Peabody LLP,Boston,MA,100
Nordstrom Inc.,Seattle,WA,95
Norfolk Southern Corp.,Norfolk,VA,85
Nortel Networks Corp.,Richardson,TX,15
Northeast Utilities,Springfield,MA,30
Northern Trust Corp.,Chicago,IL,100
Northrop Grumman Corp.,Falls Church,VA,85
Northwestern Mutual Life Insurance,Milwaukee,WI,100
Norton Rose Fulbright,Houston,TX,100
Novartis Pharmaceuticals Corp.,East Hanover,NJ,90
NRG Energy Inc.,Princeton,NJ,100
Nucor Corp.,Charlotte,NC,70
NuStar Energy LP,San Antonio,TX,15
NV Energy Inc.,Las Vegas,NV,15
NVIDIA Corp.,Santa Clara,CA,100
NYSE Euronext Inc.,New York,NY,100
Occidental Petroleum,Los Angeles,CA,40
Office Depot Inc.,Boca Raton,FL,100
Ogilvy Group Inc. The,New York,NY,100
Ogletree Deakins Nash Smoak & Stewart,Greenville,SC,75
Old Republic International,Chicago,IL,40
O'Melveny & Myers LLP,Los Angeles,CA,100
Omnicare,Cincinnati,OH,65
Omnicom Group,New York,NY,100
ONEOK Inc.,Tulsa,OK,65
Oracle Corp.,Redwood City,CA,100
Orbitz Worldwide Inc.,Chicago,IL,100
O'Reilly Automotive Inc.,Springfield,MO,15
Orrick Herrington & Sutcliffe LLP,San Francisco,CA,100
Oshkosh Corp.,Oshkosh,WI,15
Outerwall Inc.,Bellevue,WA,90
Overstock.com Inc.,Salt Lake City,UT,80
Owens & Minor Inc.,Mechanicsville,VA,85
Owens Corning,Toledo,OH,100
Owens-Illinois Inc.,Perrysburg,OH,15
Paccar Inc.,Bellevue,WA,15
Pacific Life Insurance Co.,Newport Beach,CA,85
Pacific Medical Centers,Seattle,WA,100
PacifiCorp,Portland,OR,55
Palm Management Corp.,Washington DC,DC,100
Parker Hannifin Corp.,Cleveland,OH,30
Patterson Belknap Webb & Tyler LLP,New York,NY,100
Patterson Companies (Patterson Dental Supply),St. Paul,MN,55
Patton Boggs LLP,Washington DC,DC,100
Paul Hastings LLP,Los Angeles,CA,100
Paul Weiss Rifkind Wharton & Garrison LLP,New York,NY,100
PBF Energy,Parsippany,NJ,10
Peabody Energy Corp.,St. Louis,MO,15
Pearson Inc.,Upper Saddle River,NJ,80
Penske Automotive Group,Bloomfield Hills,MI,65
Pep Boys-Manny Moe & Jack,Philadelphia,PA,85
Pepco Holdings Inc.,Washington DC,DC,100
Pepper Hamilton LLP,Philadelphia,PA,100
PepsiCo Inc.,Purchase,NY,100
Perkins + Will Inc.,Chicago,IL,45
Perkins Coie LLP,Seattle,WA,100
Penrod Ricard USA LLC,New York,NY,30
Peter Kiewit Sons’ Inc.,Omaha,NE,15
PetSmart Inc.,Phoenix,AZ,85
Pfizer Inc.,New York,NY,100
PG&E Corp.,San Francisco,CA,100
Philip Morris International Inc.,New York,NY,15
Phillips 66,Houston,TX,15
Pillsbury Winthrop Shaw Pittman LLP,New York,NY,100
Pinnacle West Capital,Phoenix,AZ,80
Pitney Bowes Inc.,Stamford,CT,85
Plains All American Pipeline L.P.,Houston,TX,30
PNC Financial Services Group Inc.,Pittsburgh,PA,100
PNM Resources Inc.,Albuquerque,NM,35
Polaroid Corp.,Waltham,MA,30
Polsinelli Shughart PC,Kansas City,MO,100
Portland General Electric Co.,Portland,OR,70
PPG Industries Inc.,Pittsburgh,PA,75
PPL Corp.,Allentown,PA,65
Praxair Inc.,Danbury,CT,30
Precision Castparts Corp.,Portland,OR,15
priceline.com Inc.,Norwalk,CT,90
PricewaterhouseCoopers LLP,New York,NY,100
Principal Financial Group,Des Moines,IA,90
Procter & Gamble Co.,Cincinnati,OH,100
Progressive Corp. The,Mayfield Village,OH,100
Proskauer Rose LLP,New York,NY,90
Prudential Financial Inc.,Newark,NJ,100
Public Service Enterprise Group,Newark,NJ,100
Publicis Healthcare Communications,New York,NY,90
Publicis Inc.,New York,NY,100
Publix Super Markets,Lakeland,FL,45
PVH Corp.,New York,NY,70
Quaintance-Weaver Inc.,Greensboro,NC,65
QUALCOMM Inc.,San Diego,CA,100
Quanta Services,Houston,TX,15
Quarles & Brady LLP,Milwaukee,WI,100
Quest Diagnostics Inc.,Madison,NJ,90
Quinn Emanuel Urquhart & Sullivan LLP,Los Angeles,CA,100
R.R. Donnelley & Sons Co.,Chicago,IL,45
RadioShack Corp.,Fort Worth,TX,15
Ralph Lauren Corp.,New York,NY,90
Raymond James Financial Inc.,St. Petersburg,FL,100
Raytheon Co.,Waltham,MA,100
RazorFish,Seattle,WA,100
RBC Capital Markets LLC,New York,NY,100
RBC Wealth Management,Minneapolis,MN,100
RBS Securities Inc.,Stamford,CT,100
Re:Sources USA Inc.,Long Island City,NY,100
Realogy Holdings Corp.,Madison,NJ,90
Recreational Equipment Inc.,Kent,WA,100
Reed Smith LLP,Pittsburgh,PA,90
Regal Entertainment Group,Knoxville,TN,35
Regions Financial Corp.,Birmingham,AL,30
Reinsurance Group of America Inc.,Chesterfield,MO,30
Reliance Steel & Aluminum Co.,Los Angeles,CA,30
Replacements Ltd.,McLeansville,NC,100
Republic Services Inc.,Phoenix,AZ,30
Reynolds American Inc.,Winston-Salem,NC,85
Rite Aid Corp.,Camp Hill,PA,30
Robert Half International Inc.,Menlo Park,CA,100
Robert W. Baird & Co. Incorporated,Milwaukee,WI,100
"Robins Kaplan	MIller & Ciresi LLP",Minneapolis,MN,100
Rock-Tenn Company,Norcross,GA,80
Rockwell Automation Inc.,Milwaukee,WI,80
Rockwell Collins Inc.,Cedar Rapids,IA,75
Ropes & Gray LLP,Boston,MA,100
Ross Stores Inc.,Dublin,CA,30
Royal Caribbean Cruises Ltd.,Miami,FL,85
RRI Energy Inc.,Houston,TX,15
Ryder System Inc.,Miami,FL,80
Ryland Group Inc. The,Calabasas,CA,25
S.C. Johnson & Son Inc.,Racine,WI,100
Sabre Holdings Inc.,Southlake,TX,80
Safeway Inc.,Pleasanton,CA,100
SAIC Inc.,McLean,VA,15
salesforce.com Inc.,San Francisco,CA,100
SanDisk Corp.,Milpitas,CA,30
Sanmina-SCI,San Jose,CA,15
Sanofi-Aventis U.S. LLC,Bridgewater,NJ,85
SAP America Inc.,Newtown Square,PA,100
Sapient Corp.,Boston,MA,100
Saul Ewing LLP,Philadelphia,PA,100
Sbe,LA,CA,85
Schiff Hardin LLP,Chicago,IL,100
Scholastic Corp.,New York,NY,75
Schulte Roth & Zabel LLP,New York,NY,100
Seaboard Corp.,Shawnee Mission,KS,15
Seagate Technology LLC,Scotts Valley,CA,60
Sealed Air Corp.,Elmwood Park,NJ,50
Sears Holdings Corp.,Hoffman Estates,IL,15
Sedgwick LLP,San Francisco,CA,100
Selective Insurance Group,Branchville,NJ,30
Sempra Energy,San Diego,CA,100
Severn Trent Services Inc.,Fort Washington DC,PA,50
Seyfarth Shaw LLP,Chicago,IL,100
Shearman & Sterling LLP,New York,NY,100
Shell Oil Co.,Houston,TX,100
Sheppard Mullin Richter & Hampton LLP,Los Angeles,CA,100
Sherwin-Williams Co.,Cleveland,OH,30
Shook Hardy & Bacon LLP,Kansas City,MO,100
Sidley Austin LLP,Chicago,IL,100
Simon Property Group Inc.,Indianapolis,IN,100
Simpson Thacher & Bartlett LLP,New York,NY,100
SIRIUS XM Radio Inc.,New York,NY,100
Skadden Arps Slate Meagher & Flom LLP,New York,NY,100
Slalom Consulting,Seattle,WA,90
SLM Corp. (Sallie Mae),Newark,DE,15
Smithfield Foods Inc.,Smithfield,VA,15
Snell & Wilmer,Phoenix,AZ,85
Sodexo Inc.,Gaithersburg,MD,100
Software AG USA Inc.,Reston,VA,100
Software House International,Somerset,NJ,85
Sonic Automotive Inc.,Charlotte,NC,15
Sony Computer Entertainment America LLC,Foster City,CA,95
Sony Electronics Inc.,San Diego,CA,90
Sony Pictures Entertainment Inc.,Culver City,CA,100
Southern California Edison Co.,Rosemead,CA,90
Southern Co.,Atlanta,GA,70
Southwest Airlines Co.,Dallas,TX,100
Spectra Energy Corp.,Houston,TX,90
Spectrum Group International Inc.,Irvine,CA,15
Sprint Nextel Corp.,Overland Park,KS,100
SPX Corp.,Charlotte,NC,85
Squire Patton Boggs,Cleveland,OH,100
SRA International Inc.,Fairfax,VA,100
St. Jude Medical Inc.,St. Paul,MN,75
Standard Insurance Company,Portland,OR,90
Stanley Black & Decker Inc.,New Britain,CT,75
Staples Inc.,Framingham,MA,100
Starbucks Corp.,Seattle,WA,100
Starcom MediaVest Group,Chicago,IL,100
Starwood Hotels & Resorts Worldwide,Stamford,CT,100
State Farm Group,Bloomington,IL,100
State Street Corp.,Boston,MA,100
Steel Dynamics Inc.,Fort Wayne,IN,30
Steelcase Inc.,Grand Rapids,MI,90
Steptoe & Johnson LLP,Washington DC,DC,100
Stinson Leonard Street LLP,Kansas City,MO,100
Stoel Rives LLP,Portland,OR,100
Stryker Corp.,Kalamazoo,MI,65
Subaru of America Inc.,Cherry Hill,NJ,90
Sullivan & Cromwell LLP,New York,NY,100
Sun Life Financial Inc. (U.S.),Wellesley Hills,MA,100
SunPower Corp.,San Jose,CA,75
SunTrust Banks Inc.,Atlanta,GA,100
Supervalu Inc.,Eden Prairie,MN,90
Susser Holdings,Corpus Christi,TX,30
Sutherland Asbill & Brennan LLP,Atlanta,GA,100
Symantec Corp.,Mountain View,CA,100
SYNNEX Corp.,Fremont,CA,30
SYSCO Corp.,Houston,TX,15
T. Rowe Price Associates Inc.,Baltimore,MD,100
Targa Resources Corp.,Houston,TX,90
Target Corp.,Minneapolis,MN,100
TD Bank N.A.,Wilmington,DE,100
TIAA-CREF,New York,NY,100
Tech Data Corp.,Clearwater,FL,15
Telephone & Data Systems Inc. (U.S. Cellular),Chicago,IL,50
Tenet Healthcare Corp.,Dallas,TX,90
Tenneco Inc.,Lake Forest,IL,55
Terex Corp.,Westport,CT,30
Tesla Motors Inc.,Palo Alto,CA,90
Tesoro Corp.,San Antonio,TX,90
Texas Instruments Inc.,Dallas,TX,90
Textron Inc.,Providence,RI,75
The Cosmopolitan of Las Vegas,Las Vegas,NV,100
The Shaw Group Inc.,Baton Rouge,LA,15
The Wendy’s Co.,Dublin,OH,60
Thermo Fisher Scientific Inc.,Waltham,MA,85
Thompson Coburn LLP,Saint Louis,MO,100
Thompson Hine LLP,Cleveland,OH,100
Thomson Reuters,New York,NY,100
Thrivent Financial,Minneapolis,MN,45
Tiffany & Co.,New York,NY,100
Time Warner Cable Inc.,New York,NY,100
Time Warner Inc.,New York,NY,100
Timken Co. The,Canton,OH,35
TJX Companies Inc. The,Framingham,MA,80
T-Mobile USA Inc.,Bellevue,WA,100
Towers Watson & Co.,Arlington,VA,100
Toyota Financial Services,Torrance,CA,85
Toyota Motor Sales USA Inc.,Torrance,CA,85
Toys ‘R’ Us Inc.,Wayne,NJ,90
Transamerica Corp.,Cedar Rapids,IA,100
Travel Impressions Ltd.,Farmingdale,NY,15
TravelCenters of America LLC,Westlake,OH,15
Travelers Companies Inc. The,New York,NY,100
Travelport LP,Parsippany,NJ,30
Tropicana Las Vegas,Las Vegas,NV,100
Troutman Sanders LLP,Atlanta,GA,100
True Value Co.,Chicago,IL,100
TRW Automotive Holdings Corp.,Livonia,MI,75
Turner Construction Co.,New York,NY,90
Tyson Foods Inc.,Springdale,AR,25
U.S. Bancorp,Minneapolis,MN,100
UBM plc,Manhasset,NY,90
UBS AG,New York,NY,100
UGI Corp.,King of Prussia,PA,35
Ultimate Software Group Inc. The,Weston,FL,100
Unilever,Englewood Cliffs,NJ,100
Union Bank,San Francisco,CA,90
Union Pacific Corp.,Omaha,NE,90
Unisys Corp.,Blue Bell,PA,100
United Airlines,Chicago,IL,95
United Natural Foods Inc.,Providence,RI,30
United Parcel Service,Atlanta,GA,90
United Services Automobile Association,San Antonio,TX,100
United States Steel Corp.,Pittsburgh,PA,15
United Stationers Inc.,Deerfield,IL,15
United Technologies Corp.,Hartford,CT,100
UnitedHealth Group Inc.,Minnetonka,MN,100
Universal Health Services,King of Prussia,PA,55
Unum Group,Chattanooga,TN,100
URS Corp.,San Francisco,CA,95
US Airways Group Inc.,Tempe,AZ,90
US Foods Inc.,Rosemont,IL,95
Valassis Communications Inc.,Livonia,MI,55
Valero Energy Corp.,San Antonio,TX,15
Vanguard Group Inc.,Malvern,PA,90
Vanguard Health Systems,Nashville,TN,15
Verizon Communications Inc.,New Jersey,NJ,100
Viacom Inc.,New York,NY,100
Vinson & Elkins LLP,Houston,TX,100
Virgin America,Burlingame,CA,100
Visa,San Francisco,CA,100
Visteon Corp.,Van Buren Township,MI,90
Volkswagen Group of America Inc.,Herndon,VA,40
Vorys Sater Seymour and Pease LLP,Columbus,OH,100
Voya Financial,New York,NY,100
W.R. Berkley,Greenwich,CT,15
W.W. Grainger Inc.,Lake Forest,IL,100
Wachtell Lipton Rosen & Katz,New York,NY,100
Waddell & Reed Financial Inc.,Overland Park,KS,65
Walgreen Co.,Deerfield,IL,80
Wal-Mart Stores Inc.,Bentonville,AR,90
Walt Disney Co. The,Burbank,CA,100
Washington DC Post Co.,Washington DC,DC,20
Waste Management Inc.,Houston,TX,90
Wawa Inc.,Wawa,PA,65
Weil Gotshal & Manges LLP,New York,NY,100
WellCare Health Plans Inc.,Tampa,FL,30
WellPoint Inc.,Indianapolis,IN,90
Wells Fargo & Co.,San Francisco,CA,100
WESCO International Inc.,Pittsburgh,PA,55
Western & Southern Financial Group,Cincinnati,OH,30
Western Digital Corp.,Irvine,CA,45
Western Refining Inc.,El Paso,TX,15
Western Union Co. The,Englewood,CO,30
Weyerhaeuser Co.,Federal Way,WA,100
Whirlpool Corp.,Benton Harbor,MI,85
White & Case LLP,New York,NY,100
Whole Foods Market Inc.,Austin,TX,80
Wildman Harrold Allen & Dixon LLP,Chicago,IL,35
Williams Companies Inc.,Tulsa,OK,95
Williams Mullen PC,Richmond,VA,65
Williams-Sonoma Inc.,San Francisco,CA,90
Willkie Farr & Gallagher LLP,New York,NY,100
Wilmer Cutler Pickering Hale & Dorr LLP,Washington DC,DC,100
Wilson Sonsini Goodrich & Rosati PC,Palo Alto,CA,100
Windstream Corp.,Little Rock,AR,15
Winn-Dixie Stores Inc.,Jacksonville,FL,45
Winston & Strawn LLP,Chicago,IL,100
Wisconsin Energy Corp.,Milwaukee,WI,45
Womble Carlyle Sandridge & Rice LLP,Winston-Salem,NC,100
World Fuel Services,Miami,FL,30
WPP Group USA,New York,NY,35
Wyeth,Madison,NJ,30
Wyndham Worldwide Corp.,Parsippany,NJ,85
Wynn Resorts Ltd.,Las Vegas,NV,100
Xcel Energy Inc.,Minneapolis,MN,85
Xerox Corp.,Norwalk,CT,100
Xylem Inc.,White Plains,NY,65
Yahoo! Inc.,Sunnyvale,CA,100
Yelp Inc.,San Francisco,CA,100
Young's Market Co.,Tustin,CA,80
YRC Worldwide Inc.,Overland Park,KS,35
Yum! Brands Inc.,Louisville,KY,80
ZenithOptimedia,New York,NY,100
Zurich North America,Schaumburg,IL,65