Employer,City,State,CEI Rating
3M Co.,St. Paul,MN,100
A.T. Kearney Inc.,Chicago,IL,100
A|X Armani Exchange,New York,NY,100
AAA Northern California Nevada & Utah Insurance Exchange,Walnut Creek,CA,100
Abbott Laboratories,Abbott Park,IL,60
Abercrombie & Fitch Co.,New Albany,OH,100
Accenture Ltd.,New York,NY,100
Acer Inc.,Irvine,CA,90
Adecco North America LLC,Melville,NY,30
Adobe Systems Inc.,San Jose,CA,90
Advance Auto Parts (Advance Holding),Roanoke,VA,30
Advanced Micro Devices Inc.,Sunnyvale,CA,65
AECOM Technology Corp.,Los Angeles,CA,90
AEGON USA Inc.,Cedar Rapids,IA,85
Aéropostale Inc.,New York,NY,100
AES Corp. The,Arlington,VA,15
Aetna Inc.,Hartford,CT,100
AFLAC Inc.,Columbus,GA,75
Agco,Duluth,GA,45
Agilent Technologies Inc.,Santa Clara,CA,90
Ahold USA Inc.,Quincy,MA,55
AIG,New York,NY,100
Air Products & Chemicals Inc.,Allentown,PA,85
AK Steel Holding Corp.,West Chester,OH,30
Akin  Gump Strauss Hauer & Feld LLP,Washington DC,DC,100
Alaska Air Group Inc.,Seattle,WA,90
Alcatel-Lucent,Murray Hill,NJ,90
Alcoa Inc.,New York,NY,100
Aleris International Inc.,Cleveland,OH,15
Allegheny Energy Inc.,Greensburg,PA,15
Allegheny Technologies Inc.,Pittsburgh,PA,30
Allergan Inc.,Irvine,CA,15
Alliant Energy Corp.,Madison,WI,85
Alliant Techsystems Inc.,Arlington,VA,50
Allianz Life Insurance Co. of North America,Minneapolis,MN,100
Allscripts-Misys Healthcare Solutions Inc.,Chicago,IL,30
Allstate Corp. The,Northbrook,IL,85
Ally Financial Inc.,Detroit,MI,15
Alpha Natural Resources Inc.,Bristol,VA,15
Alston & Bird LLP,Atlanta,GA,100
Altria Group Inc.,Richmond,VA,80
Amazon.com Inc.,Seattle,WA,80
AMC Entertainment Inc.,Leawood,KS,100
Ameren Corp.,St. Louis,MO,85
American Eagle Outfitters Inc.,Pittsburgh,PA,100
American Electric Power Co. Inc.,Columbus,OH,85
American Express Co.,New York,NY,100
American Family Insurance Group,Madison,WI,55
Amerigroup Corp.,Virginia Beach,VA,30
Ameriprise Financial Inc.,Minneapolis,MN,100
AmerisourceBergen Corp.,Chesterbrook,PA,60
Amgen Inc.,Thousand Oaks,CA,55
AMR Corp. (American Airlines),Fort Worth,TX,100
Anadarko Petroleum,The Woodlands,TX,60
Andrews Kurth LLP,Houston,TX,100
Anheuser-Busch Companies Inc.,St. Louis,MO,90
Anixter International Inc.,Glenview,IL,30
AOL,New York,NY,100
Aon Corp.,Chicago,IL,100
Apache Corp.,Houston,TX,30
Apple Inc.,Cupertino,CA,100
Applied Materials Inc.,Santa Clara,CA,90
Aramark Corp.,Philadelphia,PA,90
Archer Daniels Midland Co.,Decatur,IL,35
Arent Fox LLP,Washington DC,DC,100
Arnold & Porter LLP,Washington DC,DC,100
Arrow Electronics,Englewood,CO,15
ArvinMeritor Inc.,Troy,MI,15
Ashland Inc.,Covington,KY,15
Assurant,New York,NY,85
Astellas Pharma US Inc.,Deerfield,IL,55
AstraZeneca PLC,Wilmington,DE,85
AT&T Inc.,Dallas,TX,100
Austin Radiological Assn.,Austin,TX,40
Autoliv Inc.,Auburn Hills,MI,30
Automatic Data Processing Inc.,Roseland,NJ,100
AutoNation Inc.,Fort Lauderdale,FL,15
Auto-Owners Insurance Group,Lansing,MI,0
AutoZone Inc.,Memphis,TN,30
Avaya Inc.,Basking Ridge,NJ,30
Avery Dennison,Pasadena,CA,15
Avis Budget Group Inc.,Parsippany,NJ,15
Avnet Inc.,Phoenix,AZ,70
Avon Products Inc.,New York,NY,100
AXA Equitable Life Insurance Company,New York,NY,100
B J's Wholesale Club,Westborough,MA,35
BAE Systems Inc.,Arlington,VA,85
Bain & Co. Inc./Bridgespan Group,Boston,MA,100
Baker & Hostetler LLP,Cleveland,OH,90
Baker & McKenzie LLP,Chicago,IL,100
Baker Botts LLP,Houston,TX,90
Baker Hughes Inc.,Houston,TX,90
Baker Donelson Bearman Caldwell & Berkowitz PC,Memphis,TN,85
Baldor Electric Co.,Fort Smith,AR,25
Ball Corp.,Broomfield,CO,85
Ballard Spahr LLP,Philadelphia,PA,90
Bank of America Corp.,Charlotte,NC,100
Bank of New York Mellon Corp. The,New York,NY,100
Barclays,New York,NY,100
Barnes & Noble Inc.,New York,NY,100
BASF Corp.,Florham Park,NJ,100
Bausch & Lomb Inc.,Rochester,NY,55
Baxter International Inc.,Deerfield,IL,80
Bayer Corp.,Pittsburgh,PA,80
BB&T Corp.,Winston-Salem,NC,80
Becton Dickinson and Co.,Franklin Lakes,NJ,30
Bed Bath & Beyond Inc.,Union,NJ,30
Bemis Co. Inc.,Neenah,WI,15
Berkshire Hathaway Inc.,Omaha,NE,0
Best Buy Co. Inc.,Richfield,MN,100
Big Lots,Columbus,OH,100
Bingham McCutchen LLP,Boston,MA,100
Biogen Idec Inc.,Weston,MA,90
Black & Veatch Corp.,Overland Park,KS,65
BlackRock,New York,NY,100
Bloomin' Brands Inc.,Tampa,FL,70
Blue Cross Blue Shield of Florida Inc.,Jacksonville,FL,90
Blue Cross Blue Shield of Michigan,Detroit,MI,85
Blue Cross Blue Shield of Minnesota,Eagan,MN,100
Blue Cross Blue Shield of North Carolina,Durham,NC,100
Blue Cross Blue Shield of Rhode Island,Providence,RI,85
BMC HealthNet Plan,Boston,MA,60
BMC Software Inc.,Houston,TX,90
BMO Bankcorp Inc.,Chicago,IL,90
BNP Paribas,New York,NY,100
Bob Evans Farms Inc.,Columbus,OH,75
Boehringer Ingelheim USA Corp.,Ridgefield,CT,100
Boeing Co.,Chicago,IL,100
Bon-Ton Stores Inc.,York,PA,100
Booz Allen Hamilton Inc.,McLean,VA,100
BorgWarner Inc.,Auburn Hills,MI,30
Boston Consulting Group,Boston,MA,100
Boston Scientific Corp.,Natick,MA,65
BP America Inc.,Houston,TX,90
Bracewell & Giuliani,Houston,TX,90
Bridgestone Americas Holding Inc.,Nashville,TN,70
Bright Horizons Family Solutions Inc.,Watertown,MA,85
Brinker International Inc.,Dallas,TX,70
Bristol-Myers Squibb Co.,New York,NY,100
Broadcom Corp.,Irvine,CA,65
Broadridge Financial Solutions Inc.,Lake Success,NY,100
Brown Brothers Harriman & Co.,New York,NY,65
Brown Rudnick LLP,Boston,MA,100
Brown Shoe Company Inc.,St. Louis,MO,60
Brown-Forman Corp.,Louisville,KY,100
Bryan Cave LLP,Saint Louis,MO,100
Burger King Corp.,Miami,FL,55
Burlington Coat Factory Warehouse Corp.,Burlington,NJ,0
Burlington Northern Santa Fe Corp.,Fort Worth,TX,0
C&S Wholesale Grocers Inc.,Keene,NH,0
C. H. Robinson Worldwide,Eden Prairie,MN,15
CA Technologies Inc.,Islandia,NY,100
Cablevision Systems Corp.,Bethpage,NY,15
Cadwalader Wickersham & Taft LLP,New York,NY,100
Caesars Entertainment Corp.,Las Vegas,NV,100
Calpine Corp.,Houston,TX,90
Cameron International Corp.,Houston,TX,0
Campbell Soup Co.,Camden,NJ,100
Canadian Imperial Bank of Commerce,New York,NY,100
Capgemini U.S. LLC,New York,NY,90
Capital One Financial Corp.,McLean,VA,100
Cardinal Health Inc.,Dublin,OH,100
CareFusion Corp.,San Diego,CA,100
Cargill Inc.,Wayzata,MN,90
Caribou Coffee Company Inc.,Minneapolis,MN,55
Carlson Companies Inc.,Minnetonka,MN,85
Carlton Fields PA,Tampa,FL,100
CarMax Inc.,Richmond,VA,100
Carnival Corp.,Miami,FL,85
Casey's General Stores Inc.,Ankeny,IA,0
Catalyst Health Solutions Inc.,Rockville,MD,15
Caterpillar Inc.,Peoria,IL,90
CBRE Inc.,Los Angeles,CA,100
CBS Corp.,New York,NY,100
CC Media Holdings Inc. (Clear Channel),San Antonio,TX,75
CDW Corp.,Vernon Hills,IL,90
Celanese Corp.,Dallas,TX,15
Celgene Corp.,Summit,NJ,30
Centene Corp.,St. Louis,MO,0
CenterPoint Energy Inc.,Houston,TX,90
CenturyLink Inc.,Monroe,LA,0
Cerner Corp.,Kansas City,MO,90
CF Industries Holdings Inc.,Deerfield,IL,90
CH2M HILL Companies Ltd.,Englewood,CO,90
Chadbourne & Parke LLP,New York,NY,100
Chamberlin Edmonds & Associates Inc.,Atlanta,GA,90
Chapman and Cutler LLP,Chicago,IL,100
Charles Schwab Corp. The,San Francisco,CA,100
Charter Communications,St. Louis,MO,15
Chesapeake Energy Corp.,Oklahoma City,OK,15
Chevron Corp.,San Ramon,CA,100
Chipotle Mexican Grill Inc.,Denver,CO,75
Choate Hall & Stewart LLP,Boston,MA,100
Choice Hotels International Inc.,Rockville,MD,100
Chrysler Group LLC,Auburn Hills,MI,100
CHS Inc.,Inver Grove Heights,MN,0
Chubb Corp.,Warren,NJ,100
CIGNA Corp.,Bloomfield,CT,100
Cisco Systems Inc.,San Jose,CA,100
CIT Group Inc.,New York,NY,15
Citigroup Inc.,New York,NY,100
Classified Ventures LLC,Chicago,IL,90
Cleary Gottlieb Steen & Hamilton LLP,New York,NY,100
Cleveland-Cliffs Inc.,Cleveland,OH,15
Clifford Chance US LLP,New York,NY,100
Clorox Co.,Oakland,CA,85
CMS Energy Services,Jackson,MI,35
CNA Insurance,Chicago,IL,85
Coach Inc.,New York,NY,75
Coca-Cola Co. The,Atlanta,GA,90
Cognizant Technology Solutions Corp.,Teaneck,NJ,35
Colgate-Palmolive Co.,New York,NY,100
Comcast Corp.,Philadelphia,PA,100
Comerica Inc.,Dallas,TX,90
Commercial Metals,Irving,TX,15
Community Health Systems Inc.,Franklin,TN,30
Compass Bancshares Inc. (BBVA Compass),Birmingham,AL,65
Compass Group USA Inc.,Charlotte,NC,65
Computer Sciences Corp. (CSC),Falls Church,VA,85
Compuware Corp.,Detroit,MI,60
ConAgra Foods Inc.,Omaha,NE,95
ConocoPhillips,Houston,TX,55
Consol Energy Inc.,Canonsburg,PA,15
Consolidated Edison Co.,New York,NY,90
Constellation Energy Group Inc.,Baltimore,MD,90
Convergys Corp.,Cincinnati,OH,30
Con-way Inc.,Ann Arbor,MI,30
Cooley LLP,Palo Alto,CA,100
Cooper Tire & Rubber Co.,Findlay,OH,25
Corbis Corp.,Seattle,WA,90
CoreLogic,Santa Ana,CA,90
Core-Mark Holding Company Inc.,South San Francisco,CA,0
Corn Products International Inc.,Westchester,IL,60
Corning Inc.,Corning,NY,100
Costco Wholesale Corp.,Issaquah,WA,90
Coventry Health Care,Bethesda,MD,15
Covington & Burling LLP,Washington DC,DC,100
Cox Enterprises Inc.,Atlanta,GA,90
Cracker Barrel Old Country Store Inc.,Lebanon,TN,45
Crate and Barrel / CB2,Northbrook,IL,85
Cravath Swaine & Moore LLP,New York,NY,90
Credit Suisse USA Inc.,New York,NY,90
Crowell & Moring LLP,Washington DC,DC,100
Crown Holdings,Philadelphia,PA,30
CSX Corp.,Jacksonville,FL,85
Cummins Inc.,Columbus,IN,100
CUNA Mutual Insurance Group,Madison,WI,30
CVR Energy Inc.,Sugar Land,TX,15
CVS Caremark Corp.,Woonsocket,RI,85
Dana Holding Corp.,Maumee,OH,30
Danaher Corp.,Washington DC,DC,100
Darden Restaurants Inc.,Orlando,FL,100
Davis Polk & Wardwell LLP,New York,NY,100
Davis Wright Tremaine LLP,Seattle,WA,75
DaVita Inc.,Denver,CO,30
Day Pitney LLP,Hartford,CT,80
Dean Foods Co.,Dallas,TX,30
Debevoise & Plimpton LLP,New York,NY,100
Dechert LLP,Philadelphia,PA,100
Deere & Co.,Moline,IL,65
Delhaize America Inc.,Salisbury,NC,100
Dell Inc.,Round Rock,TX,100
Deloitte LLP,New York,NY,100
Delta Air Lines Inc.,Atlanta,GA,90
Dentons US LLP,New York,NY,100
Depository Trust & Clearing Corp. The,New York,NY,100
Deutsche Bank,New York,NY,100
Devon Energy Corp.,Oklahoma City,OK,30
Diageo North America,Norwalk,CT,100
Dick's Sporting Goods Inc.,Coraopolis,PA,30
Dickstein Shapiro LLP,Washington DC,DC,100
Digitas Inc.,Boston,MA,100
Dillard's Inc.,Little Rock,AR,30
DIRECTV,El Segundo,CA,95
Discover Financial Services,Riverwoods,IL,100
DISH Network Corp.,Englewood,CO,30
DLA Piper,Baltimore,MD,100
Dole Food Co. Inc.,Westlake Village,CA,30
Dollar General Corp.,Goodlettsville,TN,70
Dollar Thrifty Automotive Group Inc.,Tulsa,OK,85
Dollar Tree Stores Inc.,Chesapeake,VA,30
Dominion Resources Inc.,Richmond,VA,85
Domino's Pizza Inc.,Ann Arbor,MI,35
Domtar Corp.,Fort Mill,SC,15
Dorsey & Whitney LLP,Minneapolis,MN,100
Dover Corp.,Downers Grove,IL,15
Dow Chemical Co. The,Midland,MI,100
Dr Pepper Snapple Group Inc.,Plano,TX,90
Drinker Biddle & Reath LLP,Philadelphia,PA,100
DTE Energy Co.,Detroit,MI,90
Duane Morris LLP,Philadelphia,PA,100
Duke Energy Corp.,Charlotte,NC,90
Dun & Bradstreet Corp. The,Short Hills,NJ,30
Dykema Gossett PLLC,Detroit,MI,100
E&J Gallo Winery,Modesto,CA,100
E*TRADE Financial Corp.,New York,NY,55
E. I. du Pont de Nemours and Co. (DuPont),Wilmington,DE,100
EarthLink Inc.,Atlanta,GA,55
Eastern Bank Corp.,Boston,MA,100
Eastman Chemical Co.,Kingsport,TN,15
Eastman Kodak Co.,Rochester,NY,100
Eaton Corp.,Cleveland,OH,15
eBay Inc.,San Jose,CA,100
Ecolab Inc.,St. Paul,MN,100
Edison International,Rosemead,CA,15
Edwards Wildman Palmer LLP,Boston,MA,100
El Paso Corp.,Houston,TX,15
Electronic Arts Inc.,Redwood City,CA,100
Eli Lilly & Co.,Indianapolis,IN,100
EMC Corp.,Hopkinton,MA,100
EMCOR Group Inc.,Norwalk,CT,15
Emerson Electric Co.,St. Louis,MO,90
Emmis Communications Corp.,Indianapolis,IN,75
Enbridge Energy Partners,Houston,TX,15
Energy Future Holdings Corp.,Dallas,TX,15
Energy Transfer Partners L.P.,Dallas,TX,15
Entergy Corp.,New Orleans,LA,80
Enterprise Holdings Inc.,St. Louis,MO,65
Enterprise Products Partners L.P.,Houston,TX,15
EOG Resources,Houston,TX,15
Epstein Becker & Green PC,New York,NY,100
Erie Insurance Group,Erie,PA,30
Ernst & Young LLP,New York,NY,95
Estée Lauder Companies Inc. The,New York,NY,90
Esurance Inc.,San Francisco,CA,95
Excellus Health Plan Inc.,Rochester,NY,30
Exelis,McLean,VA,30
Exelon Corp.,Chicago,IL,100
Expedia Inc.,Bellevue,WA,90
Expeditors International of Washington DC Inc.,Seattle,WA,15
Express Scripts Inc.,St. Louis,MO,70
Exxon Mobil Corp.,Irving,TX,-25
FactSet Research Systems Inc.,Norwalk,CT,80
Faegre Baker Daniels,Minneapolis,MN,100
Family Dollar Stores,Matthews,NC,30
Federal Home Loan Mortgage Corp. (Freddie Mac),McLean,VA,100
Federal National Mortgage Association (Fannie Mae),Washington DC,DC,100
Federal Reserve Bank of Boston,Boston,MA,80
Federal Reserve Bank of Cleveland,Cleveland,OH,80
Federal Reserve Bank of Richmond,Richmond,VA,80
FedEx Corp.,Memphis,TN,85
Fenwick & West LLP,Mountain View,CA,100
Fidelity National Financial Corp.,Jacksonville,FL,30
Fidelity National Information Services Inc.,Jacksonville,FL,80
Fifth & Pacific Companies Inc.,New York,NY,85
Fifth Third Bancorp,Cincinnati,OH,90
Financial Industry Regulatory Authority Inc.,Washington DC,DC,90
Finnegan Henderson Farabow Garrett & Dunner LLP,Washington DC,DC,100
First Data Corp.,Atlanta,GA,45
First Horizon National Corp.,Memphis,TN,70
FirstEnergy Corp.,Akron,OH,15
Fish & Richardson PC,Boston,MA,100
Fluor Corp.,Irving,TX,15
FMC Technologies Inc.,Houston,TX,15
Foley & Lardner LLP,Milwaukee,WI,100
Foley Hoag LLP,Boston,MA,100
Foot Locker Inc.,New York,NY,100
Ford Motor Co.,Dearborn,MI,100
Franklin Resources Inc.,San Mateo,CA,80
Freeport-McMoRan Copper & Gold Inc.,Phoenix,AZ,40
Freescale Semiconductor Inc.,Austin,TX,80
Fried Frank Harris Shriver & Jacobson LLP,New York,NY,100
Frontier Communications,Stamford,CT,15
Frost Brown Todd LLC,Cincinnati,OH,90
Fulbright & Jaworski LLP,Houston,TX,100
Galloway Johnson Tompkins Burr & Smith PC,New Orleans,LA,15
GameStop Corp.,Grapevine,TX,15
Gannett Co. Inc.,McLean,VA,45
Gap Inc.,San Francisco,CA,100
Gastronomy Inc.,Salt Lake City,UT,70
Genentech Inc.,South San Francisco,CA,100
General Cable Corp.,Highland Heights,KY,15
General Dynamics Corp.,Falls Church,VA,85
General Electric Co.,Fairfield,CT,90
General Mills Inc.,Minneapolis,MN,100
General Motors Co.,Detroit,MI,100
Genuine Parts Co.,Atlanta,GA,15
Genworth Financial Inc.,Richmond,VA,65
Gibson Dunn & Crutcher LLP,Los Angeles,CA,100
Gilead Sciences Inc.,Foster City,CA,0
GlaxoSmithKline LLC,Research Triangle Park,NC,100
Global Partners,Waltham,MA,15
Goldman Sachs Group Inc. The,New York,NY,100
Goodrich Corp.,Charlotte,NC,100
Goodwin Procter LLP,Boston,MA,100
Goodyear Tire & Rubber Co.,Akron,OH,15
Google Inc.,Mountain View,CA,100
Gordon & Rees LLP,San Francisco,CA,90
Goulston & Storrs,Boston,MA,80
Grant Thornton LLP,Chicago,IL,90
Graybar Electric Company Inc.,St. Louis,MO,15
Great Atlantic & Pacific Tea Co. Inc. The,Montvale,NJ,0
Green Mountain Coffee Roasters Inc.,Waterbury,VT,85
Greenberg Traurig LLP,New York,NY,95
Group 1 Automotive,Houston,TX,15
Group Health Cooperative,Seattle,WA,100
Group Health Permanente,Seattle,WA,100
Groupon Inc.,Chicago,IL,100
Guardian Life Insurance Co. of America The,New York,NY,35
H&M Hennes & Mauritz AB,North Arlington,NJ,70
H&R Block Inc.,Kansas City,MO,35
H.E. Butt Grocery Co.,San Antonio,TX,40
H.J. Heinz Co.,Pittsburgh,PA,85
Hachette Book Group,New York,NY,75
Hain Celestial Group Inc.,Lake Success,NY,30
Halliburton Co.,Houston,TX,15
Hallmark Cards Inc.,Kansas City,MO,30
Hanesbrands Inc.,Winston-Salem,NC,60
Hanover Direct Inc.,Weehawken,NJ,90
Harley-Davidson Inc.,Milwaukee,WI,15
Harris Corp.,Melbourne,FL,65
Harris Interactive Inc.,New York,NY,90
Harry & David Holdings Inc.,Medford,OR,55
Hartford Financial Services Group Inc. The,Hartford,CT,100
Harvard Pilgrim Health Care Inc.,Wellesley,MA,100
Hasbro Inc.,Pawtucket,RI,25
Haynes and Boone LLP,Dallas,TX,100
HCA - Hospital Corporation of America,Nashville,TN,85
Health Care Service Corp.,Chicago,IL,80
Health Management Associates Inc.,Naples,FL,30
Health Net Inc.,Woodland Hills,CA,60
Henry Schein,Melville,NY,100
Herman Miller Inc.,Zeeland,MI,100
Herrick Feinstein LLP,New York,NY,90
Hershey Co. The,Hershey,PA,65
Hertz Global Holdings Inc.,Park Ridge,NJ,65
Hess Corp.,New York,NY,40
Hewlett-Packard Co.,Palo Alto,CA,100
Hillshire Brands Co.,Chicago,IL,85
Hilton Worldwide Inc.,McLean,VA,100
Hinshaw & Culbertson LLP,Chicago,IL,100
Hogan Lovells US LLP,Washington DC,DC,100
Holland & Hart LLP,Denver,CO,65
Holland & Knight LLP,Tampa,FL,90
HollyFrontier Corp.,Dallas,TX,0
Holme Roberts & Owen LLP,Denver,CO,45
Home Depot Inc. The,Atlanta,GA,85
Honeywell International Inc.,Morris Township,NJ,65
Horizon Healthcare Services Inc.,Newark,NJ,80
Hormel Foods Corp.,Austin,MN,85
Hospira Inc.,Lake Forest,IL,60
Host Hotels & Resorts Inc.,Bethesda,MD,15
Houghton Mifflin Harcourt Publishing Co.,Boston,MA,75
Howard & Howard Attorneys PLLC,Kalamazoo,MI,60
Howrey LLP,Washington DC,DC,70
HSBC - North America,New York,NY,100
HSN Inc.,St. Petersburg,FL,85
Hughes Hubbard and Reed,New York,NY,90
Humana Inc.,Louisville,KY,100
Huntington Bancshares Inc.,Columbus,OH,100
Hunton & Williams LLP,Washington DC,DC,100
Huntsman Corp.,Salt Lake City,UT,40
Huron Consulting Group Inc.,Chicago,IL,100
Husch Blackwell LLP,Saint Louis,MO,90
Hyatt Hotels Corp.,Chicago,IL,90
Icahn Enterprises LP,New York,NY,0
Illinois Tool Works Inc.,Glenview,IL,45
Imation Corp.,Oakdale,MN,60
Infosys Limited Inc.,Plano,TX,70
ING North America Insurance Corp.,New York,NY,100
Ingram Micro,Santa Ana,CA,80
Insight Enterprises Inc.,Tempe,AZ,75
Intel Corp.,Santa Clara,CA,95
InterContinental Hotels Group Americas,Atlanta,GA,80
International Business Machines Corp. (IBM),Armonk,NY,100
International Paper Co.,Memphis,TN,95
Interpublic Group of Companies Inc.,New York,NY,100
INTL FCStone Inc.,New York,NY,0
Intuit Inc.,Mountain View,CA,100
ITT Corp.,White Plains,NY,75
J. M. Smucker Co.,Orrville,OH,95
J.C. Penney Co. Inc.,Plano,TX,15
Jabil Circuit Inc.,St. Petersburg,FL,15
Jacobs Engineering Group Inc.,Pasadena,CA,90
Jarden Corp.,Rye,NY,50
Jenner & Block LLP,Chicago,IL,100
JetBlue Airways Corp.,Long Island City,NY,90
John Hancock Financial Services Inc.,Boston,MA,90
Johnson & Johnson,New Brunswick,NJ,100
Johnson Controls Inc.,Milwaukee,WI,50
Jones Group The,New York,NY,70
Jones Lang LaSalle,Chicago,IL,100
JPMorgan Chase & Co.,New York,NY,100
K&L Gates LLP,Pittsburgh,PA,100
Kaiser Permanente,Oakland,CA,100
Katten Muchin Rosenman LLP,Chicago,IL,100
Kaye Scholer LLP,New York,NY,90
KB Home,Los Angeles,CA,50
KBR Inc.,Houston,TX,15
Keane Inc.,Boston,MA,25
Kelley Drye & Warren LLP,New York,NY,90
Kellogg Co.,Battle Creek,MI,100
Kelly Services Inc.,Troy,MI,0
Kenneth Cole Productions Inc.,New York,NY,85
Kenyon & Kenyon,New York,NY,100
KeyCorp,Cleveland,OH,100
Kilpatrick Townsend & Stockton LLP,Atlanta,GA,90
Kimberly-Clark Corp.,Irving,TX,90
Kimpton Hotel & Restaurant Group Inc.,San Francisco,CA,100
Kinder Morgan Inc.,Houston,TX,15
Kindred Healthcare,Louisville,KY,15
King & Spalding LLP,Atlanta,GA,100
Kirkland & Ellis LLP,Chicago,IL,100
KLA-Tencor Corp.,Milpitas,CA,35
Kohl's Corp.,Menomonee Falls,WI,90
KPMG LLP,New York,NY,100
Kraft Foods Group Inc.,Northfield,IL,100
Kramer Levin Naftalis & Frankel LLP,New York,NY,100
Kroger Co. The,Cincinnati,OH,85
Kutak Rock LLP,Omaha,NE,90
L.L. Bean Inc.,Freeport,ME,65
L-3 Communications Holdings,New York,NY,35
Laboratory Corporation of America Holdings,Burlington,NC,75
Laclede Group Inc. The,St. Louis,MO,15
Land O'Lakes Inc.,Arden Hills,MN,15
Las Vegas Sands Corp.,Las Vegas,NV,15
Latham & Watkins LLP,New York,NY,100
Lear Corp.,Southfield,MI,15
Leo Burnett Company Inc.,Chicago,IL,100
Levi Strauss & Co.,San Francisco,CA,100
LexisNexis Group,Miamisburg,OH,90
Lexmark International Inc.,Lexington,KY,85
Liberty Global Inc.,Englewood,CO,15
Liberty Interactive Corp.,Englewood,CO,15
Liberty Mutual Group,Boston,MA,100
Limited Brands Inc.,Columbus,OH,100
Lincoln National Corp.,Radnor,PA,85
Lindquist & Vennum LLP,Minneapolis,MN,95
Littler Mendelson PC,San Francisco,CA,100
Live Nation Inc.,Beverly Hills,CA,70
Locke Lord Bissell & Liddell LLP,Houston,TX,45
Lockheed Martin Corp.,Bethesda,MD,100
Loeb & Loeb LLP,New York,NY,75
Lowes Companies,New York,NY,35
Lowe's Companies Inc.,Mooresville,NC,30
Luce Forward Hamilton & Scripps LLP,San Diego,CA,100
M&T Bank Corp.,Buffalo,NY,90
Macy's Inc.,Cincinnati,OH,90
Manatt Phelps & Phillips LLP,Los Angeles,CA,100
ManpowerGroup,Milwaukee,WI,85
Marathon Oil Corp.,Houston,TX,15
Marathon Petroleum Corp.,Findlay,OH,15
Marriott International Inc.,Bethesda,MD,100
Mars Inc.,Mt. Olive,NJ,60
Marsh & McLennan Companies Inc.,New York,NY,100
Masco Corp.,Taylor,MI,15
Massachusetts Mutual Life Insurance Co.,Springfield,MA,100
MasterCard Inc.,Purchase,NY,95
Mattel Inc.,El Segundo,CA,90
Mayer Brown LLP,Chicago,IL,100
Mayo Clinic,Rochester,MN,85
McAfee Inc.,Santa Clara,CA,100
McCarter & English LLP,Newark,NJ,90
McDermott Will & Emery LLP,Chicago,IL,100
McDonald's Corp.,Oak Brook,IL,100
McGraw-Hill Companies Inc. The,New York,NY,100
McGuireWoods LLP,Richmond,VA,90
McKenna Long & Aldridge LLP,Atlanta,GA,100
McKesson Corp.,San Francisco,CA,80
McKinsey & Co. Inc.,New York,NY,100
MeadWestvaco Corp.,Richmond,VA,90
Medco Health Solutions,Franklin Lakes,NJ,15
Medtronic Inc.,Minneapolis,MN,100
Meijer Inc.,Grand Rapids,MI,25
Men's Wearhouse Inc. The,Houston,TX,100
Merck & Co. Inc.,Whitehouse Station,NJ,100
MetLife Inc.,New York,NY,100
MetroPCS,Richardson,TX,100
MGM Resorts International,Las Vegas,NV,100
Micron Technology Inc.,Boise,ID,15
Microsoft Corp.,Redmond,WA,100
"Milbank Tweed	 Hadley & McCloy LLP",New York,NY,100
MillerCoors LLC,Chicago,IL,100
Mintz Levin  Cohn Ferris Glovsky & Popeo PC,Boston,MA,100
Mirant Corp.,Atlanta,GA,30
Mitchell Gold + Bob Williams,Taylorsville,NC,90
Mohawk Industries Inc.,Calhoun,GA,35
Molina Healthcare Inc.,Long Beach,CA,15
Momentive Specialty Chemicals Inc.,Columbus,OH,15
Monsanto Co.,St. Louis,MO,100
Moody's Corp.,New York,NY,100
Moore & Van Allen PLLC,Charlotte,NC,75
Morgan Lewis & Bockius LLP,Philadelphia,PA,100
Morgan Stanley,New York,NY,100
Morningstar Inc.,Chicago,IL,100
Morrison & Foerster LLP,San Francisco,CA,100
Mosaic Co.,Plymouth,MN,70
Motorola Solutions Inc.,Schaumburg,IL,90
MRC Global,Houston,TX,15
MSLGROUP Americas,New York,NY,100
Munger Tolles & Olson LLP,Los Angeles,CA,60
Murphy Oil,El Dorado,AR,50
Mutual of Omaha Insurance,Omaha,NE,15
Mylan Laboratories Inc.,Canonsburg,PA,30
Nash Finch,Minneapolis,MN,30
National Grid USA,Brooklyn,NY,90
National Oilwell Varco Inc.,Houston,TX,15
Nationwide,Columbus,OH,100
Navigant Consulting Inc.,Chicago,IL,100
Navistar International Corp.,Lisle,IL,40
NCR Corp.,Duluth,GA,90
Nelson Mullins Riley & Scarborough LLP,Columbia,SC,90
Nestlé Purina PetCare Co.,St. Louis,MO,85
NetApp Inc.,Sunnyvale,CA,90
New York Life Insurance Co.,New York,NY,100
New York Times Co. The,New York,NY,90
Newell Rubbermaid Inc.,Atlanta,GA,85
Newmont Mining Corporation,Greenwood Village,CO,65
NextEra Energy Inc.,Juno Beach,FL,70
Nielsen Co. The,New York,NY,100
NII Holdings,Reston,VA,15
Nike Inc.,Beaverton,OR,100
NiSource Inc.,Merrillville,IN,30
Nissan North America Inc.,Franklin,TN,90
Nixon Peabody LLP,Boston,MA,100
Nokia Corp.,Irving,TX,90
Nordstrom Inc.,Seattle,WA,100
Norfolk Southern Corp.,Norfolk,VA,100
Nortel Networks Corp.,Richardson,TX,0
Northeast Utilities,Hartford,CT,30
Northern Trust Corp.,Chicago,IL,100
Northrop Grumman Corp.,Falls Church,VA,95
Northwestern Mutual Life Insurance,Milwaukee,WI,90
Novartis Pharmaceuticals Corp.,East Hanover,NJ,100
NRG Energy Inc.,Princeton,NJ,50
Nucor Corp.,Charlotte,NC,0
NuStar Energy LP,San Antonio,TX,15
NV Energy Inc.,Las Vegas,NV,70
NYSE Euronext Inc.,New York,NY,45
Occidental Petroleum,Los Angeles,CA,45
Office Depot Inc.,Boca Raton,FL,45
OfficeMax Inc.,Naperville,IL,30
Ogilvy Group Inc.,New York,NY,100
Ogletree Deakins Nash Smoak & Stewart,Greenville,SC,100
O'Melveny & Myers LLP,Los Angeles,CA,100
Omnicare,Covington,KY,15
Omnicom Group,New York,NY,80
ONEOK Inc.,Tulsa,OK,30
Oracle Corp.,Redwood City,CA,100
Orbitz Worldwide Inc.,Chicago,IL,90
O'Reilly Automotive Inc.,Springfield,MO,100
Orrick Herrington & Sutcliffe LLP,San Francisco,CA,100
Oshkosh Corp.,Oshkosh,WI,15
Overstock.com,Salt Lake City,UT,15
Owens & Minor Inc.,Mechanicsville,VA,35
Owens Corning,Toledo,OH,100
Owens-Illinois Inc.,Perrysburg,OH,15
Paccar Inc.,Bellevue,WA,15
Pacific Life Insurance Co.,Newport Beach,CA,85
PacifiCorp,Portland,OR,70
Palm Management Corp.,Washington DC,DC,55
Pantry Inc. The,Cary,NC,15
Parker Hannifin Corp.,Cleveland,OH,60
Patterson Belknap Webb & Tyler LLP,New York,NY,100
Patterson Companies (Patterson Dental Supply),St. Paul,MN,60
Patton Boggs LLP,Washington DC,DC,100
Paul Hastings LLP,Los Angeles,CA,100
Paul Weiss Rifkind Wharton & Garrison LLP,New York,NY,100
Peabody Energy Corp.,St. Louis,MO,15
Pearson Inc.,New York,NY,100
Penske Automotive Group,Bloomfield Hills,MI,15
Pep Boys-Manny Moe & Jack,Philadelphia,PA,65
Pepco Holdings Inc.,Washington DC,DC,85
Pepper Hamilton LLP,Philadelphia,PA,90
PepsiCo Inc.,Purchase,NY,100
Perkins + Will Inc.,Chicago,IL,100
Perkins Coie LLP,Seattle,WA,100
Pernod Ricard USA LLC,New York,NY,75
Peter Kiewit Sons' Inc.,Omaha,NE,15
PetSmart Inc.,Phoenix,AZ,75
Pfizer Inc.,New York,NY,100
PG&E Corp.,San Francisco,CA,100
Philip Morris International Inc.,New York,NY,15
Pillsbury Winthrop Shaw Pittman LLP,New York,NY,100
Pinnacle West Capital,Phoenix,AZ,35
Pitney Bowes Inc.,Stamford,CT,35
Plains All American Pipeline  L.P.,Houston,TX,15
PNC Financial Services Group Inc.,Pittsburgh,PA,100
PNM Resources Inc.,Albuquerque,NM,35
Polaroid Corp.,Waltham,MA,15
Polsinelli Shugart PC,Kansas City,MO,90
Portland General Electric Co.,Portland,OR,100
PPG Industries Inc.,Pittsburgh,PA,75
PPL Corp.,Allentown,PA,65
Praxair Inc.,Danbury,CT,30
Precision Castparts Corp.,Portland,OR,30
PricewaterhouseCoopers LLP,New York,NY,100
Principal Financial Group,Des Moines,IA,90
Procter & Gamble Co.,Cincinnati,OH,90
Progressive Corp. The,Mayfield Village,OH,100
Proskauer Rose LLP,New York,NY,90
Prudential Financial Inc.,Newark,NJ,90
Public Service Enterprise Group,Newark,NJ,90
Publicis Healthcare Communications,New York,NY,90
Publix Super Markets,Lakeland,FL,30
PVH Corp.,New York,NY,70
QUALCOMM Inc.,San Diego,CA,100
Quarles & Brady LLP,Milwaukee,WI,90
Quest Diagnostics Inc.,Madison,NJ,100
R.R. Donnelley & Sons Co.,Chicago,IL,90
Ralph Lauren Corp.,New York,NY,90
Raymond James Financial Inc.,St. Petersburg,FL,70
Raytheon Co.,Waltham,MA,100
Razorfish,Seattle,WA,100
RBC Capital Markets LLC,New York,NY,100
RBC Wealth Management,Minneapolis,MN,100
RBS Securities Inc./RBS Citizens Financial Group,Stamford,CT,75
Realogy Corp.,Madison,NJ,90
Recreational Equipment Inc.,Kent,WA,90
Reed Smith LLP,Pittsburgh,PA,100
Regal Entertainment Group,Knoxville,TN,15
Regions Financial Corp.,Birmingham,AL,75
Reinsurance Group of America Inc.,Chesterfield,MO,15
Reliance Steel & Aluminum Co.,Los Angeles,CA,15
Replacements Ltd.,McLeansville,NC,100
Republic Services Inc.,Phoenix,AZ,15
Reynolds American Inc.,Winston-Salem,NC,15
Rite Aid Corp.,Camp Hill,PA,60
Robert Half International Inc.,Menlo Park,CA,85
Robert W. Baird & Co. Incorporated,Milwaukee,WI,100
Robins Kaplan Miller & Ciresi LLP,Minneapolis,MN,100
Rock-Tenn Company,Norcross,GA,0
Rockwell Automation Inc.,Milwaukee,WI,100
Rockwell Collins Inc.,Cedar Rapids,IA,90
Ropes & Gray LLP,Boston,MA,100
Ross Stores,Pleasanton,CA,15
Royal Caribbean Cruises Ltd.,Miami,FL,50
RRJ Energy Inc.,Houston,TX,15
Ryder System Inc.,Miami,FL,85
Ryland Group Inc. The,Calabasas,CA,20
S.C. Johnson & Son Inc.,Racine,WI,90
Sabre Holdings Inc.,Southlake,TX,65
Safeway Inc.,Pleasanton,CA,65
SAIC Inc.,McLean,VA,15
Saks Inc.,New York,NY,90
salesforce.com Inc.,San Francisco,CA,100
SanDisk Corp.,Milpitas,CA,30
Sannina-SCI,San Jose,CA,0
Sanofi-Aventis U.S. LLC,Bridgewater,NJ,45
SAP America Inc.,Newtown Square,PA,45
Sapient Corp.,Boston,MA,90
Saul Ewing LLP,Philadelphia,PA,90
Schiff Hardin LLP,Chicago,IL,100
Scholastic Corp.,New York,NY,90
Schulte Roth & Zabel LLP,New York,NY,45
Seaboard Corp.,Shawnee Mission,KS,15
Seagate Technology LLC,Scotts Valley,CA,45
Sealed Air Corp.,Elmwood Park,NJ,45
Sears Holdings Corp.,Hoffman Estates,IL,30
Sedgwick LLP,San Francisco,CA,100
Selective Insurance Group,Branchville,NJ,65
Sempra Energy,San Diego,CA,100
Severn Trent Services Inc.,Fort Washington DC,PA,15
Seyfarth Shaw LLP,Chicago,IL,100
Shearman & Sterling LLP,New York,NY,100
Shell Oil Co.,Houston,TX,95
Sheppard Mullin Richter & Hampton LLP,Los Angeles,CA,100
Sherwin-Williams Co. The,Cleveland,OH,15
Shook Hardy & Bacon LLP,Kansas City,MO,100
Sidley Austin LLP,Chicago,IL,100
Simpson Thacher & Bartlett LLP,New York,NY,100
SIRIUS XM Radio Inc.,New York,NY,100
Skadden Arps Slate Meagher & Flom LLP,New York,NY,100
Slalom Consulting,Seattle,WA,90
SLM Corp. (Sallie Mae),Newark,DE,45
Smithfield Foods Inc.,Smithfield,VA,15
SNR Denton US LLP,New York,NY,100
Sodexo Inc.,Gaithersburg,MD,100
Software AG USA Inc.,Reston,VA,70
Software House International,Somerset,NJ,15
Sonic Automotive Inc.,Charlotte,NC,100
Sony Electronics Inc.,San Diego,CA,100
Sony Pictures Entertainment Inc.,Culver City,CA,100
Southern California Edison Co.,Rosemead,CA,80
Southern Co.,Atlanta,GA,45
Southwest Airlines Co.,Dallas,TX,90
Spectra Energy Corp.,Houston,TX,85
Spectrum Group International Inc.,Irvine,CA,15
Sprint Nextel Corp.,Overland Park,KS,100
SPX Corp.,Charlotte,NC,15
Squire Sanders,Cleveland,OH,100
SRA International Inc.,Fairfax,VA,85
St. Jude Medical Inc.,St. Paul,MN,85
Standard Insurance Company,Portland,OR,75
Stanley Black & Decker Inc.,New Britain,CT,25
Staples Inc.,Framingham,MA,100
Starbucks Corp.,Seattle,WA,90
Starcom MediaVest Group,Chicago,IL,90
Starwood Hotels & Resorts Worldwide,Stamford,CT,100
State Farm Group,Bloomington,IL,95
State Street Corp.,Boston,MA,100
Steel Dynamics Inc.,Fort Wayne,IN,30
Steelcase Inc.,Grand Rapids,MI,90
Steptoe & Johnson LLP,Washington DC,DC,100
Stinson Morrison Hecker LLP,Kansas City,MO,100
Stoel Rives LLP,Portland,OR,90
Stryker Corp.,Kalamazoo,MI,15
Subaru of America Inc.,Cherry Hill,NJ,90
Sullivan & Cromwell LLP,New York,NY,90
Sun Life Financial Inc. (U.S.),Wellesley Hills,MA,90
SunGard Data Systems Inc.,Wayne,PA,15
Sunoco Inc.,Philadelphia,PA,30
SunPower Corp.,San Jose,CA,100
SunTrust Banks Inc.,Atlanta,GA,75
Supervalu Inc.,Eden Prairie,MN,15
Susser Holdings,Corpus Christi,TX,15
Sutherland Asbill & Brennan LLP,Atlanta,GA,100
Symantec Corp.,Mountain View,CA,100
SYNNEX Corp.,Fremont,CA,30
SYSCO Corp.,Houston,TX,15
Targa Resources Corp.,Houston,TX,0
Target Corp.,Minneapolis,MN,100
TD Bank  N.A.,Wilmington,DE,100
TIAA-CREF,New York,NY,100
Tech Data Corp.,Clearwater,FL,55
Telephone & Data Systems Inc. (U.S. Cellular),Chicago,IL,15
Tenet Healthcare,Dallas,TX,45
Tenneco Inc.,Lake Forest,IL,30
Terex Corp.,Westport,CT,45
Tesoro Corp.,San Antonio,TX,15
Texas Instruments Inc.,Dallas,TX,90
Textron Inc.,Providence,RI,50
The Cosmopolitan of Las Vegas,Las Vegas,NV,15
The Shaw Group Inc.,Baton Rouge,LA,15
The Wendy's Co.,Dublin,OH,55
Thermo Fisher Scientific Inc.,Waltham,MA,50
Thompson Coburn LLP,Saint Louis,MO,100
Thompson Hine LLP,Cleveland,OH,100
Thomson Reuters,New York,NY,100
Thrivent Financial for Lutherans,Minneapolis,MN,15
Tiffany & Co.,New York,NY,95
Time Warner Cable Inc.,New York,NY,90
Time Warner Inc.,New York,NY,100
Timken Co. The,Canton,OH,30
TJX Companies Inc. The,Framingham,MA,85
T-Mobile USA Inc.,Bellevue,WA,100
Toyota Financial Services,Torrance,CA,90
Toyota Motor Sales USA Inc.,Torrance,CA,75
Toys 'R' Us Inc.,Wayne,NJ,65
Travel Impressions Ltd.,Farmingdale,NY,15
TravelCenters of America,Westlake,OH,15
Travelers Companies Inc. The,New York,NY,100
Travelport Ltd.,Parsippany,NJ,65
Tropicana Las Vegas Inc.,Las Vegas,NV,65
Troutman Sanders LLP,Atlanta,GA,100
True Value Co.,Chicago,IL,60
TRW Automotive Holdings Corp.,Livonia,MI,15
Turner Construction Co.,New York,NY,100
Tyson Foods Inc.,Springdale,AR,15
U.S. Bancorp,Minneapolis,MN,100
UBM plc,Manhasset,NY,50
UBS AG,Stamford,CT,100
UGI Corp.,King of Prussia,PA,15
Unilever,Englewood Cliffs,NJ,100
Union Bank,San Francisco,CA,100
Union Pacific Corp.,Omaha,NE,85
Unisys Corp.,Blue Bell,PA,40
United Airlines,Chicago,IL,100
United Parcel Service,Atlanta,GA,90
United Services Automobile Association,San Antonio,TX,15
United States Steel Corp.,Pittsburgh,PA,15
United Stationers Inc.,Deerfield,IL,15
United Technologies Corp.,Hartford,CT,100
UnitedHealth Group Inc.,Minnetonka,MN,100
Universal Health Services,King of Prussia,PA,15
Unum Group,Chattanooga,TN,60
URS Corp.,San Francisco,CA,30
US Airways Group Inc.,Tempe,AZ,100
US Foods Inc.,Rosemont,IL,75
Valassis Communications Inc.,Livonia,MI,65
Valero Energy Corp.,San Antonio,TX,15
Vanguard Group Inc.,Malvern,PA,95
Vanguard Health Systems,Nashville,TN,15
Verizon Communications Inc.,New York,NY,100
VF Corp.,Greensboro,NC,15
Viacom Inc.,New York,NY,100
Vinson & Elkins LLP,Houston,TX,100
Virgin America,Burlingame,CA,90
Visa,San Francisco,CA,90
Visteon Corp.,Van Buren Township,MI,80
Volkswagen Group of America Inc.,Herndon,VA,100
Vorys Sater Seymour and Pease LLP,Columbus,OH,100
W.R. Berkley,Greenwich,CT,60
W.W. Grainger,Lake Forest,IL,15
Wachtell Lipton Rosen & Katz LLP,New York,NY,100
Waddell & Reed Financial Inc.,Overland Park,KS,40
Walgreen Co.,Deerfield,IL,80
Wal-Mart Stores Inc.,Bentonville,AR,100
Walt Disney Co.,Burbank,CA,100
Washington DC Post Co.,Washington DC,DC,60
Waste Management Inc.,Houston,TX,90
Weil Gotshal & Manges LLP,New York,NY,100
WellCare Health Plans Inc.,Tampa,FL,15
WellPoint Inc.,Indianapolis,IN,100
Wells Fargo & Co.,San Francisco,CA,90
WESCO International Inc.,Pittsburgh,PA,0
Western & Southern Financial Group,Cincinnati,OH,60
Western Digital Corp.,Irvine,CA,30
Western Refining Inc.,El Paso,TX,15
Western Union Co. The,Englewood,CO,30
Weyerhaeuser Co.,Federal Way,WA,85
Whirlpool Corp.,Benton Harbor,MI,100
White & Case LLP,New York,NY,100
Whole Foods Market Inc.,Austin,TX,75
Wildman  Harrold  Allen & Dixon LLP,Chicago,IL,45
Williams Companies Inc.,Tulsa,OK,60
Williams Mullen PC,Richmond,VA,90
Williams-Sonoma Inc.,San Francisco,CA,80
Willkie Farr & Gallagher LLP,New York,NY,70
Wilmer Cutler Pickering Hale & Dorr LLP,Washington DC,DC,100
Wilson Sonsini Goodrich & Rosati PC,Palo Alto,CA,85
Winn-Dixie Stores Inc.,Jacksonville,FL,45
Winston & Strawn LLP,Chicago,IL,100
Wisconsin Energy Corp.,Milwaukee,WI,45
Womble Carlyle Sandridge & Rice LLP,Winston-Salem,NC,90
World Fuel Services,Miami,FL,30
WPP Group USA,New York,NY,100
Wyeth,Madison,NJ,45
Wyndham Worldwide Corp.,Parsippany,NJ,100
Wynn Resorts Ltd.,Las Vegas,NV,100
Xcel Energy Inc.,Minneapolis,MN,75
Xerox Corp.,Norwalk,CT,100
Xylem Inc.,White Plains,NY,65
Yahoo! Inc.,Sunnyvale,CA,100
Young's Market Co.,Tustin,CA,15
YRC Worldwide Inc.,Overland Park,KS,80
Yum! Brands Inc.,Louisville,KY,20
ZenithOptimedia,New York,NY,100
Zurich North America,Schaumburg,IL,65