Employer,City,State,CEI Rating
3M Co.,St. Paul,MN,100
A.T. Kearney Inc.,Chicago,IL,100
AJX Armani Exchange,New York,NY,55
Abbott Laboratories,Abbott Park,IL,100
AbbVie Inc.,North Chicago,IL,100
Abercrombie & Fitch Co.,New Albany,OH,100
ABM Industries Inc.,New York,NY,100
Accenture,New York,NY,100
Activision Blizzard,Santa Monica,CA,100
Adecco North America LLC,Jacksonville,FL,70
Adidas North America Inc.,Portland,OR,100
Adobe Systems Inc.,San Jose,CA,100
ADP,Roseland,NJ,100
ADT,Boca Raton,FL,90
Advance Auto Parts (Advance Holding),Roanoke,VA,80
Advanced Micro Devices Inc.,Sunnyvale,CA,100
AECOM,Los Angeles,CA,100
Aéropostale Inc.,Lyndhurst,NJ,90
AES Corp.,The Arlington,VA,100
Aetna Inc.,Hartford,CT,100
Aflac Inc.,Columbus,GA,80
Agco,Duluth,GA,85
Agilent Technologies Inc.,Santa Clara,CA,100
AIG,New York,NY,100
Air Products & Chemicals Inc.,Allentown,PA,100
Airbnb Inc.,San Francisco,CA,100
Airbus Americas Inc.,Herndon,VA,100
Airgas Inc.,Radnor,PA,20
AirTran Holdings Inc.,Orlando,FL,100
AK Steel Holding Corp.,West Chester,OH,20
Akamai Technologies Inc.,Cambridge,MA,100
Akerman LLP,Miami,FL,100
Akin Gump Strauss Hauer & Feld LLP,Washington DC,DC,100
Alaska Airlines,Seattle,WA,100
Albertsons Companies Inc.,Boise,ID,20
Alcoa Corp.,Pittsburgh,PA,95
AlixPartners LLP,New York,NY,100
Allegany Corp.,New York,NY,20
Alliance Data Systems Corp.,Plano,TX,85
Alliance One International,Morrisville,NC,100
AllianceBernstein LP,New York,NY,100
Alliant Energy Corp.,Madison,WI,100
Allianz Life Insurance Co. of North America,Minneapolis,MN,100
Allscripts-Misys Healthcare Solutions Inc.,Chicago,IL,20
Allstate Insurance Co.,Northbrook,IL,95
Ally Financial Inc.,Detroit,MI,100
Alston & Bird LLP,Atlanta,GA,100
Altice USA Inc.,Long Island City,NY,100
Altria Group Inc.,Richmond,VA,90
A-Mark Precious Metals,Santa Monica,CA,0
Amazon.com Inc.,Seattle,WA,100
AMC Entertainment Inc.,Leawood,KS,100
Ameren Corp.,St. Louis,MO,100
American Airlines,Fort Worth,TX,100
American Apparel LLC,Los Angeles,CA,0
American Eagle Outfitters Inc.,Pittsburgh,PA,85
American Electric Power Co. Inc.,Columbus,OH,100
American Express Co.,New York,NY,100
American Express Global Business Travel,Jersey City,NJ,100
American Family Mutual Insurance Company S.I.,Madison,WI,100
American Financial Group,Cincinnati,OH,20
American Tower Corp.,Boston,MA,100
Ameriprise Financial Inc.,Minneapolis,MN,100
AmerisourceBergen Corp.,Chesterbrook,PA,100
Amgen Inc.,Thousand Oaks,CA,100
AMN Healthcare Services Inc.,San Diego,CA,100
Amphenol Corp.,Wallingford,CT,20
AmTrust Financial Services,New York,NY,65
Anadarko Petroleum,The Woodlands,TX,90
Anheuser-Busch Companies Inc.,St. Louis,MO,100
Anixter International Inc.,Glenview,IL,20
Anschutz Entertainment Group Inc.,Los Angeles,CA,100
Anthem Inc.,Indianapolis,IN,100
Aon Corp.,Chicago,IL,100
Apache Corp.,Houston,TX,20
Apple Inc.,Cupertino,CA,100
Applied Materials Inc.,Santa Clara,CA,100
AQR Capital Management LLC,Greenwich,CT,100
Aramark Corp.,Philadelphia,PA,100
Archer Daniels Midland Co.,Chicago,IL,100
Arconic,New York,NY,100
Arent Fox LLP,Washington DC,DC,100
Armstrong Teasdale LLP,St. Louis,MO,100
Arnold & Porter Kaye Scholer LLP,Washington DC,DC,100
Arrow Electronics,Centennial,CO,90
Arup USA Inc.,New York,NY,100
Asbury Automotive Group,Duluth,GA,20
Ascena Retail Group Inc.,Mahwah,NJ,100
Ashland Inc.,Covington,KY,100
Assurant,New York,NY,100
Astellas Pharma US Inc.,Northbrook,IL,100
AstraZeneca PLC,Wilmington,DE,95
Asurion LLC,Nashville,TN,100
AT&T Inc.,Dallas,TX,100
AthenaHealth Inc.,Watertown,MA,100
Atlassian,San Francisco,CA,100
Austin Radiological Assn.,Austin,TX,20
Autodesk Inc.,San Rafael,CA,100
AutoLiv Inc.,Auburn Hills,MI,65
AutoNation Inc.,Fort Lauderdale,FL,90
Auto-Owners Insurance Group,Lansing,MI,20
AutoZone Inc.,Memphis,TN,100
Avaya Inc.,Santa Clara,CA,60
Avery Dennison,Glendale,CA,20
Avis Budget Group Inc.,Parsippany,NJ,90
Avnet Inc.,Phoenix,AZ,85
Avon Products Inc.,New York,NY,90
AXA Equitable Life,New York,NY,100
BJ's Wholesale Club,Westborough,MA,85
BAE Systems Inc.,Arlington,VA,85
Bain & Co. Inc./Bridgespan Group,Boston,MA,100
Baker & Hostetler LLP,Cleveland,OH,85
Baker & McKenzie LLP,Chicago,IL,100
Baker Botts LLP,Houston,TX,65
Baker Hughes Inc.,Houston,TX,100
Baker Donelson Bearman Caldwell & Berkowitz PC,Memphis,TN,90
Baldor Electric Co.,Fort Smith,AR,100
Ball Corp.,Broomfield,CO,85
Ballard Spahr LLP,Philadelphia,PA,100
Bank of America Corp.,Charlotte,NC,75
Bank of New York Mellon Corp. The,New York,NY,100
Bank of the West,San Francisco,CA,100
Barclays,New York,NY,100
Barilla America Inc.,Northbrook,IL,100
Barnes & Noble Inc.,New York,NY,80
Barnes & Thornburg LLP,Indianapolis,IN,85
BASF Corp.,Florham Park,NJ,100
Bass Berry & Sims PLC,Nashville,TN,80
Battelle Energy Alliance (Idaho National Laboratory),Idaho Falls,ID,20
Baxter International Inc.,Deerfield,IL,100
Bayer U.S. LLC,Whippany,NJ,100
BB&T Corp.,Winston-Salem,NC,90
Becton Dickinson and Co.,Franklin Lakes,NJ,100
Bed Bath & Beyond Inc.,Union,NJ,20
Ben & Jerry's Homemade Inc.,South Burlington,VT,95
Berkshire Hathaway,Omaha,NE,20
Berry Plastics Group Inc.,Evansville,IN,20
Best Buy Co. Inc.,Richfield,MN,100
Big Lots,Columbus,OH,20
Biogen,Cambridge,MA,100
Black & Veatch Holding Inc.,Overland Park,KS,70
Black Knight Inc.,Jacksonville,FL,100
BlackRock,New York,NY,100
Blackstone Group LP The,New York,NY,100
Blank Rome LLP,Philadelphia,PA,95
Bloomberg LP,New York,NY,100
Bloomin' Brands Inc.,Tampa,FL,100
Blue Cross & Blue Shield of Rhode Island,Providence,RI,100
Blue Cross Blue Shield of Florida Inc.,Jacksonville,FL,85
Blue Cross Blue Shield of Massachusetts,Boston,MA,100
Blue Cross Blue Shield of Michigan,Detroit,MI,100
Blue Cross Blue Shield of Minnesota,Eagan,MN,100
Blue Cross Blue Shield of North Carolina,Durham,NC,100
Blue Shield of California,San Francisco,CA,100
BlueCross BlueShield of Tennessee,Chattanooga,TN,90
BMC HealthNet Plan,Boston,MA,50
BMC Software Inc.,Houston,TX,100
BMO Bancorp Inc.,Chicago,IL,100
BNP Paribas,New York,NY,100
Bob Evans Farms Inc.,New Albany,OH,75
Boehringer Ingelheim USA Corp.,Ridgefield,CT,100
Boeing Co.,Chicago,IL,90
Boies Schiller Flexner LLP,New York,NY,100
Bon-Ton Stores Inc.,York,PA,60
Books-A-Million Inc.,Birmingham,AL,80
Booz Allen Hamilton Inc.,McLean,VA,100
Borders Group Inc.,Ann Arbor,MI,40
BorgWarner Inc.,Auburn Hills,MI,40
Boston Consulting Group,Boston,MA,100
Boston Scientific Corp.,Marlborough,MA,100
Box Inc.,Redwood City,CA,100
BP America Inc.,Houston,TX,85
Bracewell LLP,Houston,TX,90
Bridgestone Americas Holding Inc.,Nashville,TN,90
Bright Horizons,Watertown,MA,100
Brinker International Inc.,Dallas,TX,65
Bristol-Myers Squibb Co.,New York,NY,100
Broadridge Financial Solutions Inc.,Lake Success,NY,100
Brooks Brothers Group Inc.,New York,NY,100
Brooks Sports Inc.,Seattle,WA,95
Brown Brothers Harriman & Co.,New York,NY,90
Brown Rudnick LLP,Boston,MA,100
Brown-Forman Corp.,Louisville,KY,100
Bryan Cave Leighton Paisner LLP,St. Louis,MO,100
Buchanan Ingersoll & Rooney PC,Pittsburgh,PA,100
Buckley LLP,Washington DC,DC,85
Builders FirstSource Inc.,Dallas,TX,20
Burger King Corp.,Miami,FL,100
Burlington Northern Santa Fe Corp.,Fort Worth,TX,20
Burlington Store Inc.,Burlington,NJ,55
Burr & Forman LLP,Birmingham,AL,90
Buzzfeed,New York,NY,80
C&S Wholesale Grocers Inc.,Keene,NH,100
C. H. Robinson Worldwide,Eden Prairie,MN,20
Cadwalader Wickersham & Taft LLP,New York,NY,100
Caesars Entertainment Corp.,Las Vegas,NV,100
CalAtlantic Group,Arlington,VA,100
Caleres,St. Louis,MO,100
Calpine Corp.,Houston,TX,20
Cambia Health Solutions Inc.,Portland,OR,100
Campbell Soup Co.,Camden,NJ,100
Capgemini America Inc.,Houston,TX,100
Capital Area Services Company LLC (CASCI),Charleston,WV,90
Capital Group Companies Inc. The,Los Angeles,CA,100
Capital Markets Company NV The,New York,NY,100
Capital One Financial Corp.,McLean,VA,100
Cardinal Health Inc.,Dublin,OH,90
CareFirst Inc.,Baltimore,MD,90
Cargill Inc.,Wayzata,MN,100
Cargo Transporters Inc.,Claremont,NC,20
Caribou Coffee Company Inc.,Minneapolis,MN,55
Carlson Inc.,Minnetonka,MN,100
Carlton Fields P.A.,Tampa,FL,100
Carlyle Group LP The,Washington DC,DC,100
CarMax Inc.,Richmond,VA,100
Carnival Corp.,Miami,FL,100
Casey's General Stores Inc.,Ankeny,IA,20
Caterpillar Inc.,Peoria,IL,85
CBRE Inc.,Los Angeles,CA,100
CBS Corp.,New York,NY,100
CDW Corp.,Lincolnshire,IL,100
Celanese Corp.,Irving,TX,100
Celgene Corp.,Summit,NJ,95
Centeo Corp.,St. Louis,MO,100
CenterPoint Energy Inc.,Houston,TX,20
CenturyLink Inc.,Monroe,LA,100
Cerner Corp.,North Kansas City,MO,100
Change Healthcare,Alpharetta,GA,85
Chapman and Cutler LLP,Chicago,IL,100
Charles Schwab & Co. Inc.,San Francisco,CA,100
Charter Communications,Stamford,CT,100
Chesapeake Energy Corp.,Oklahoma City,OK,85
Chevron Corp.,San Ramon,CA,100
CHG Healthcare Inc.,Midvale,UT,85
Chipotle Mexican Grill Inc.,Denver,CO,100
Choate Hall & Stewart LLP,Boston,MA,100
Chobani,Norwich,NY,100
Choice Hotels International Inc.,Rockville,MD,100
CHS Inc.,Inver Grove Heights,MN,20
Chubb Ltd.,Philadelphia,PA,100
CIGNA Corp.,Bloomfield,CT,100
Cincinnati Financial Corp.,Fairfield,OH,85
Cisco Systems Inc.,San Jose,CA,100
CIT Group Inc.,New York,NY,100
Citigroup Inc.,New York,NY,100
Citizens Financial Group,Providence,RI,100
Citrix Systems Inc.,Fort Lauderdale,FL,100
Cleary Gottlieb Steen & Hamilton LLP,New York,NY,100
Clifford Chance US LLP,New York,NY,90
Clorox Co. The,Oakland,CA,100
Cloudera Inc.,Palo Alto,CA,100
CME Group Inc.,Chicago,IL,100
CNA Financial Corporation,Chicago,IL,100
Coca-Cola Co. The,Atlanta,GA,100
Cognizant Technology Solutions Corp.,Teaneck,NJ,20
Colgate-Palmolive Co.,New York,NY,100
Columbia Pipeline Group,Houston,TX,50
Comcast NBCUniversal,Philadelphia,PA,90
Comerica Inc.,Dallas,TX,100
Community Health Systems Inc.,Franklin,TN,20
Compass Bancshares Inc. (BBVA Compass),Birmingham,AL,100
Compass Group USA Inc.,Charlotte,NC,85
Computer Sciences Corp. (CSC),Falls Church,VA,55
Conagra Brands Inc.,Chicago,IL,100
ConocoPhillips,Houston,TX,100
Consolidated Edison Co.,New York,NY,100
Constellation Brands Inc.,Victor,NY,100
Constellation Energy Group Inc.,Baltimore,MD,90
CONSUMER REPORTS INC.,Yonkers,NY,75
Consumers Energy,Jackson,MI,100
Convio Inc.,Austin,TX,20
Cooley LLP,Palo Alto,CA,100
Cooper Tire & Rubber Co.,Findlay,OH,35
Corbis Corp.,Seattle,WA,100
CoreLogic,Santa Ana,CA,100
Core-Mark Holding Company Inc.,South San Francisco,CA,20
Corning,Corning,NY,95
Cosmopolitan of Las Vegas The,Las Vegas,NV,100
Costco Wholesale Corp.,Issaquah,WA,60
Covington & Burling LLP,Washington DC,DC,100
Cox Enterprises Inc.,Atlanta,GA,100
Cozen O'Connor,Philadelphia,PA,100
Cracker Barrel Old Country Store Inc.,Lebanon,TN,20
Crate and Barrel / CB2,Northbrook,IL,80
Cravath Swaine & Moore LLP,New York,NY,100
Credit Suisse USA Inc.,New York,NY,100
Crowell & Moring LLP,Washington DC,DC,100
Crown Holdings,Philadelphia,PA,10
CSAA Insurance Group,Walnut Creek,CA,100
CST Brands,San Antonio,TX,10
CSX Corp.,Jacksonville,FL,100
Cummins Inc.,Columbus,IN,100
CUNA Mutual Group,Madison,WI,100
Cushman & Wakefield Inc.,Chicago,IL,100
CVS Health Corp.,Woonsocket,RI,100
Daimler Trucks North America LLC,Portland,OR,75
Dana Inc.,Maumee,OH,90
Danaher Corp.,Washington DC,DC,100
Daniel J. Edelman Inc.,New York,NY,90
Danone North America,White Plains,NY,100
Darden Restaurants Inc.,Orlando,FL,95
Davis Polk & Wardwell LLP,New York,NY,100
Davis Wright Tremaine LLP,Seattle,WA,100
DaVita Inc.,Denver,CO,65
Day Pitney LLP,Parsippany,NJ,100
Dean Foods Co.,Dallas,TX,70
Debevoise & Plimpton LLP,New York,NY,100
Dechert LLP,Philadelphia,PA,85
Deere & Co.,Moline,IL,90
Delek US Holdings,Brentwood,TN,20
Dell Technologies Inc.,Round Rock,TX,100
Deloitte LLP,New York,NY,100
Delta Air Lines Inc.,Atlanta,GA,85
Denny's Corp.,Spartanburg,SC,100
Dentons US LLP,Washington DC,DC,100
Depository Trust & Clearing Corp. The,New York,NY,100
Deutsche Bank,New York,NY,100
Devon Energy Corp.,Oklahoma City,OK,50
Diageo North America,Norwalk,CT,100
Dickinson Wright PLLC,Detroit,MI,100
Dick's Sporting Goods Inc.,Coraopolis,PA,100
Digitas,Boston,MA,100
Dillard's Inc.,Little Rock,AR,20
Discover Financial Services,Riverwoods,IL,100
Discovery Communications Inc.,Silver Spring,MD,20
DISH Network Corp.,Englewood,CO,10
DLA Piper,Baltimore,MD,100
Dole Food Co. Inc.,Westlake Village,CA,95
Dollar General Corp.,Goodlettsville,TN,90
Dollar Tree Stores Inc.,Chesapeake,VA,90
Dominion Energy,Richmond,VA,100
Domino's Pizza Inc.,Ann Arbor,MI,95
Dorsey & Whitney LLP,Minneapolis,MN,100
Dover Corp.,Downers Grove,IL,100
Dow Chemical Co. The,Midland,MI,100
DR Horton Inc.,Fort Worth,TX,95
Drinker Biddle & Reath LLP,Philadelphia,PA,100
Dropbox Inc.,San Francisco,CA,100
DSW,Columbus,OH,100
DTE Energy Co.,Detroit,MI,85
Duane Morris LLP,Philadelphia,PA,85
Duke Energy Corp.,Charlotte,NC,100
Dun & Bradstreet Corp. The,Short Hills,NJ,100
Dunkin' Brands Group Inc.,Canton,MA,100
DXC Technology,McLean,VA,100
Dykema Gossett PLLC,Detroit,MI,100
E&J Gallo Winery,Modesto,CA,100
E*TRADE Financial Corp.,New York,NY,100
E. I. du Pont de Nemours and Co. (DuPont),Wilmington,DE,100
EAB,Washington DC,DC,100
EarthLink Inc.,Atlanta,GA,35
Eastern Bank Corp.,Boston,MA,100
Eastman Chemical Co.,Kingsport,TN,90
Eastman Kodak Co.,Rochester,NY,90
Eaton Corp.,Cleveland,OH,100
eBay Inc.,San Jose,CA,100
Ecolab Inc.,St. Paul,MN,100
Edison International,Rosemead,CA,100
Edward Jones,St. Louis,MO,100
Electronic Arts Inc.,Redwood City,CA,100
Eli Lilly & Co.,Indianapolis,IN,100
EMCOR Group Inc.,Norwalk,CT,100
Emerson Electric Co.,St. Louis,MO,100
Emmis Communications Corporation,Indianapolis,IN,100
Enbridge,Houston,TX,70
Energy Transfer Equity L.P.,Dallas,TX,20
Entergy Corp.,New Orleans,LA,80
Enterprise Holdings Inc.,St. Louis,MO,100
Enterprise Products Partners LP,Houston,TX,20
EOG Resources,Houston,TX,20
Epstein Becker & Green PC,New York,NY,100
Erie Insurance Group,Erie,PA,80
Ernst & Young LLP,New York,NY,100
Essendant Inc.,Deerfield,IL,100
Estée Lauder Companies Inc. The,New York,NY,100
Esurance Inc.,San Francisco,CA,75
Ethan Allen Interiors Inc.,Danbury,CT,75
Eventbrite Inc.,San Francisco,CA,100
Eversheds Sutherland (US) LLP,Atlanta,GA,100
Eversource Energy,Springfield,MA,75
Excellus Health Plan Inc.,Rochester,NY,90
Exelon Corp.,Chicago,IL,100
Expedia Group,Bellevue,WA,100
Expeditors International of Washington DC Inc.,Seattle,WA,100
Experian Americas,Costa Mesa,CA,100
Express Scripts Holding Company,St. Louis,MO,100
Exxon Mobil Corp.,Irving,TX,85
Facebook Inc.,Menlo Park,CA,100
FactSet Research Systems Inc.,Norwalk,CT,100
Faegre Baker Daniels,Chicago,IL,100
Farmers Insurance Group,Woodland Hills,CA,100
FCA US LLC,Auburn Hills,MI,90
Federal Home Loan Mortgage Corp. (Freddie Mac),McLean,VA,100
Federal National Mortgage Association (Fannie Mae),Washington DC,DC,100
Federal Reserve Bank of Atlanta,Atlanta,GA,100
Federal Reserve Bank of Boston,Boston,MA,100
Federal Reserve Bank of Chicago,Chicago,IL,100
Federal Reserve Bank of Cleveland,Cleveland,OH,100
Federal Reserve Bank of Minneapolis,Minneapolis,MN,100
Federal Reserve Bank of New York,New York,NY,100
Federal Reserve Bank of Philadelphia,Philadelphia,PA,100
Federal Reserve Bank of Richmond,Richmond,VA,100
Federal Reserve Bank of San Francisco,San Francisco,CA,100
Federal Reserve Bank of St Louis,Saint Louis,MO,100
FedEx Corp.,Memphis,TN,100
Fenwick & West LLP,Mountain View,CA,100
Fidelity Investments,Boston,MA,90
Fidelity National Financial Corp.,Jacksonville,FL,20
Fidelity National Information Services Inc.,Jacksonville,FL,100
Fifth Third Bancorp,Cincinnati,OH,100
Financial Industry Regulatory Authority Inc.,Washington DC,DC,100
Finnegan Henderson Farabow Garrett & Dunner LLP,Washington DC,DC,100
First American Financial Corp.,Santa Ana,CA,100
First Data Corp.,Atlanta,GA,100
First Horizon National Corp.,Memphis,TN,75
FirstEnergy Corp.,Akron,OH,20
Fiserv Inc.,Brookfield,WI,100
Fish & Richardson PC,Boston,MA,100
Fleishman-Hillard Inc.,St. Louis,MO,100
Fluor Corp.,Irving,TX,100
Foley & Lardner LLP,Milwaukee,WI,100
Foley Hoag LLP,Boston,MA,100
Food Lion,Salisbury,NC,10
Foot Locker Inc.,New York,NY,20
Ford Motor Co.,Dearborn,MI,90
Fortive Corp.,Everett,WA,100
Fossil Inc.,Richardson,TX,80
Fox Corporation,New York,NY,100
Fox Rothschild LLP,Philadelphia,PA,100
Franklin Templeton Investments,San Mateo,CA,90
Fredrikson & Byron,Minneapolis,MN,100
Freeport-McMoRan Copper & Gold Inc.,Phoenix,AZ,20
Freescale Semiconductor Inc.,Austin,TX,50
Fried Frank Harris Shriver & Jacobson LLP,New York,NY,100
Frontier Communications,Stamford,CT,100
Frost Brown Todd LLC,Cincinnati,OH,100
Galloway Johnson Tompkins Burr & Smith PLC,New Orleans,LA,20
GameStop Corp.,Grapevine,TX,10
Gannett Co. Inc.,McLean,VA,100
Gap Inc.,San Francisco,CA,100
Gartner Inc.,Stamford,CT,100
Gastronogy Inc.,Salt Lake City,UT,60
GE Appliances,Louisville,KY,100
Genentech Inc.,South San Francisco,CA,100
General Dynamics Corp.,Falls Church,VA,75
General Electric Co.,Boston,MA,90
General Mills Inc.,Minneapolis,MN,100
General Motors Co.,Detroit,MI,100
Gensco Inc.,Nashville,TN,20
Genesis HealthCare Corp.,Kennett Square,PA,20
Genuine Parts Co.,Atlanta,GA,90
Genworth Financial Inc.,Richmond,VA,100
Giant Eagle Inc.,Pittsburgh,PA,60
GIANT Food Stores LLC,Carlisle,PA,100
Giant of Maryland LLC,Landover,MD,100
Gibson Dunn & Crutcher LLP,Los Angeles,CA,100
Gilead Sciences Inc.,Foster City,CA,100
GlaxoSmithKline LLC,Research Triangle Park,NC,100
Global Partners,Waltham,MA,20
Global Payments Inc.,Atlanta,GA,85
GODADDY Inc.,Scottsdale,AZ,100
Goldman Sachs Group Inc. The,New York,NY,100
Goodwin Procter LLP,Boston,MA,100
Goodyear Tire & Rubber Co.,Akron,OH,100
Google Inc.,Mountain View,CA,100
Gordon Rees Scully Mansukhani LLP,San Francisco,CA,90
Goulston & Storrs,Boston,MA,100
Graham Holdings,Arlington,VA,85
Grant Thornton LLP,Chicago,IL,100
Graybar Electric Company Inc.,St. Louis,MO,20
Great River Energy,Maple Grove,MN,85
Greenberg Traurig LLP,New York,NY,100
Group 1 Automotive,Houston,TX,25
Groupon Inc.,Chicago,IL,100
Guardian Life Insurance Co. of America The,New York,NY,100
Guess? Inc.,Los Angeles,CA,70
H&M Hennes & Mauritz AB,North Arlington,NJ,80
H&R Block Inc.,Kansas City,MO,100
H.E. Butt Grocery Co.,San Antonio,TX,75
Hachette Book Group,New York,NY,100
Hain Celestial Group Inc. The,Lake Success,NY,85
Halliburton Co.,Houston,TX,20
Hallmark Cards Inc.,Kansas City,MO,100
Hanesbrands Inc.,Winston-Salem,NC,75
Hannaford Supermarkets,Scarborough,ME,100
Hanover Insurance Group Inc. The,Worcester,MA,100
Harley-Davidson Inc.,Milwaukee,WI,90
Harman International Industries Inc.,Stamford,CT,80
Harris Corp.,Melbourne,FL,100
Hartford Financial Services Group Inc. The,Hartford,CT,100
Harvard Pilgrim Health Care Inc.,Wellesley,MA,100
Hasbro Inc.,Pawtucket,RI,85
Hawaiian Airlines,Honolulu,HI,85
Haynes and Boone LLP,Dallas,TX,100
HCA - Hospital Corporation of America,Nashville,TN,70
HD Supply,Atlanta,GA,20
Health Care Service Corp.,Chicago,IL,100
Henry Schein Inc.,Melville,NY,100
HERE North America LLC,Chicago,IL,90
Herman Miller Inc.,Zeeland,MI,100
Herbert Feinstein LLP,New York,NY,100
Hershey Co. The,Hershey,PA,100
Hertz Global Holdings Inc.,Estero,FL,100
Hess Corp.,New York,NY,65
Hewlett Packard Enterprise Co.,Palo Alto,CA,100
Highmark Inc.,Pittsburgh,PA,100
Hilti Inc.,Plano,TX,65
Hilton Inc.,McLean,VA,100
Hinshaw & Culbertson LLP,Chicago,IL,100
Hitachi Consulting Corp.,Dallas,TX,100
Hogan Lovells US LLP,Washington DC,DC,100
Holland & Hart LLP,Denver,CO,35
Holland & Knight LLP,Brandon,FL,100
HollyFrontier Corp.,Dallas,TX,20
Home Depot Inc. The,Atlanta,GA,90
Honda North America Inc.,Marysville,OH,75
Honeywell International Inc.,Morris Township,NJ,100
Horizon Healthcare Services Inc.,Newark,NJ,100
Hormel Foods Corp.,Austin,MN,95
Hortonworks Inc.,Santa Clara,CA,100
Host Hotels & Resorts Inc.,Bethesda,MD,90
Houghton Mifflin Harcourt Co.,Boston,MA,100
Howard & Howard Attorneys PLLC,Royal Oak,MI,100
HP Inc.,Palo Alto,CA,95
HRG Group,New York,NY,20
HSBC USA,New York,NY,100
HSN Inc.,St. Petersburg,FL,100
Hughes Hubbard & Reed LLP,New York,NY,90
Humana Inc.,Louisville,KY,100
Huntington Bancshares Inc.,Columbus,OH,100
Huntington Ingalls Industries,Newport News,VA,45
Hunton Andrews Kurth LLP,Washington DC,DC,95
Huntsman Corp.,The Woodlands,TX,20
Huron Consulting Group Inc.,Chicago,IL,100
Husch Blackwell LLP,St. Louis,MO,100
Hyatt Hotels Corp.,Chicago,IL,100
Hyundai Motor America,Fountain Valley,CA,100
IAC/InterActiveCorp.,New York,NY,100
IBM Corp.,Armonk,NY,100
Icahn Enterprises LP,New York,NY,0
Ice Miller LLP,Indianapolis,IN,100
IHeartMedia Inc.,San Antonio,TX,100
IHS Markit Ltd.,New York,NY,100
IKEA Holding US Inc.,Conshohocken,PA,100
Illinois Tool Works Inc.,Glenview,IL,30
Imation Corp.,Oakdale,MN,30
Indeed Inc.,Austin,TX,100
Infosys Limited Inc.,Plano,TX,50
Ingersoll-Rand Company,Davidson,NC,90
Ingram Micro,Irvine,CA,100
Ingredion Inc.,Westchester,IL,100
Insight Enterprises Inc.,Tempe,AZ,85
Instacart Inc.,San Francisco,CA,100
Intel Corp.,Santa Clara,CA,100
Intercontinental Exchange,Atlanta,GA,100
InterContinental Hotels Group Americas,Atlanta,GA,100
International Flavors & Fragrances,New York,NY,100
International Paper Co.,Memphis,TN,100
Interpublic Group of Companies Inc.,New York,NY,100
INTL FCStone Inc.,New York,NY,100
Intuit Inc.,Mountain View,CA,100
Invesco Ltd.,Atlanta,GA,45
Iron Mountain Inc.,Boston,MA,100
ITT Corp.,White Plains,NY,25
J. B. Hunt Transport Services Inc.,Lowell,AR,20
J. Crew Group Inc.,New York,NY,100
J. M. Smucker Co.,Orrville,OH,55
J.C. Penney Co. Inc.,Plano,TX,80
Jabil Circuit Inc.,St. Petersburg,FL,100
Jackson Walker LLP,Dallas,TX,75
Jacobs Engineering Group Inc.,Pasadena,CA,100
Jenner & Block LLP,Chicago,IL,100
JetBlue Airways Corp.,Long Island City,NY,100
JLL,Chicago,IL,100
John Hancock Financial Services Inc.,Boston,MA,100
John Wiley & Sons Inc.,Hoboken,NJ,85
Johnson & Johnson,New Brunswick,NJ,100
Johnson Controls Inc.,Milwaukee,WI,100
JPMorgan Chase & Co.,New York,NY,100
K&L Gates LLP,Pittsburgh,PA,100
Kaiser Permanente,Oakland,CA,100
Kate Spade & Company,New York,NY,100
Katten Muchin Rosenman LLP,Chicago,IL,100
KB Home,Los Angeles,CA,35
Kelley Drye & Warren LLP,New York,NY,100
Kellogg Co.,Battle Creek,MI,90
Kelly Services Inc.,Troy,MI,100
Kenneth Cole Productions Inc.,New York,NY,90
KeyBank,Cleveland,OH,100
Kilpatrick Townsend & Stockton LLP,Atlanta,GA,100
Kimberly-Clark Corp.,Irving,TX,90
Kimpton Hotel & Restaurant Group LLC,San Francisco,CA,100
Kinder Morgan Inc.,Houston,TX,70
Kindred Healthcare,Louisville,KY,70
King & Spalding LLP,Atlanta,GA,100
Kirkland & Ellis LLP,Chicago,IL,100
KKR & Co. LP,New York,NY,100
KLA-Tencor Corp.,Milpitas,CA,90
Kohler Co.,Kohler,WI,90
Kohl's Corp.,Menomonee Falls,WI,100
Komatsu Mining Corp.,Milwaukee,WI,100
Korn/Ferry International,Los Angeles,CA,100
KPMG LLP,New York,NY,100
Kraft Heinz Company The,Chicago,IL,100
Kramer Levin Naftalis & Frankel LLP,New York,NY,85
Kroger Co. The,Cincinnati,OH,100
Kutak Rock LLP,Omaha,NE,100
L Brands Inc.,Columbus,OH,100
L.L. Bean Inc.,Freeport,ME,90
L3 Communications Holdings,New York,NY,100
Laboratory Corporation of America Holdings,Burlington,NC,100
Laclede Group Inc. The,St. Louis,MO,90
Land O'Lakes Inc.,Arden Hills,MN,90
Lane Powell PC,Seattle,WA,85
Las Vegas Sands Corp.,Las Vegas,NV,20
Latham & Watkins LLP,New York,NY,100
Lathrop Gage LLP,Kansas City,MO,100
Lear Corp.,Southfield,MI,90
LeClairRyan,Richmond,VA,95
Legg Mason Inc.,Baltimore,MD,100
Leidos Holdings,Reston,VA,85
Lendlease Americas Inc.,New York,NY,100
Lennar Corp.,Miami,FL,20
LENOVO (UNITED STATES) INC.,Morrisville,NC,100
Leo Burnett Company Inc.,Chicago,IL,100
Leucadia National Corporation,New York,NY,100
Levi Strauss & Co.,San Francisco,CA,100
LexisNexis Group,New York,NY,80
Lexmark International Inc.,Lexington,KY,100
Liberty Global Inc.,Englewood,CO,15
Liberty Interactive Corp.,Englewood,CO,100
Liberty Mutual Group,Boston,MA,100
LifePoint Health,Brentwood,TN,60
Lincoln National Corp.,Radnor,PA,100
LinkedIn,Sunnyvale,CA,100
Lions Gate Entertainment Corp.,Santa Monica,CA,100
Lithia Motors Inc.,Medford,OR,100
Littler Mendelson PC,San Francisco,CA,100
Live Nation Entertainment Inc.,Beverly Hills,CA,100
LKQ Corp.,Chicago,IL,85
Locke Lord LLP,Dallas,TX,100
Lockheed Martin Corp.,Bethesda,MD,100
Loeb & Loeb LLP,Los Angeles,CA,100
Loews Corp.,New York,NY,90
L'Oréal USA Inc.,New York,NY,100
Lowenstein Sandler LLP,New York,NY,100
Lowe's Companies Inc.,Mooresville,NC,100
LPL Financial Holdings Inc.,Boston,MA,85
Lubrizol Corp.,Wickliffe,OH,90
Lyft Inc.,San Francisco,CA,100
M&T Bank Corp.,Buffalo,NY,100
Macquarie Group Ltd.,New York,NY,100
Macy's Inc.,Cincinnati,OH,100
Mallinckrodt LLC,Hazelwood,MO,100
Manatt Phelps & Phillips LLP,Los Angeles,CA,100
ManpowerGroup,Milwaukee,WI,100
Marathon Oil Corp.,Houston,TX,60
Marathon Petroleum Corp.,Findlay,OH,95
Markel Corporation,Glen Allen,VA,0
Marriott International Inc.,Bethesda,MD,100
Mars Inc.,Mt. Olive,NJ,100
Marsh & McLennan Companies Inc.,New York,NY,100
Masco Corp.,Taylor,MI,85
Massachusetts Mutual Life Insurance Co.,Springfield,MA,100
Mastercard,Purchase,NY,100
Mattel Inc.,El Segundo,CA,65
Mayer Brown LLP,Chicago,IL,100
MB Financial Inc.,Chicago,IL,90
McCarter & English LLP,Newark,NJ,75
McCormick & Company Inc.,Sparks,MD,90
McDermott Will & Emery LLP,Chicago,IL,100
McDonald's Corp.,Oak Brook,IL,100
McGraw-Hill Global Education Holdings LLC,New York,NY,70
McGuireWoods LLP,Richmond,VA,80
McKesson Corp.,San Francisco,CA,100
McKinsey & Co. Inc.,New York,NY,100
Medallia Inc.,San Mateo,CA,100
Medidata Solutions Inc.,New York,NY,100
Medtronic PLC,Minneapolis,MN,100
Meijer Inc.,Grand Rapids,MI,100
Mercedes-Benz Financial Services USA LLC (MBFS),Farmington Hills,MI,75
Merck,Kenilworth,NJ,90
Mesirov Financial Holdings Inc.,Chicago,IL,100
MetLife Inc.,New York,NY,100
MGM Resorts International,Las Vegas,NV,100
Michael Best & Friedrich LLP,Milwaukee,WI,100
Micron Technology Inc.,Boise,ID,20
Microsoft Corp.,Redmond,WA,100
Milbank LLP,New York,NY,100
MillerCoors LLC,Chicago,IL,100
Mintz Levin Cohn Ferris Glovsky & Popeo PC,Boston,MA,100
Mitchell Gold + Bob Williams,Taylorsville,NC,100
Mohawk Industries Inc.,Calhoun,GA,100
Molina Healthcare Inc.,Long Beach,CA,80
Mondelez International Inc.,East Hanover,NJ,100
Montgomery McCracken Walker & Rhoads LLP,Philadelphia,PA,100
Moody's Corp.,New York,NY,100
Morgan Lewis & Bockius LLP,Philadelphia,PA,100
Morningstar Inc.,Chicago,IL,100
Morris Manning & Martin LLP,Atlanta,GA,100
Morrison & Foerster LLP,San Francisco,CA,100
Mosaic Co.,Plymouth,MN,70
Motorola Solutions Inc.,Chicago,IL,100
Mozilla Corporation,Mountain View,CA,95
MSLGROUP Americas,New York,NY,90
MUFG Union Bank N.A.,New York,NY,100
Munger Tolles & Olson LLP,Los Angeles,CA,100
Murphy USA,El Dorado,AR,50
Mutual of Omaha Insurance,Omaha,NE,90
NASDAQ Inc.,New York,NY,100
National CineMedia Inc.,Centennial,CO,75
National Grid USA,Waltham,MA,85
National Oilwell Varco Inc.,Houston,TX,80
Nationwide,Columbus,OH,100
Navient,Wilmington,DE,85
Navigant Consulting Inc.,Chicago,IL,85
Navistar International Corp.,Lisle,IL,70
NCR Corp.,Duluth,GA,100
Nelson Mullins Riley & Scarborough LLP,Columbia,SC,75
Nestle Purina PetCare Co.,St. Louis,MO,100
Nestle USA Inc.,Glendale,CA,100
Nestle Health Science,Bridgewater,NJ,95
Nestle Waters North America Inc.,Stamford,CT,95
NetApp Inc.,Sunnyvale,CA,100
Netflix Inc.,Los Gatos,CA,80
New Relic Inc.,San Francisco,CA,95
New York Life Insurance Co.,New York,NY,100
New York Times Co.,New York,NY,85
Newell Brands Inc.,Atlanta,GA,95
Newmont Mining Corporation,Greenwood Village,CO,95
News Corp.,New York,NY,0
NextEra Energy Inc.,Juno Beach,FL,50
NGL Energy Partners,Tulsa,OK,20
Nielsen,New York City,NY,100
Nike Inc.,Beaverton,OR,100
NiSource Inc.,Merrillville,IN,95
Nissan North America Inc.,Franklin,TN,90
Nixon Peabody LLP,Boston,MA,100
Nokia Inc.,Irving,TX,100
Nomura,New York,NY,100
Nordstrom Inc.,Seattle,WA,100
Norfolk Southern Corp.,Norfolk,VA,65
Nortel Networks Corp.,Richardson,TX,30
North Memorial Health,Robbinsdale,MN,20
Northern Trust Corp.,Chicago,IL,100
Northfield Park Associates LLC,Northfield,OH,55
Northrop Grumman Corp.,Falls Church,VA,100
Northwestern Mutual Life Insurance,Milwaukee,WI,100
Norton Rose Fulbright,Houston,TX,100
Novartis Pharmaceuticals Corp.,East Hanover,NJ,100
Novo Nordisk Inc.,Plainsboro,NJ,95
NRG Energy Inc.,Princeton,NJ,40
Nuance Communications,Burlington,MA,80
Nucor Corp.,Charlotte,NC,0
NVIDIA Corp.,Santa Clara,CA,100
NVR Inc.,Reston,VA,95
Occidental Petroleum,Los Angeles,CA,20
Ocean Spray Cranberries Inc.,Lakeville-Middleboro,MA,20
Office Depot Inc.,Boca Raton,FL,85
Ogilvy Group Inc. The,New York,NY,100
Ogletree Deakins Nash Smoak & Stewart,Greenville,SC,100
Old Republic International,Chicago,IL,20
Olin Corporation,Clayton,MO,20
O'Melveny & Myers LLP,Los Angeles,CA,100
Omnicom Group,New York,NY,100
ONE Gas Inc.,Tulsa,OK,90
ONEOK Inc.,Tulsa,OK,90
OppenheimerFunds Inc.,New York,NY,100
Oracle Corp.,Redwood City,CA,95
O'Reilly Automotive Inc.,Springfield,MO,70
Orrick Herrington & Sutcliffe LLP,San Francisco,CA,100
Oscar Insurance Corporation,New York,NY,95
Oshkosh Corp.,Oshkosh,WI,60
Outerwall Inc.,Bellevue,WA,70
Overstock.com Inc.,Midvale,UT,75
Owens & Minor Inc.,Mechanicsville,VA,60
Owens Corning,Toledo,OH,100
Owens-Illinois Inc.,Perrysburg,OH,20
Paccar Inc.,Bellevue,WA,60
Pacific Life Insurance Co.,Newport Beach,CA,80
Pacific Medical Centers,Seattle,WA,35
Packaging Corporation of America,Lake Forest,IL,20
Palam Management Corp.,Washington DC,DC,30
Palo Alto Networks,Santa Clara,CA,95
Pandora Media Inc.,Oakland,CA,95
Panera Bread Co.,St. Louis,MO,100
Pariveda Solutions Inc.,Dallas,TX,50
Parker Hannifin Corp.,Cleveland,OH,80
Patterson Belknap Webb & Tyler LLP,New York,NY,100
Patterson Companies (Patterson Dental Supply),St. Paul,MN,40
Paul Hastings LLP,Los Angeles,CA,100
Paul Weiss Rifkind Wharton & Garrison LLP,New York,NY,100
PayPal Holdings Inc.,San Jose,CA,100
PBF Energy,Parsippany,NJ,50
Peabody,St. Louis,MO,20
Pearson Inc.,Hoboken,NJ,100
Penske Automotive Group Inc.,Bloomfield Hills,MI,60
Pepper Boys-Manny Moe & Jack,Philadelphia,PA,40
Pepper Hamilton LLP,Philadelphia,PA,100
PepsiCo Inc.,Purchase,NY,85
Performance Food Group Co.,Richmond,VA,20
Perkins + Will Inc.,Chicago,IL,100
Perkins Coie LLP,Seattle,WA,100
Pernod Ricard USA LLC,New York,NY,100
Peter Kiewit Sons' Inc.,Omaha,NE,90
PetSmart Inc.,Phoenix,AZ,95
Pfizer Inc.,New York,NY,100
PG&E Corp.,San Francisco,CA,20
Philip Morris International Inc.,New York,NY,95
Phillips 66,Houston,TX,100
Pillsbury Winthrop Shaw Pittman LLP,New York,NY,100
PIMCO LLC,Newport Beach,CA,100
Pinnacle West Capital,Phoenix,AZ,100
Pinterest Inc.,San Francisco,CA,100
Pitney Bowes Inc.,Stamford,CT,55
Plains GP Holdings,Houston,TX,20
PNC Financial Services Group Inc. The,Pittsburgh,PA,100
PNM Resources Inc.,Albuquerque,NM,45
Polsinelli,Kansas City,MO,100
PolyOne Corporation,Avon Lake,OH,90
Portland General Electric Co.,Portland,OR,100
PPG Industries Inc.,Pittsburgh,PA,100
PPL Corp.,Allentown,PA,100
Praxair Inc.,Danbury,CT,90
priceline.com LLC,Norwalk,CT,100
PricewaterhouseCoopers LLP,New York,NY,100
Principal Financial Group,Des Moines,IA,100
Procter & Gamble Co.,Cincinnati,OH,100
Progressive Corp. The,Mayfield Village,OH,100
PROS,Houston,TX,75
Proskauer Rose LLP,New York,NY,100
Prudential Financial Inc.,Newark,NJ,100
Public Service Enterprise Group,Newark,NJ,90
Publicis Healthcare,New York,NY,95
Publicis Inc.,New York,NY,100
Publicis Media,New York,NY,100
Publicis Sapient,Boston,MA,100
Publix Super Markets Inc.,Lakeland,FL,20
PulteGroup Inc.,Atlanta,GA,100
PVH Corp.,New York,NY,100
Quaintance-Weaver Management LLC,Greensboro,NC,100
QUALCOMM Inc.,San Diego,CA,100
Quanta Services,Houston,TX,20
Quantcast Corp.,San Francisco,CA,100
Quarles & Brady LLP,Milwaukee,WI,100
Quest Diagnostics Inc.,Lyndhurst,NJ,100
Quinn Emanuel Urquhart & Sullivan LLP,Los Angeles,CA,100
Quintiles Transnational,Durham,NC,20
R.R. Donnelley & Sons Co.,Chicago,IL,90
Rackspace,San Antonio,TX,100
Ralph Lauren Corp.,New York,NY,90
Raymond James Financial Inc.,St. Petersburg,FL,90
Raytheon Co.,Waltham,MA,100
RB,Parsippany,NJ,15
RBC Capital Markets LLC,New York,NY,100
RBC Wealth Management,Minneapolis,MN,100
Re:Sources USA Inc.,Long Island City,NY,100
Realogy Holdings Corp.,Madison,NJ,95
Recreational Equipment Inc.,Kent,WA,85
Redfin Corp.,Seattle,WA,100
Reed Smith LLP,Pittsburgh,PA,100
Regal Entertainment Group,Knoxville,TN,50
Regions Financial Corp.,Birmingham,AL,85
Regis Corp.,Edina,MN,15
Reinhart Boerner Van Deuren s.c.,Milwaukee,WI,90
Reinsurance Group of America Inc.,Chesterfield,MO,80
Reliance Steel & Aluminum Co.,Los Angeles,CA,100
Replacements Ltd.,McLeansville,NC,100
Republic Services Inc.,Phoenix,AZ,85
Retail Business Services,Salisbury,NC,95
Reynolds American Inc.,Winston-Salem,NC,100
RingCentral Inc.,Belmont,CA,100
Rite Aid Corp.,Camp Hill,PA,50
Robert Bosch Corp.,Farmington Hills,MI,85
Robert Half,Menlo Park,CA,100
Robert W. Baird & Co. Incorporated,Milwaukee,WI,100
Robins Kaplan LLP,Minneapolis,MN,100
Rockland Trust Co.,Rockland,MA,100
Rockwell Automation Inc.,Milwaukee,WI,85
Rolls-Royce North America (USA) Holdings Co.,Reston,VA,100
Ropes & Gray LLP,Boston,MA,100
Rosetta LLC,Hamilton,NJ,100
Ross Stores Inc.,Dublin,CA,75
Royal Caribbean Cruises Ltd.,Miami,FL,75
Royal Philips,Andover,MA,80
RSM US LLP,Chicago,IL,100
Ryder System Inc.,Miami,FL,15
Ryland Group Inc. The,Calabasas,CA,100
S&P Global Inc.,New York,NY,100
S.C. Johnson & Son Inc.,Racine,WI,100
Saatchi & Saatchi North America Inc.,New York,NY,100
Sabre Holdings Inc.,Southlake,TX,45
Saint-Gobain Corp.,Malvern,PA,100
Saks Inc.,New York,NY,50
Salesforce,San Francisco,CA,100
Sanderson Farms Inc.,Laurel,MS,30
Sanmina-SCI,San Jose,CA,100
Sanofi,Bridgewater,NJ,100
SAP America Inc.,Newtown Square,PA,100
Saul Ewing Arnstein & Lehr LLP,Philadelphia,PA,100
Sbe,Los Angeles,CA,100
Schiff Hardin LLP,Chicago,IL,100
Schneider Electric,Andover,MA,100
Scholastic Corp.,New York,NY,65
Schulte Roth & Zabel LLP,New York,NY,95
Science Applications International Corp.,Reston,VA,100
Seaboard Corp.,Shawnee Mission,KS,20
Seagate Technology plc,Cupertino,CA,100
Sealed Air Corp.,Elmwood Park,NJ,20
Sears Holdings Corp.,Hoffman Estates,IL,10
Sedgwick LLP,San Francisco,CA,80
Selective Insurance Group,Branchville,NJ,35
Sempra Energy,San Diego,CA,100
Sephora,San Francisco,CA,100
Severn Trent Services Inc.,Fort Washington DC,PA,100
Seyfarth Shaw LLP,Chicago,IL,100
Shake Shack Inc.,New York,NY,100
Shearman & Sterling LLP,New York,NY,100
Shell Oil Co.,Houston,TX,100
Sheppard Mullin Richter & Hampton LLP,Los Angeles,CA,100
Sherwin-Williams Co. The,Cleveland,OH,100
Shook Hardy & Bacon LLP,Kansas City,MO,100
Sidley Austin LLP,Chicago,IL,100
Siemens Healthineers,Malvern,PA,95
Siemens Corp.,Washington DC,DC,100
Simpson Thacher & Bartlett LLP,New York,NY,100
SIRIUS XM Radio Inc.,New York,NY,100
Skadden Arps Slate Meagher & Flom LLP,New York,NY,100
SkyWest Airlines Inc.,St. George,UT,70
Slalom,Seattle,WA,100
SLM Corp. (Sallie Mae),Newark,DE,55
Snagajob.com Inc.,Glen Allen,VA,40
Snell & Wilmer,Phoenix,AZ,100
Societe Generale,New York,NY,100
Sodexo Inc.,Gaithersburg,MD,100
Software AG USA Inc.,Reston,VA,40
Software House International,Somerset,NJ,100
Sonic Automotive Inc.,Charlotte,NC,0
Sonoco Products Company,Hartsville,SC,55
Sony Computer Entertainment America LLC,Foster City,CA,100
Sony Corporation of America,New York,NY,100
Sony Electronics Inc.,San Diego,CA,100
Sony Pictures Entertainment Inc.,Culver City,CA,100
Southern California Edison Co.,Rosemead,CA,100
Southern Co.,Atlanta,GA,100
Southwest Airlines Co.,Dallas,TX,100
SpartanNash,Grand Rapids,MI,65
Spirit AeroSystems Inc.,Wichita,KS,85
Sprint Corp.,Overland Park,KS,100
Squarespace,New York,NY,90
Squire Patton Boggs,Cleveland,OH,100
SRA International Inc.,Fairfax,VA,100
St. Jude Medical Inc.,St. Paul,MN,65
Standard Chartered,New York,NY,100
Standard Insurance Co.,Portland,OR,100
Stanley Black & Decker Inc.,New Britain,CT,100
Staples Inc.,Framingham,MA,85
Starbucks Corp.,Seattle,WA,100
State Farm Group,Bloomington,IL,100
State Street Corp.,Boston,MA,100
Steel Dynamics Inc.,Fort Wayne,IN,55
Steelcase Inc.,Grand Rapids,MI,85
Steptoe & Johnson LLP,Washington DC,DC,100
Stinson Leonard Street LLP,Kansas City,MO,100
Stoel Rives LLP,Portland,OR,100
Stryker Corp.,Kalamazoo,MI,100
Subaru of America Inc.,Cherry Hill,NJ,70
Sullivan & Cromwell LLP,New York,NY,85
Sumitomo Mitsui Banking Corporation,New York,NY,100
Sun Life Financial Inc. (US),Wellesley Hills,MA,100
SunPower Corp.,San Jose,CA,45
Sunrun Inc.,San Francisco,CA,70
SunTrust Banks Inc.,Atlanta,GA,90
Supervalu Inc.,Eden Prairie,MN,55
Symantec Corp.,Mountain View,CA,100
Synchrony,Stamford,CT,100
SYNNEX Corp.,Fremont,CA,95
SYSCO Corp.,Houston,TX,65
T. Rowe Price Associates Inc.,Baltimore,MD,100
Tailored Brands Inc.,Houston,TX,90
Takeda Pharmaceuticals USA Inc.,Deerfield,IL,100
Tapestry Inc.,New York,NY,100
Targa Resources Corp.,Houston,TX,50
Target Corp.,Minneapolis,MN,100
TD Ameritrade,Omaha,NE,90
TD Bank N.A.,Wilmington,DE,100
TD Securities (USA) LLC,New York,NY,100
TE Connectivity Inc.,Berwyn,PA,100
Tech Data Corp.,Clearwater,FL,100
TEGNA Inc.,McLean,VA,100
TENET Healthcare Corporation,Dallas,TX,80
Tenneco Inc.,Lake Forest,IL,10
Terex Corp.,Westport,CT,20
Tesla Inc.,Palo Alto,CA,100
Teva Pharmaceutical USA Inc.,North Wales,PA,95
Texas Instruments Inc.,Dallas,TX,100
Textron Inc.,Providence,RI,30
The Auto Club Group,Dearborn,MI,60
The Bama Companies Inc.,Tulsa,OK,95
The Chemours Company,Wilmington,DE,75
The Marmon Group Inc.,Chicago,IL,55
The Michaels Companies Inc.,Irving,TX,50
Thermo Fisher Scientific Inc.,Waltham,MA,100
Thompson Coburn LLP,St. Louis,MO,100
Thompson Hine LLP,Cleveland,OH,100
Thomson Reuters,New York,NY,100
Thrivent Financial,Minneapolis,MN,80
TIAA,New York,NY,100
Tiffany & Co.,New York,NY,90
TJX Companies Inc. The,Framingham,MA,100
T-Mobile USA Inc.,Bellevue,WA,100
Toll Brothers Inc.,Horsham,PA,20
Toyota Motor North America Inc.,Plano,TX,100
TPG Global LLC,Fort Worth,TX,85
Tractor Supply Company,Brentwood,TN,20
Transamerica Corp. The,Cedar Rapids,IA,100
TransUnion,Chicago,IL,100
TravelCenters of America,Westlake,OH,20
Travelers Companies Inc. The,New York,NY,100
Travelport Ltd.,Parsippany,NJ,45
TreeHouse Foods Inc.,Oak Brook,IL,70
TripAdvisor Inc.,Needham,MA,100
Tropicana Las Vegas The,Las Vegas,NV,60
Troutman Sanders LLP,Atlanta,GA,100
True Value Co.,Chicago,IL,55
Truven Health Analytics Inc.,Ann Arbor,MI,55
Tufts Health Plan,Watertown,MA,100
Turner Construction Co.,New York,NY,100
Twitter Inc.,San Francisco,CA,100
Tyson Foods Inc.,Springdale,AR,85
U.S. Bancorp,Minneapolis,MN,100
U.S. Cellular,Chicago,IL,100
Uber Technologies Inc.,San Francisco,CA,85
UBM plc,New York,NY,100
UBS AG,New York,NY,100
UGI Corp.,King of Prussia,PA,20
Ultimate Software,Weston,FL,100
Under Armour Inc.,Baltimore,MD,100
Unilever,Englewood Cliffs,NJ,100
Union Pacific Corp.,Omaha,NE,95
Unisys Corp.,Blue Bell,PA,100
United Airlines,Chicago,IL,100
United Natural Foods Inc.,Providence,RI,20
United Parcel Service Inc.,Atlanta,GA,100
United Rentals Inc.,Stamford,CT,70
United Services Automobile Association,San Antonio,TX,100
United States Steel Corp.,Pittsburgh,PA,80
United Technologies Corp.,Farmington,CT,100
UnitedHealth Group Inc.,Minnetonka,MN,100
Univar Inc.,Downers Grove,IL,60
Universal Health Services Inc.,King of Prussia,PA,100
University of Phoenix,Tempe,AZ,100
Univision Communications Inc.,New York,NY,100
Unum Group,Chattanooga,TN,100
UPMC Health Plan,Pittsburgh,PA,100
Urban Outfitters Inc.,Philadelphia,PA,75
US Foods Inc.,Rosemont,IL,45
USG Corp.,Chicago,IL,55
Valero Energy Corp.,San Antonio,TX,20
Vanguard Group Inc.,Malvern,PA,100
Veritas Technologies LLC,Mountain View,CA,100
Veritiv,Atlanta,GA,20
Verizon Communications Inc.,New York,NY,90
VF Corp.,Greensboro,NC,100
Viacom Inc.,New York,NY,100
Vinson & Elkins LLP,Houston,TX,100
Virgin America,Burlingame,CA,65
Virgin Orbit,Long Beach,CA,50
Visa,Foster City,CA,100
Vision Service Plan,Rancho Cordova,CA,45
Visteon Corp.,Van Buren Township,MI,60
Vistra Energy,Dallas,TX,100
VMware Inc.,Palo Alto,CA,90
Volkswagen Group of America Inc.,Herndon,VA,90
Vorys Sater Seymour and Pease LLP,Columbus,OH,100
Vox Media Inc.,Washington DC,DC,100
Voya Financial,New York,NY,100
W.R. Berkley,Greenwich,CT,100
W.W. Grainger Inc.,Lake Forest,IL,90
Wachtell Lipton Rosen & Katz,New York,NY,100
Waddell & Reed Financial Inc.,Overland Park,KS,45
Walgreen Co.,Deerfield,IL,100
Walmart Inc.,Bentonville,AR,100
Walt Disney Co. The,Burbank,CA,100
Warby Parker,New York,NY,100
Warner Media,New York,NY,100
Washington DC Permanente Medical Group,Renton,WA,100
Waste Management Inc.,Houston,TX,90
Wawa Inc.,Wawa,PA,95
WE Communications,Bellevue,WA,100
WEC Energy Group,Milwaukee,WI,100
WeddingWire Inc.,Chevy Chase,MD,100
Weil Gotshal & Manges LLP,New York,NY,100
WellCare Health Plans Inc.,Tampa,FL,100
Wellmark Inc.,Des Moines,IA,100
Wells Fargo & Co.,San Francisco,CA,100
Wendy's Co. The,Dublin,OH,40
WESCO International Inc.,Pittsburgh,PA,80
West Corp.,Omaha,NE,75
West Monroe Partners LLC,Chicago,IL,100
Western & Southern Financial Group,Cincinnati,OH,10
Western Digital Corp.,San Jose,CA,100
Western Refining Inc.,El Paso,TX,10
Western Union Co. The,Englewood,CO,50
WestRock,Norcross,GA,75
Weyerhaeuser Co.,Seattle,WA,95
Whirlpool Corp.,Benton Harbor,MI,100
White & Case LLP,New York,NY,100
Wiley Rein LLP,Washington DC,DC,100
Williams Companies Inc.,Tulsa,OK,100
Williams Mullen,Richmond,VA,100
Williams-Sonoma Inc.,San Francisco,CA,90
Willis Towers Watson,Arlington,VA,100
Willkie Farr & Gallagher LLP,New York,NY,85
Wilmer Cutler Pickering Hale & Dorr LLP,Washington DC,DC,100
Wilson Sonsini Goodrich & Rosati PC,Palo Alto,CA,95
Windstream Corp.,Little Rock,AR,30
Winn-Dixie Stores Inc.,Jacksonville,FL,55
Winston & Strawn LLP,Chicago,IL,100
Wipro Ltd.,East Brunswick,NJ,95
Womble Bond Dickinson (US) LLP,Winston-Salem,NC,100
Workday Inc.,Pleasanton,CA,100
World Fuel Services,Miami,FL,75
WPP Group USA,New York,NY,100
Wyndham Destinations,Parsippany,NJ,100
Wyndham Hotels & Resorts Inc.,Parsippany,NJ,100
Wynn Resorts Ltd.,Las Vegas,NV,85
Xcel Energy Inc.,Minneapolis,MN,100
Xerox Corp.,Norwalk,CT,100
XPO Logistics,Greenwich,CT,75
Xylem Inc.,Rye Brook,NY,75
Yelp Inc.,San Francisco,CA,100
Young's Market Co.,Tustin,CA,75
YRC Worldwide Inc.,Overland Park,KS,20
Yum China Holdings,Plano,TX,15
Yum! Brands Inc.,Louisville,KY,100
Zillow Group,Seattle,WA,90
Zimmer Holdings Inc.,Warsaw,IN,80
ZS Associates Inc.,Evanston,IL,80
Zurich North America,Schaumburg,IL,80