Employer,City,State,CEI Rating
1-800-FLOWERS.COM Inc.,Jericho,NY,95
2U Inc.,Lanham,MD,55
360 Behavioral Health,Los Angeles,CA,70
3M Co.,St. Paul,MN,100
ABB Inc.,Cary,NC,75
Abbott Laboratories,Abbott Park,IL,90
AbbVie Inc.,North Chicago,IL,100
Abercrombie & Fitch Co.,New Albany,OH,100
Aberdeen Standard Investments,Philadelphia,PA,95
ACA Group,N. Bethesda,MD,90
Academy Sports and Outdoors,Katy,TX,5
Accenture,New York,NY,100
Acosta Group,Jacksonville,FL,40
Adaptive Biotechnologies Corporation,Seattle,WA,55
Adidas North America Inc.,Portland,OR,95
Adobe Inc.,San Jose,CA,95
ADP,Roseland,NJ,85
ADUSA Distribution LLC,Salisbury,NC,80
ADUSA Transportation LLC,Salisbury,NC,80
Advance Auto Parts (Advance Holding),Raleigh,NC,60
Advanced Micro Devices Inc.,Santa Clara,CA,100
Advantage Solutions Inc.,Irvine,CA,70
AECOM,Los Angeles,CA,100
Aegon Asset Management,Cedar Rapids,IA,75
AES Corp. The,Arlington,VA,90
Aflac Incorporated,Columbus,GA,50
Agco,Duluth,GA,0
Agilent Technologies Inc.,Santa Clara,CA,30
AIG,New York,NY,80
Air Liquide US LLC,Houston,TX,95
Air Products & Chemicals Inc.,Allentown,PA,95
Airbnb Inc.,San Francisco,CA,100
Airbus Americas Inc.,Herndon,VA,100
Airlines Reporting Corporation (ARC),Arlington,VA,80
Akamai Technologies Inc.,Cambridge,MA,90
Akerman LLP,Miami,FL,95
Akin Gump Strauss Hauer & Feld LLP,Washington DC,DC,100
Alaska Airlines,Seattle,WA,100
Albemarle Corporation,Charlotte,NC,60
Albertsons Companies Inc.,Boise,ID,45
Alcoa Corp.,Pittsburgh,PA,85
Alcon Inc,Fort Worth,TX,100
Alexander & Baldwin,Honolulu,HI,0
Alight Solutions,Lincolnshire,IL,100
AlixPartners LLP,New York,NY,100
Alleghany Corp.,New York,NY,0
Allen & Overy LLP,New York,NY,100
AllianceBernstein LP,Nashville,TN,100
Alliant Energy Corp.,Madison,WI,100
Allianz Life Insurance Co. of North America,Minneapolis,MN,95
Allstate Insurance Co.,Northbrook,IL,100
Ally Financial Inc.,Detroit,MI,95
Alnylam Pharmaceutical Inc.,Cambridge,MA,90
Alston & Bird LLP,Atlanta,GA,100
Altice USA Inc.,Long Island City,NY,100
Altria Group Inc.,Richmond,VA,100
Amalgamated Bank,New York,NY,100
A-Mark Precious Metals,El Segundo,CA,0
Amazon.com Inc.,Seattle,WA,100
AMC Entertainment Inc.,Leawood,KS,100
AMC Networks,New York,NY,90
Ameren Corp.,St. Louis,MO,75
American Airlines,Fort Worth,TX,100
American Century Investments,Kansas City,MO,55
American Eagle Outfitters Inc.,Pittsburgh,PA,100
American Electric Power Co. Inc.,Columbus,OH,90
American Express Company,New York,NY,100
American Express Global Business Travel,Jersey City,NJ,55
American Family Mutual Insurance Company S.I.,Madison,WI,90
American Financial Group,Cincinnati,OH,35
American Greetings Corp.,Cleveland,OH,100
American Honda Motor Co.,Torrance,CA,90
American Tower Corp.,Boston,MA,95
American Water,Camden,NJ,70
Ameriprise Financial Inc.,Minneapolis,MN,100
AmerisourceBergen Corp.,Chesterbrook,PA,100
Amgen Inc.,Thousand Oaks,CA,100
AMN Healthcare Services Inc.,Dallas,TX,95
Amphenol Corp.,Wallingford,CT,5
Amyris Inc.,Emeryville,CA,50
Analog Devices Inc.,Norwood,MA,90
Andersen Corp.,Bayport,MN,95
Andersons Inc. The,Maumee,OH,5
Anheuser-Busch Companies Inc.,St. Louis,MO,70
Anschutz Entertainment Group Inc.,Los Angeles,CA,100
Ansys Inc.,Canonsburg,PA,100
Anthem Inc.,Indianapolis,IN,60
Anywhere Real Estate,Madison,NJ,80
Aon plc,Chicago,IL,100
Apache Corp.,Houston,TX,5
Apollo Global Management Inc.,New York,NY,100
Appian Corporation,McLean,VA,70
Apple Inc.,Cupertino,CA,100
Applied Materials Inc.,Santa Clara,CA,100
AQR Capital Management LLC,Greenwich,CT,100
Aramark Corp.,Philadelphia,PA,100
Arcadis U.S. Inc.,Highlands Ranch,CO,100
Arch Capital Group Ltd,White Plains,NY,65
Archer Daniels Midland Co.,Chicago,IL,55
Arconic,New York,NY,100
ArentFox Schiff,Washington DC,DC,100
Ares Management LLC,Los Angeles,CA,100
Aristocrat Technologies Inc.,Las Vegas,NV,65
ARKO,Richmond,VA,0
Armstrong Teasdale LLP,St. Louis,MO,80
Arnold & Porter Kaye Scholer LLP,Washington DC,DC,100
Arrrow Electronics,Centennial,CO,85
Arthur J. Gallagher & Co.,Rolling Meadows,IL,100
Arup US Inc.,New York,NY,100
Asbury Automotive Group,Duluth,GA,5
Ascena,Mahwah,NJ,100
Ashland Inc.,Covington,KY,15
AssetMark Financial Holdings Inc.,Concord,Inc,40
Associated Banc-Corp,Greenbay,WI,100
Assurant,New York,NY,100
Astellas Pharma US Inc.,Northbrook,IL,100
AstraZeneca PLC,Wilmington,DE,95
Asurion LLC,Nashville,TN,100
AT&T Inc.,Dallas,TX,100
Atkore International Inc.,Harvey,IL,100
Atlassian,San Francisco,CA,55
Autodesk Inc.,San Rafael,CA,100
Autoliv Inc.,Auburn Hills,MI,5
AutoNation Inc.,Fort Lauderdale,FL,5
Auto-Owners Insurance Group,Lansing,MI,5
AutoZone Inc.,Memphis,TN,65
AvalonBay Communities Inc.,Arlington,VA,100
Avanade Inc.,Seattle,WA,85
Avantor Inc.,Radnor,PA,100
Avaya Inc.,Santa Clara,CA,100
Avery Dennison,Glendale,CA,100
Avient Corporation,Avon Lake,OH,75
Avis Budget Group Inc.,Parsippany,NJ,50
Avita Care Solutions,Plano,TX,100
Avnet Inc.,Pheonix,AZ,100
Avon Products Inc.,Rye,NY,40
Axion Global Inc.,New York,NY,100
BAE Systems Inc.,Falls Church,VA,85
Bain & Co. Inc. / Bridgespan Group,Boston,MA,100
Baker & Hostetler LLP,Cleveland,OH,100
Baker & McKenzie LLP,Chicago,IL,100
Baker Botts LLP,Houston,TX,100
Baker Hughes Inc.,Houston,TX,5
Baker Tilly US LLP,Chicago,IL,85
Baker Donelson Bearman Caldwell & Berkowitz PC,Memphis,TN,85
Ball Corp.,Westminster,CO,90
Ballard Spahr LLP,Philadelphia,PA,100
Bank of America Corp.,Charlotte,NC,100
Bank of New York Mellon Corp. The,New York,NY,100
Barclays,New York,NY,90
Barilla America Inc.,Northbrook,IL,100
Barnes & Noble Inc.,New York,NY,70
Barnes & Thornburg LLP,Indianapolis,IN,75
BASF Corp.,Florham Park,NJ,100
Basis Technologies,Chicago,IL,55
Bass Berry & Sims PLC,Nashville,TN,95
Bath & Body Works LLC,Columbus,OH,70
Battelle Energy Alliance (Idaho National Laboratory),Idaho Falls,ID,70
Battelle Memorial Institute,Columbus,OH,100
Baxter International Inc.,Deerfield,IL,60
BAYADA Home Health Care,Pennsauken Township,NJ,45
Bayer U.S. LLC,Whippany,NJ,100
BB OPC LLC,New York,NY,40
BDO USA PC,Chicago,IL,100
Beacon Roofing Supply Inc.,Herndon,VA,0
Beam Suntory,Chicago,IL,100
Becton Dickinson and Co.,Franklin Lakes,NJ,95
Ben & Jerry's Homemade Inc.,South Burlington,VT,100
Benchmark Senior Living LLC,Waltham,MA,20
Berkeley Research Group LLC,Emeryville,CA,100
Berkshire Bank,Boston,MA,90
Berkshire Hathaway,Omaha,NE,0
Berry Appleman & Leiden LLP,Richardson,TX,30
Berry Global Inc.,Evansville,IN,5
Best Buy Co. Inc.,Richfield,MN,100
Big Lots,Columbus,OH,85
Biogen,Cambridge,MA,100
BioMarin Pharmaceutical Inc.,San Rafael,CA,100
Bioventus Inc.,Durham,NC,50
BJ's Wholesale Club,Westborough,MA,55
Black & Veatch Holding Inc.,Overland Park,KS,55
Black Knight Inc.,Jacksonville,FL,55
BlackLine Inc.,Los Angeles,CA,90
BlackRock,New York,NY,100
Blackstone Inc.,New York,NY,100
Blank Rome LLP,Philadelphia,PA,100
Blend,San Francisco,CA,55
Bloomberg LP,New York,NY,90
Blue Cross & Blue Shield of Rhode Island,Providence,RI,100
Blue Cross and Blue Shield of Louisiana,Baton Rouge,LA,60
Blue Cross Blue Shield Association,Chicago,IL,100
Blue Cross Blue Shield of Florida Inc.,Jacksonville,FL,100
Blue Cross Blue Shield of Massachusetts,Boston,MA,55
Blue Cross Blue Shield of Michigan,Detroit,MI,80
Blue Cross Blue Shield of Minnesota,Eagan,MN,100
Blue Cross Blue Shield of North Carolina,Durham,NC,55
Blue Shield of California,San Francisco,CA,70
Blue Yonder Inc.,Scottsdale,AZ,50
BlueCross BlueShield of Tennessee,Chattanooga,TN,55
BlueTriton Brands Inc.,Stamford,CT,100
BMC Software Inc.,Houston,TX,90
BMO Financial Corp.,Chicago,IL,55
BNP Paribas,New York,NY,65
Bob Evans Farms Inc.,New Albany,OH,25
Boehringer Ingelheim USA Corp.,Ridgefield,CT,100
Boeing Co.,Arlington,VA,100
Boies Schiller Flexner LLP,New York,NY,100
Boise Cascade Holdings LLC,Boise,ID,5
Booking Holdings Inc.,Norwalk,CT,90
Books-A-Million Inc.,Birmingham,AL,25
Booz Allen Hamilton Inc.,McLean,VA,100
BorgWarner Inc.,Auburn Hills,MI,100
Boston Consulting Group,Boston,MA,100
Boston Scientific Corp.,Marlborough,MA,100
Box Inc.,Redwood City,CA,95
BP America Inc.,Houston,TX,95
Bracewell LLP,Houston,TX,85
Bradley Arant Boult Cummings LLP,Birmingham,AL,60
Braze Inc.,New York,NY,100
Bread Financial Holdings Inc.,Columbus,OH,85
Bridge Investment Group Holdings LLC,Sandy,UT,100
Bridgestone Americas Holding Inc.,Nashville,TN,75
Bridgewater Associates LP,Westport,CT,95
Bright Horizons,Newton,MA,70
Brighthouse Financial Inc.,Charlotte,NC,100
Brinker International Inc.,Dallas,TX,55
Bristol Myers Squibb,New York,NY,100
Broadcom Inc.,Irvine,CA,5
Broadridge Financial Solutions Inc.,Lake Success,NY,100
Brooks Sports Inc.,Seattle,WA,100
Brown Advisory,Baltimore,MD,100
Brown and Caldwell,Walnut Creek,CA,95
Brown Brothers Harriman & Co.,New York,NY,100
Brown Rudnick LLP,Boston,MA,100
Brown-Forman Corp.,Louisville,KY,100
Brownstein Hyatt Farber Schreck LLP,Denver,CO,80
Bryan Cave Leighton Paisner LLP,St. Louis,MO,95
Buchalter a Professional Corporation,Los Angeles,CA,85
Buchanan Ingersoll & Rooney PC,Pittsburgh,PA,85
Builders FirstSource Inc.,Dallas,TX,0
Burlington Northern Santa Fe Corp.,Fort Worth,TX,100
Burlington Stores Inc.,Burlington,NJ,100
Burr & Forman LLP,Birmingham,AL,50
C&S Wholesale Grocers Inc.,Keene,NH,100
C.H. Robinson Worldwide,Eden Prairie,MN,70
Cadence Design Systems,San Jose,CA,100
Cadwalader Wickersham & Taft LLP,New York,NY,100
Caesars Entertainment Inc.,Las Vegas,NV,100
Cahill Gordon & Reindel,New York,NY,35
Caleres,St. Louis,MO,100
Cambia Health Solutions Inc.,Portland,OR,80
Cambridge Associates LLC,Boston,MA,100
Cambridge Trust,Burlington,MA,100
Campbell Soup Company,Camden,NJ,70
Camping World Holdings Inc.,Lincolnshire,IL,5
CannonDesign,New York,NY,95
Capgemini America INC,Chicago,IL,100
Capital Area Services Company LLC (CASCI),Charleston,WV,55
Capital Group Companies Inc. The,Los Angeles,CA,100
Capital Markets Company NV The,New York,NY,100
Capital One Financial Corp.,McLean,VA,100
Capri Holdings Limited,New York,NY,85
Cardinal Health Inc.,Dublin,OH,100
CareFirst Inc.,Baltimore,MD,100
CareSource,Dayton,OH,100
Cargill Inc.,Wayzata,MN,100
Cargo Transporters Inc.,Claremont,NC,100
CarGurus Inc.,Cambridge,MA,100
Caribou Coffee Company Inc.,Minneapolis,MN,60
Carlson Inc.,Minnetonka,MN,100
Carlton Fields P.A.,Tampa,FL,100
Carlyle Group LP The,Washington DC,DC,100
CarMax Inc.,Richmond,VA,75
Carnival Corp.,Miami,FL,100
Carrier Global Corporation,Palm Beach Gardens,FL,100
Carvana,Tempe,AZ,5
Casey's General Stores Inc.,Ankeny,IA,0
Catalent Pharma Solutions,Somerset,NJ,90
Catamorphic Inc. DBA LaunchDarkly,Oakland,CA,85
Caterpillar Inc.,Deerfield,IL,40
CBRE Inc.,Los Angeles,CA,100
CDW Corp.,Vernon Hills,IL,85
Celanese Corp.,Irving,TX,95
Cengage Learning Inc.,Mason,OH,95
Centene Corp.,St. Louis,MO,100
CenterPoint Energy Inc.,Houston,TX,40
Ceridian HCM,Bloomington,MN,90
Cetera Financial Group,El Segundo,CA,65
CF Industries Holdings Inc.,Deerfield,IL,5
CGI,Fairfax,VA,100
Chapman and Cutler LLP,Chicago,IL,100
Charles River Laboratories International,Wilmington,MA,80
Charles Schwab & Co. Inc.,San Francisco,CA,100
Charter Communications,Stamford,CT,80
Checkr Inc,San Francisco,CA,95
Chemonics International Inc.,Washington DC,DC,90
Cheniere Energy Inc.,Houston,TX,5
Chesapeake Energy,Oklahoma City,OK,50
Chevron Corp.,San Ramon,CA,100
Chevron Phillips Chemical,The Woodlands,TX,75
Chewy Inc.,Dania Beach,FL,75
CHG Healthcare Inc.,Midvale,UT,75
Chico's FAS Inc.,Fort Myers,FL,35
Chipotle Mexican Grill Inc.,Newport Beach,CA,100
Choate Hall & Stewart LLP,Boston,MA,100
Chobani,New Berlin,NY,100
Choice Hotels International Inc.,Rockville,MD,100
CHS Inc.,Inver Grove Heights,MN,5
Chubb Ltd.,Philadelphia,PA,95
CIBC Bank USA,Chicago,IL,90
Cimpress USA,Waltham,MA,90
Cincinnati Financial Corp.,Fairfield,OH,5
Cintas Corp.,Cincinnati,OH,40
Circana,Chicago,IL,100
Cisco Systems Inc.,San Jose,CA,95
Cision,Chicago,IL,50
Citigroup Inc.,New York,NY,100
Citizens Financial Group,Providence,RI,100
CKE Restaurants Inc.,Franklin,TN,45
Claire's Stores Inc.,Pembroke Pines,FL,100
Clarivate Plc,Chandler,AZ,80
Cleary Gottlieb Steen & Hamilton LLP,New York,NY,100
Clifford Chance US LLP,New York,NY,55
Cliffs Natural Resources Inc.,Cleveland,OH,5
Clorox Co. The,Oakland,CA,100
Clozd Inc.,Palo Alto,CA,5
Cloudflare Inc.,San Francisco,CA,80
CME Group Inc.,Chicago,IL,100
CNA Financial Corporation,Chicago,IL,100
CNO Financial Group Inc.,Carmel,IN,100
CoBank,Greenwood Village,CO,85
Coca-Cola Co. The,Atlanta,GA,100
Code42 Software Inc.,Minneapolis,MN,50
Cognizant Technology Solutions Corp.,Teaneck,NJ,100
CohnReznick LLP,New York,NY,100
Coinbase Inc.,San Francisco,CA,70
Colgate-Palmolive Co.,New York,NY,100
Collaborative Solutions LLC,Reston,VA,45
Colliers International Holdings (USA) Inc.,Seattle,WA,100
Coloplast US,Minneapolis,MN,65
Columbia Sportswear Company,Portland,OR,80
Comcast NBCUniversal,Philadelphia,PA,100
Comerica Inc.,Dallas,TX,100
Commerce Bank,Kansas City,MO,90
Commercial Metals,Irving,TX,5
Commonwealth Equity Services LLC dba Commonwealth Financial Network,Waltham,MA,95
Commscope,Hickory,NC,5
Community Care Behavioral Health Organization,Pittsburgh,PA,100
Community Health Systems Inc.,Franklin,TN,5
Compass,New York,NY,0
Conagra Brands Inc.,Chicago,IL,100
Conduent Incorporated,Florham Park,NJ,90
ConocoPhillips,Houston,TX,90
Consolidated Edison Inc.,New York,NY,50
Constellation Brands Inc.,Victor,NY,95
Constellation Energy Corporation,Baltimore,MD,85
Consumers Energy,Jackson,MI,50
Convergys Corp.,Cincinnati,OH,40
Cooley LLP,Palo Alto,CA,100
CooperCompanies,San Ramon,CA,100
CoreLogic,Irvine,CA,80
Core-Mark Holding Company Inc.,Westlake,TX,25
Cornerstone OnDemand Inc.,Santa Monica,CA,45
Cornerstone Research,San Francisco,CA,100
Corning,Corning,NY,100
Corteva Agriscience,Wilmington,DE,95
Cosmopolitan of Las Vegas The,Las Vegas,NV,55
Costco Wholesale Corp.,Issaquah,WA,20
Coty Inc.,New York,NY,100
Covington & Burling LLP,Washington DC,DC,100
Cox Enterprises Inc.,Atlanta,GA,100
Cozen O'Connor,Philadelphia,PA,100
Cracker Barrel Old Country Store Inc.,Lebanon,TN,50
Crate and Barrel / CB2,Northbrook,IL,50
Cravath Swaine & Moore LLP,New York,NY,75
Creative Artists Agency LLC,Los Angeles,CA,100
Criteo,New York,NY,70
CrowdStrike Inc.,Austin,TX,100
Crowe LLP,Chicago,IL,95
Crowell & Moring LLP,Washington DC,DC,100
Crowley Corporation,Jacksonville,FL,80
Crown Holdings,Philadelphia,PA,5
Cruise,San Francisco,CA,100
Crum & Forster,Morristown,NJ,85
CSAA Insurance Group,Walnut Creek,CA,100
CSG International,Englewood,CO,70
CSX Corp.,Jacksonville,FL,70
Cubic Corporation,San Diego,CA,55
Cue Health,San Diego,CA,100
Cummins Inc.,Columbus,IN,100
CUNA Mutual Group,Madison,WI,100
Cushman & Wakefield,Chicago,IL,100
CVS Health Corp.,Woonsocket,RI,100
Daimler Trucks North America LLC,Portland,OR,50
Dana Inc.,Maumee,OH,80
Danaher Corp.,Washington DC,DC,95
Daniel J. Edelman Inc.,New York,NY,100
Danone North America,White Plains,NY,100
Darden Restaurants Inc.,Orlando,FL,100
Dataminr,New York,NY,90
Davis Polk & Wardwell LLP,New York,NY,100
Davis Wright Tremaine LLP,Seattle,WA,95
DaVita Inc.,Denver,CO,60
Day & Zimmermann LLC,Philadelphia,PA,85
Day Pitney LLP,Parsippany,NJ,85
DCP Midstream Partners,Denver,CO,5
Debevoise & Plimpton LLP,New York,NY,100
Dechert LLP,Philadelphia,PA,100
Deere & Co.,Moline,IL,95
Del Monte Foods Inc.,Walnut Creek,CA,100
Delek US Holdings,Brentwood,TN,20
Dell Technologies Inc.,Round Rock,TX,100
Deloitte LLP,New York,NY,100
Delta Air Lines Inc.,Atlanta,GA,35
Deluxe Corp.,Shoreview,MN,100
Denny's Corp.,Spartanburg,SC,85
Dentons US LLP,Washington DC,DC,100
dentsu international,New York,NY,95
Depository Trust & Clearing Corp. The,New York,NY,100
Designer Brands,Columbus,OH,100
Deutsche Bank,New York,NY,100
Devon Energy Corp.,Oklahoma City,OK,80
Diageo North America,Norwalk,CT,100
Diamondback Energy,Midland,TX,0
Dickinson Wright PLLC,Detroit,MI,100
Dick's Sporting Goods Inc.,Coraopolis,PA,100
Diebold Nixdorf Incorporated,North Canton,OH,75
Digitas,Boston,MA,65
Dillard's Inc.,Little Rock,AR,5
Dinsmore & Shohl LLP,Cincinnati,OH,85
Direct Energy,Houston,TX,70
Discover Financial Services,Riverwoods,IL,100
Discovery Inc.,New York,NY,65
DISH Network Corp.,Englewood,CO,70
DLA Piper,Baltimore,MD,65
Dollar General Corp.,Goodlettsville,TN,80
Dollar Tree Inc.,Chesapeake,VA,85
Dominion Energy,Richmond,VA,95
Domino's Pizza Inc.,Ann Arbor,MI,100
DoorDash Inc.,San Francisco,CA,100
Dorsey & Whitney LLP,Minneapolis,MN,100
Dover Corp.,Downers Grove,IL,5
Dow,Midland,MI,100
Doximity Inc.,San Francisco,CA,100
DR Horton Inc.,Arlington,TX,5
Dropbox Inc.,San Francisco,CA,100
DTE Energy Co.,Detroit,MI,20
Duane Morris LLP,Philadelphia,PA,95
Duke Energy Corp.,Charlotte,NC,100
Dun & Bradstreet Corp. The,Jacksonville,FL,100
Dupont de Nemours Inc.,Wilmington,DE,100
DWS Investment MGT Americas Inc.,New York,NY,95
DXC Technology,Tysons,VA,95
Dykema Gossett PLLC,Detroit,MI,85
E&J Gallo Winery,Modesto,CA,85
EAB,Washington DC,DC,90
Eastern Bank Corporation/Eastern Bankshares Inc.,Boston,MA,90
Eastman Chemical Co.,Kingsport,TN,100
Eastman Kodak Co.,Rochester,NY,100
Eaton Corp.,Cleveland,OH,100
eBay Inc.,San Jose,CA,100
Ecolab Inc.,St. Paul,MN,100
Edelman Financial Engines LLC,Boston,MA,90
Edison International,Rosemead,CA,90
Edward Jones,Des Peres,MO,100
Egon Zehnder International Inc.,New York,NY,100
Electronic Arts Inc.,Redwood City,CA,100
Elevance Health,Indianapolis,IN,75
Eli Lilly & Co.,Indianapolis,IN,100
EMCOR Group Inc.,Norwalk,CT,5
EMD Serono MilliporeSigma and EMD Electronics,Burlington,MA,100
Emerson Electric Co.,St. Louis,MO,70
Emmis Communications Corporation,Indianapolis,IN,20
Empower,Greenwood Village,CO,100
Enbridge,Houston,TX,95
Encova Insurance,Columbus,OH,30
Energy Transfer Equity L.P.,Dallas,TX,5
Engie Impact,New York,NY,85
ENGIE North America,Houston,TX,90
EnLink Midstream,Dallas,TX,5
Entergy Corp.,New Orleans,LA,70
Enterprise Community Partners,Columbia,MD,80
Enterprise Holdings Inc.,St. Louis,MO,70
Enterprise Products Partners LP,Houston,TX,0
EOG Resources,Houston,TX,5
Epic Systems Corporation,Verona,WI,100
Epsilon Data Management LLC,Irving,TX,50
Epstein Becker & Green PC,New York,NY,85
EQT Corporation,Pittsburgh,PA,60
Equifax Inc.,Atlanta,GA,100
Equinix,Redwood City,CA,100
Equitable,New York,NY,95
Ericsson Inc,Plano,TX,70
Erie Insurance Group,Erie,PA,75
Ernst & Young LLP,New York,NY,100
Essendant,Deerfield,IL,65
Essential Utilities Inc.,Bryn Mawr,PA,40
Estée Lauder Companies Inc. The,New York,NY,100
Esurance Inc.,San Francisco,CA,30
Ethan Allen Interiors Inc.,Danbury,CT,45
Etsy Inc.,Brooklyn,NY,100
Eurofins,Lancaster,PA,60
Everbridge Inc.,Burlington,MA,75
Eversheds Sutherland (US) LLP,Atlanta,GA,100
Eversource Energy,Springfield,MA,45
Evolent Health Inc.,Arlington,VA,85
Excellus Health Plan Inc.,Rochester,NY,70
Exelon Corp.,Chicago,IL,100
Expedia Group,Seattle,WA,90
Expeditors International of Washington DC Inc.,Seattle,WA,5
Experian North America,Costa Mesa,CA,100
Extreme Networks,San Jose,CA,100
Exxon Mobil Corp.,Irving,TX,70
F5 Networks Inc.,Seattle,WA,45
Factor Systems LLC dba Billtrust,Trenton,NJ,100
Factory Mutual Insurance Co.,Johnston,RI,0
FactSet Research Systems Inc.,Norwalk,CT,95
Faegre Drinker Biddle & Reath LLP,Chicago,IL,95
Farmers Insurance Group,Woodland Hills,CA,100
Federal Home Loan Mortgage Corp. (Freddie Mac),McLean,VA,100
Federal National Mortgage Association (Fannie Mae),Washington DC,DC,100
Federal Reserve Bank of Atlanta,Atlanta,GA,100
Federal Reserve Bank of Boston,Boston,MA,100
Federal Reserve Bank of Chicago,Chicago,IL,100
Federal Reserve Bank of Cleveland,Cleveland,OH,100
Federal Reserve Bank of Dallas,Dallas,TX,100
Federal Reserve Bank of Kansas City,Kansas City,MO,95
Federal Reserve Bank of Minneapolis,Minneapolis,MN,100
Federal Reserve Bank of New York,New York,NY,100
Federal Reserve Bank of Philadelphia,Philadelphia,PA,100
Federal Reserve Bank of Richmond,Richmond,VA,100
Federal Reserve Bank of San Francisco,San Francisco,CA,55
Federal Reserve Bank of St Louis,Saint Louis,MO,100
FedEx Corp.,Memphis,TN,70
Fenwick & West LLP,Mountain View,CA,100
Ferguson Enterprises,Newport News,VA,80
Fermi National Accelerator Laboratory,Batavia,IL,60
Ferrara Candy Company,Chicago,IL,85
Fidelity Investments,Boston,MA,100
Fidelity National Financial Corp.,Jacksonville,FL,5
Fidelity National Information Services Inc.,Jacksonville,FL,100
Fifth Third Bancorp,Cincinnati,OH,100
Financial Industry Regulatory Authority Inc.,Washington DC,DC,90
Finnegan Henderson Farabow Garrett & Dunner LLP,Washington DC,DC,60
Firmenich Inc.,Plainsboro,NJ,45
First American Financial Corp.,Santa Ana,CA,100
First Horizon Corporation,Memphis,TN,35
FirstEnergy Corp.,Akron,OH,55
Firstsource Group USA Inc.,Louisville,KY,35
Fiserv Inc.,Brookfield,WI,95
Fish & Richardson PC,Boston,MA,95
Fisher & Phillips LLP,Atlanta,GA,100
Fitch Group Inc,New York,NY,100
Flagstar Bancorp Inc.,Troy,MI,30
FLEETCOR Technologies Inc.,Atlanta,GA,65
Fleishman-Hillard Inc.,St. Louis,MO,90
Fluor Corp.,Irving,TX,55
FMC Corp.,Philadelphia,PA,100
Foley & Lardner LLP,Milwaukee,WI,100
Foley Hoag LLP,Boston,MA,100
Food Lion LLC,Salisbury,NC,100
Foot Locker Inc.,New York,NY,95
Ford Motor Co.,Dearborn,MI,100
Fortive Corp.,Everett,WA,100
Fortune Brands Home & Security Inc.,Deerfield,IL,0
Fossil Group Inc.,Richardson,TX,90
Fox Corporation,New York,NY,90
Fox Rothschild LLP,Philadelphia,PA,95
Franklin Templeton Investments,San Mateo,CA,90
Fredrikson & Byron,Minneapolis,MN,100
Freeport-McMoRan Copper & Gold Inc.,Phoenix,AZ,0
Fresenius Medical Care AG & Co. KGaA.,Waltham,MA,80
Fried Frank Harris Shriver & Jacobson LLP,New York,NY,100
Frontier Communications,Norwalk,CT,5
Frost Brown Todd LLC,Cincinnati,OH,90
Fujitsu America Inc.,Richardson,TX,100
Galloway Johnson Tompkins Burr & Smith PLC,New Orleans,LA,90
GameStop Corp.,Grapevine,TX,60
Gannett Co. Inc.,McLean,VA,100
Gap Inc.,San Francisco,CA,95
Gartner Inc.,Stamford,CT,100
Gastronomy Inc.,Salt Lake City,UT,100
GE Appliances,Louisville,KY,100
GE Healthcare Technologies Inc.,Chicago,IL,85
Gen Digital Inc.,Mountain View,CA,65
Genentech Inc.,South San Francisco,CA,100
General Dynamics Corp.,Falls Church,VA,25
General Electric Co.,Boston,MA,100
General Mills Inc.,Minneapolis,MN,100
General Motors Co.,Detroit,MI,100
Genesco Inc.,Nashville,TN,100
Genuine Parts Co.,Atlanta,GA,5
Genworth Financial Inc.,Richmond,VA,80
Gerson Lehrman Group Inc,New York,NY,100
Ghirardelli Chocolate Company,San Leandro,CA,90
Giant Eagle Inc.,Pittsburgh,PA,100
Giant of Maryland LLC,Landover,MD,100
Gibson Dunn & Crutcher LLP,Los Angeles,CA,95
Gilbane Building Company,Providence,RI,100
Gilead Sciences Inc.,Foster City,CA,100
GlassBridge Enterprises Inc.,Oakdale,MN,15
Global Partners,Waltham,MA,5
Global Payments Inc.,Atlanta,GA,100
GlobalFoundries US Inc.,Malta,NY,100
GODADDY Inc.,Scottsdale,AZ,85
Goldman Sachs Group Inc. The,New York,NY,100
Goodwin Procter LLP,Boston,MA,100
Google Inc.,Mountain View,CA,100
Gordon Rees Scully Mansukhani LLP,San Francisco,CA,100
Goto Group Inc.,Boston,MA,85
Goulston & Storrs,Boston,MA,100
Government Employees Health Association Inc.,Lee's Summit,MO,100
Grant Thornton LLP,Chicago,IL,100
Grantham Mayo Van Otterloo & Co. (GMO) LLC,Boston,MA,100
Graphic Packaging International LLC,Atlanta,GA,5
Graybar Electric Company Inc.,St. Louis,MO,5
Great River Energy,Maple Grove,MN,100
Greenberg Traurig LLP,New York,NY,100
GreenPath Inc.,Farmington Hills,MI,45
Groupon Inc.,Chicago,IL,70
GSK plc.,Research Triangle Park,NC,85
Guardian Life Insurance Co. of America The,New York,NY,100
Guess? Inc.,Los Angeles,CA,80
Guidehouse,Washington DC,DC,50
Guild Education Inc.,Denver,CO,95
Gusto Inc.,San Francisco,CA,70
GXO Logistics,Greenwich,CT,5
H&R Block Inc.,Kansas City,MO,100
Hachette Book Group,New York,NY,85
Hain Celestial Group Inc. The,Lake Success,NY,40
Halliburton Co.,Houston,TX,5
Hallmark Cards Inc.,Kansas City,MO,85
Hanesbrands Inc.,Winston-Salem,NC,60
Hannaford Supermarkets,Scarborough,ME,100
Hanover Insurance Group Inc. The,Worcester,MA,100
Harley-Davidson Inc.,Milwaukee,WI,45
Hartford Financial Services Group Inc. The,Hartford,CT,100
Hasbro Inc.,Pawtucket,RI,70
Hawaiian Airlines Inc.,Honolulu,HI,75
Haynes and Boone LLP,Dallas,TX,75
HCA Healthcare Inc.,Nashville,TN,85
HCL Technologies Ltd.,Santa Clara,CA,60
Health Catalyst,South Jordan,UT,70
Health Care Service Corp.,Chicago,IL,100
HealthEquity Inc.,Draper,UT,80
Hearst Corp. The,New York,NY,95
Henkel Corporation,Rocky Hill,CT,75
Henry Schein Inc.,Melville,NY,100
HERE North America LLC,Chicago,IL,55
Herrick Feinstein LLP,New York,NY,60
Hershey Co. The,Hershey,PA,100
Hertz Global Holdings Inc.,Estero,FL,90
Hess Corp.,New York,NY,90
Hewlett Packard Enterprise Co.,San Jose,CA,100
Highmark Blue Cross Blue Shield Delaware,Wilmington,DE,100
Highmark Inc.,Pittsburgh,PA,100
Highmark West Virginia,Parkersburg,WV,100
Hilti Inc.,Plano,TX,65
HILTON,McLean,VA,100
Hinshaw & Culbertson LLP,Chicago,IL,100
Hitachi Vantara,Santa Clara,CA,95
HKS INC.,Dallas,TX,100
Hogan Lovells US LLP,Washington DC,DC,100
Holland & Hart LLP,Denver,CO,100
Holland & Knight LLP,Miami,FL,100
HollyFrontier Corp.,Dallas,TX,5
Home Depot Inc. The,Atlanta,GA,45
Honeywell International Inc.,Charlotte,NC,100
Horizon Blue Cross Blue Shield of New Jersey,Newark,NJ,90
Horizon Media Inc.,New York,NY,85
Hormel Foods Corp.,Austin,MN,100
Host Hotels & Resorts Inc.,Bethesda,MD,60
Houghton Mifflin Harcourt Co.,Boston,MA,90
Howard & Howard Attorneys PLLC,Royal Oak,MI,60
Howmet Aerospace,Pittsburgh,PA,85
HP Inc.,Palo Alto,CA,90
HSBC USA,New York,NY,100
Hughes Hubbard & Reed LLP,New York,NY,85
Humana Inc.,Louisville,KY,90
Huntington Bancshares Inc.,Columbus,OH,100
Huntington Ingalls Industries,Newport News,VA,80
Hunton Andrews Kurth LLP,Richmond,VA,90
Huron Consulting Group Inc.,Chicago,IL,100
Husch Blackwell LLP,St. Louis,MO,100
Hyatt Hotels Corp.,Chicago,IL,100
Hyland Software Inc.,Westlake,OH,80
Hypertherm Inc.,Hanover,NH,70
Hyundai Motor America,Fountain Valley,CA,55
Hyve Solutions Corporation,Fremont,CA,60
IAC Inc.,New York,NY,85
IBM Corp.,Armonk,NY,100
Icahn Enterprises LP,New York,NY,0
Ice Miller LLP,Indianapolis,IN,90
ICF,Fairfax,VA,55
IGT,Providence,RI,100
iHeartMedia Inc.,San Antonio,TX,45
IHG Hotels & Resorts,Atlanta,GA,100
IKEA Holding US Inc.,Conshohocken,PA,85
Illinois Tool Works Inc.,Glenview,IL,100
Illumina,San Diego,CA,100
Impellam North America,Atlanta,GA,40
Impossible Foods,Redwood City,CA,90
Indeed Inc.,Austin,TX,100
Infoblox,Santa Clara,CA,45
Informa PLC,Sarasota,FL,90
Infosys Limited Inc.,Richardson,TX,100
Ingersoll-Rand Company,Davidson,NC,50
Ingram Micro,Irvine,CA,95
Ingredion Inc.,Westchester,IL,100
Inmar Inc.,Winston Salem,NC,30
Insight Enterprises Inc.,Chandler,AZ,100
Instacart,San Francisco,CA,100
Integral Ad Science Inc.,New York,NY,60
Intel Corp.,Santa Clara,CA,100
Intercontinental Exchange,Atlanta,GA,5
International Flavors & Fragrances,New York,NY,85
Interpublic Group of Companies Inc.,New York,NY,100
Intuit Inc.,Mountain View,CA,100
Invesco Ltd.,Atlanta,GA,70
Invitation Homes,Dallas,TX,75
IQVIA Holdings,Durham,NC,5
Iron Mountain Inc.,Boston,MA,90
J. Crew Group LLC,New York,NY,70
J. M. Smucker Co.,Orrville,OH,100
J.B. Hunt Transport,Lowell,AR,45
J.C. Penney Co. Inc.,Plano,TX,80
Jabil Circuit Inc.,St. Petersburg,FL,70
Jackson Financial Inc.,Lansing,MI,70
Jackson Lewis PC,New York,NY,100
Jacobs Engineering Group Inc.,Dallas,TX,100
Janus Henderson Investors,Denver,CO,100
Jefferies Group,New York,NY,5
Jenner & Block LLP,Chicago,IL,100
Jenner & Block LLP,Long Island City,NY,70
JLL,Chicago,IL,90
John Hancock Financial Services Inc.,Boston,MA,85
John Wiley & Sons Inc.,Hoboken,NJ,90
Johnson & Johnson,New Brunswick,NJ,100
Johnson Controls Inc.,Milwaukee,WI,100
Johnson Financial Group,Racine,WI,100
JPMorgan Chase & Co.,New York,NY,100
JSX,Dallas,TX,90
K&L Gates LLP,Pittsburgh,PA,100
Kaiser Permanente,Oakland,CA,95
Kantar LLC,New York,NY,80
Katten Muchin Rosenman LLP,Chicago,IL,100
KB Home,Los Angeles,CA,15
KBR Inc.,Houston,TX,5
Kearney,Chicago,IL,100
Kelley Drye & Warren LLP,New York,NY,90
Kellogg Co.,Battle Creek,MI,100
Kelly Services Inc.,Troy,MI,75
Kenneth Cole Productions Inc.,New York,NY,30
Kering Americas Inc.,New York,NY,85
Keurig Dr Pepper Inc.,Frisco,TX,100
KeyCorp,Cleveland,OH,100
Keysight Technologies,Santa Rosa,CA,75
Kilpatrick Townsend & Stockton LLP,Atlanta,GA,85
Kimberly-Clark Corp.,Irving,TX,100
Kimco Realty Corp.,Jericho,NY,100
Kin + Carta,Chicago,IL,80
Kinder Morgan Inc.,Houston,TX,5
King & Spalding LLP,Atlanta,GA,100
Kirkland & Ellis LLP,Chicago,IL,100
KKR & Co. LP,New York,NY,100
KLA Corporation,Milpitas,CA,100
Kobre & Kim,New York,NY,100
Kohler Co.,Kohler,WI,100
Kohl's Corp.,Menomonee Falls,WI,95
Komatsu Mining Corp.,Milwaukee,WI,60
Korn Ferry,Los Angeles,CA,100
KPMG LLP,New York,NY,100
Kraft Heinz Company The,Chicago,IL,100
Kramer Levin Naftalis & Frankel LLP,New York,NY,90
Kroger Co. The,Cincinnati,OH,85
Kroll LLC,New York,NY,90
Kutak Rock LLP,Omaha,NE,100
L.L. Bean Inc.,Freeport,ME,90
L3 Harris Technologies,Melbourne,FL,100
Laboratory Corporation of America Holdings,Burlington,NC,85
Laclede Group Inc. The,St. Louis,MO,15
Lam Research Corp.,Fremont,CA,100
Land O'Lakes Inc.,Arden Hills,MN,75
Lands' End Inc.,Dodgeville,WI,90
Landstar System Inc.,Jacksonville,FL,5
Lane Powell PC,Seattle,WA,100
Las Vegas Sands Corp.,Las Vegas,NV,40
Latham & Watkins LLP,New York,NY,95
Lathrop GPM,Kansas City,MO,95
Lear Corp.,Southfield,MI,35
Leidos Holdings,Reston,VA,95
LendingClub,San Francisco,CA,90
Lendlease Americas Inc.,New York,NY,95
Lennar Corp.,Miami,FL,5
Lenovo Inc (U.S.),Morrisville,NC,90
Leo Burnett Company Inc.,Chicago,IL,55
Leslie's,Phoenix,AZ,90
Levi Strauss & Co.,San Francisco,CA,100
Lexmark International Inc.,Lexington,KY,100
Liberty Media Corp.,Englewood,CO,5
Liberty Mutual Group,Boston,MA,100
Lidl US,Arlington,VA,55
Lincoln National Corp.,Radnor,PA,100
Linde,Danbury,CT,65
LinkedIn,Sunnyvale,CA,100
Linklaters,New York,NY,65
Lions Gate Entertainment Corp.,Santa Monica,CA,90
Lithia Motors Inc.,Medford,OR,5
Littler Mendelson PC,San Francisco,CA,100
Live Nation Entertainment Inc.,Beverly Hills,CA,90
LIXIL Americas,Piscataway,NJ,45
LKQ Corp.,Chicago,IL,90
Locke Lord LLP,Dallas,TX,85
Lockheed Martin Corp.,Bethesda,MD,100
Loeb & Loeb LLP,Los Angeles,CA,100
Loews Corp.,New York,NY,100
Logitech,Newark,CA,60
Lord Abbett & Co. LLC,Jersey City,NJ,100
L'Oréal USA Inc.,New York,NY,85
Lowenstein Sandler LLP,New York,NY,100
Lowe's Companies Inc.,Mooresville,NC,100
LPL Financial Holdings Inc.,Boston,MA,100
Lubrizol Corp.,Wickliffe,OH,75
Lumen Technologies,Monroe,LA,100
Lumentum Operations LLC,San Jose,CA,30
Lyft Inc.,San Francisco,CA,100
M&T Bank Corp.,Buffalo,NY,95
Macmillan Learning,New York,NY,80
Macmillan Publishing Group,New York,NY,85
Macquarie Group Ltd.,New York,NY,100
Macy's Inc.,Cincinnati,OH,100
Mallinckrodt LLC,Hazelwood,MO,60
Manatt Phelps & Phillips LLP,Los Angeles,CA,100
ManpowerGroup,Milwaukee,WI,100
Marathon Oil Corp.,Houston,TX,25
Marathon Petroleum Corp.,Findlay,OH,100
Markel Corporation,Glen Allen,VA,5
Marriott International Inc.,Bethesda,MD,100
Mars Inc.,Hackettstown,NJ,100
Marsh & McLennan Companies Inc.,New York,NY,100
Masco Corp.,Livonia,MI,75
Massachusetts Mutual Life Insurance Co.,Springfield,MA,100
MasTec Inc.,Coral Gables,FL,5
Mastercard,Purchase,NY,100
Match Group Inc.,Dallas,TX,85
Mathematica Policy Research,Princeton,NJ,100
Mattel Inc.,El Segundo,CA,100
Mayer Brown LLP,Chicago,IL,85
McCarter & English LLP,Newark,NJ,70
McCormick & Company Inc.,Hunt Valley,MD,55
McDermott Will & Emery LLP,Chicago,IL,100
McDonald's Corp.,Chicago,IL,100
McGraw Hill LLC,New York,NY,100
McGuireWoods LLP,Richmond,VA,60
McKesson Corp.,Irving,TX,100
McKinsey & Co. Inc.,New York,NY,100
McKinstry Co. LLC,Seattle,WA,100
Medallia Inc.,Pleasanton,CA,100
Medidata Solutions Inc.,New York,NY,80
Medtronic PLC,Minneapolis,MN,100
Meijer Inc.,Grand Rapids,MI,75
Mercedes-Benz Financial Services USA LLC (MBFS),Farmington Hills,MI,75
Merck,Rahway,NJ,95
MERGE,Chicago,IL,85
Mesirow Financial Holdings Inc.,Chicago,IL,90
Messer North America Inc.,Bridgewater Township,NJ,100
Meta Platforms Inc.,Menlo Park,CA,100
MetLife Inc.,New York,NY,95
MFS Investment Management,Boston,MA,90
MGM Resorts International,Las Vegas,NV,85
Michael Best & Friedrich LLP,Milwaukee,WI,100
Michael Page International Inc.,New York,NY,100
Michelin North America Inc.,Greenville,SC,95
Micron Technology Inc.,Boise,ID,100
Microsoft Corp.,Redmond,WA,100
Milbank LLP,New York,NY,100
MillerKnoll,Zeeland,MI,100
Mintz Levin Cohn Ferris Glovsky & Popeo PC,Boston,MA,100
Moderna Inc.,Cambridge,MA,100
Modernizing Medicine Inc.,Boca Raton,FL,25
Molina Healthcare Inc.,Long Beach,CA,70
Molson Coors Beverage Company,Chicago,IL,100
Momentive,San Mateo,CA,100
Mondelez International Inc.,Chicago,IL,95
Montgomery McCracken Walker & Rhoads LLP,Philadelphia,PA,65
Moody's Corp.,New York,NY,100
Moore & Van Allen PLLC,Charlotte,NC,100
Morgan Stanley,New York,NY,100
Morgan Lewis & Bockius LLP,Philadelphia,PA,100
Morningstar Inc.,Chicago,IL,100
Morris Manning & Martin LLP,Atlanta,GA,100
Morrison & Foerster LLP,San Francisco,CA,100
Mosaic Co.,Tampa,FL,90
Motive Inc.,San Francisco,CA,75
Motorola Solutions Inc.,Chicago,IL,95
MSL,New York,NY,100
Munger Tolles & Olson LLP,Los Angeles,CA,100
Munich-American Holding Corporation,Princeton,NJ,85
Murphy USA,El Dorado,AR,5
Mutual of Omaha Insurance,Omaha,NE,70
NASDAQ Inc.,New York,NY,100
National Cable Communications LLC dba Ampersand,New York,NY,30
National Fuel Gas Company,Williamsville,NY,75
National Grid USA,Waltham,MA,100
National Railroad Passenger Corporation,Washington DC,DC,100
Nationwide,Columbus,OH,100
Navient,Wilmington,DE,65
Navistar International Corp.,Lisle,IL,20
NCR Corp.,Atlanta,GA,95
Nelson Mullins Riley & Scarborough LLP,Columbia,SC,70
Nestle Health Science,Hoboken,NJ,100
Nestle Purina PetCare Co.,St. Louis,MO,100
Nestlé USA Inc.,Arlington,VA,100
NetApp Inc.,San Jose,CA,85
Netflix Inc.,Los Gatos,CA,65
Neuberger Berman Group LLC,New York,NY,100
New Belgium Brewing Company,Fort Collins,CO,100
New Relic Inc.,San Francisco,CA,55
New York Life Insurance Company,New York,NY,100
New York Times Co.,New York,NY,25
Newell Brands Inc.,Atlanta,GA,100
Newfront Insurance Holdings Inc.,San Francisco,CA,95
Newmark Group Inc.,New York,NY,65
Newmont Corp.,Denver,CO,80
News Corp.,New York,NY,5
NextEra Energy Inc.,Juno Beach,FL,100
NextGen Healthcare Inc.,Atlanta,GA,95
NextRoll Inc.,San Francisco,CA,40
NFP,New York,NY,45
Nielsen,New York City,NY,50
NielsenIQ,Chicago,IL,50
Nike Inc.,Beaverton,OR,100
Nissan North America Inc.,Franklin,TN,90
Nixon Peabody LLP,Boston,MA,100
Nokia Inc.,Irving,TX,70
Nomura,New York,NY,100
Nordic Consulting Partners Inc.,Madison,WI,45
Nordstrom Inc.,Seattle,WA,100
Norfolk Southern Corp.,Atlanta,GA,50
North Highland,Atlanta,GA,80
Northern Trust Corp.,Chicago,IL,100
Northfield Park Associates LLC,Northfield,OH,30
Northrop Grumman Corp.,Falls Church,VA,100
Northwestern Mutual Life Insurance,Milwaukee,WI,100
Norton Rose Fulbright,Houston,TX,95
Novartis Pharmaceuticals Corporation,East Hanover,NJ,100
Novo Nordisk Inc.,Plainsboro,NJ,100
NRG Energy Inc.,Houston,TX,55
NTT DATA Services LLC,Plano,TX,95
Nuance Communications,Burlington,MA,65
Nucor Corp.,Charlotte,NC,0
Numerator,Chicago,IL,100
nVent Electric PLC,Minneapolis,MN,50
NVIDIA Corp.,Santa Clara,CA,95
NVR Inc.,Reston,VA,5
Oaktree Capital Management LP,Los Angeles,CA,70
Occidental Petroleum,Houston,TX,95
Ocean Spray Cranberries Inc.,Lakeville-Middleboro,MA,90
Ogilvy Group Inc.,New York,NY,55
Ogletree Deakins Nash Smoak & Stewart,Greenville,SC,90
O-I Glass,Perrysburg,OH,90
Okta Inc.,San Francisco,CA,85
Old National Bank,Evansville,IN,55
Old Republic International,Chicago,IL,100
Olin Corporation,Clayton,MO,5
Olympus Corporation of the Americas,Center Valley,PA,90
O'Melveny & Myers LLP,Los Angeles,CA,100
Omnicom Group,New York,NY,100
ONE Gas Inc.,Tulsa,OK,55
ONEOK Inc.,Tulsa,OK,75
Opendoor Technologies,Tempe,AZ,5
Options Clearing Corporation,Chicago,IL,90
Oracle Corp.,Austin,TX,100
O'Reilly Automotive Inc.,Springfield,MO,5
Organon,Jersey City,NJ,85
Orrick Herrington & Sutcliffe LLP,New York,NY,100
Oscar Health Inc.,New York,NY,55
Oshkosh Corporation,Oshkosh,WI,100
Otis Worldwide Corporation,Farmington,CT,80
Otsuka America Pharmaceutical Inc.,Rockville,MD,100
Overstock.com Inc.,Midvale,UT,75
Ovintiv USA Inc.,Denver,CO,5
Owens Corning,Toledo,OH,85
Paccar Inc.,Bellevue,WA,80
Pacific Life Insurance Co.,Newport Beach,CA,80
Packaging Corporation of America,Lake Forest,IL,5
Palo Alto Networks,Santa Clara,CA,85
Panasonic Corporation of North America,Newark,NJ,100
Panera Bread Co.,St. Louis,MO,90
Papa John's International Inc.,Atlanta,GA,70
Paramount,New York,NY,100
Paramount Global,New York,NY,5
Parexel International Corp.,Newton,MA,80
Pariveda Solutions Inc.,Dallas,TX,100
Parker Hannifin Corp.,Cleveland,OH,5
Parsons Corporation,Centreville,VA,100
Patagonia Inc.,Ventura,CA,70
Patterson Belknap Webb & Tyler LLP,New York,NY,70
Patterson Companies (Patterson Dental Supply),St. Paul,MN,60
Paul Hastings LLP,Los Angeles,CA,100
Paul Weiss Rifkind Wharton & Garrison LLP,New York,NY,95
PayPal Holdings Inc.,San Jose,CA,100
PBF Energy,Parsippany,NJ,5
Peabody,St. Louis,MO,40
Peapod Digital Labs LLC,Chicago,IL,90
Pearson,Hoboken,NJ,90
Pegasystems,Cambridge,MA,85
Peloton Interactive Inc.,New York,NY,100
Penske Automotive Group Inc.,Bloomfield Hills,MI,5
PepsiCo Inc.,Purchase,NY,100
Performance Food Group Co.,Richmond,VA,5
Perkins and Will Inc.,Chicago,IL,100
Perkins Coie LLP,Seattle,WA,100
Pernod Ricard USA LLC,New York,NY,100
Petco Health & Wellness Inc.,San Diego,CA,95
Peter Kiewit Sons' Inc.,Omaha,NE,5
PetSmart LLC,Phoenix,AZ,100
Pfizer Inc.,New York,NY,100
PG&E Corp.,Oakland,CA,85
PGA TOUR Inc.,Ponte Vedra Beach,FL,100
Philip Morris International Inc.,Stamford,CT,70
Philips,Cambridge,MA,90
Phillips 66,Houston,TX,70
Pillsbury Winthrop Shaw Pittman LLP,New York,NY,100
PIMCO LLC,Newport Beach,CA,100
Pinnacle West Capital,Phoenix,AZ,50
Pinnacol Assurance,Denver,CO,45
Pinterest Inc.,San Francisco,CA,100
Pioneer Natural Resources USA Inc.,Irving,TX,85
Piper Sandler & Co.,Minneapolis,MN,100
Pitney Bowes Inc.,Stamford,CT,100
Plains GP Holdings,Houston,TX,5
PNC Financial Services Group Inc. The,Pittsburgh,PA,95
PNM Resources Inc.,Albuquerque,NM,20
Point B Inc.,Seattle,WA,95
Point32Health Inc.,Canton,MA,100
Polaris Industries Inc.,Medina,MN,5
Polsinelli,Kansas City,MO,90
Porter Wright Morris & Arthur LLP,Columbus,OH,85
Portland General Electric Co.,Portland,OR,100
PPG Industries Inc.,Pittsburgh,PA,100
PPL Corp.,Allentown,PA,90
PricewaterhouseCoopers LLP,New York,NY,100
Prime Therapeutics LLC,Eagan,MN,50
Principal Financial Group,Des Moines,IA,90
Privilege Underwriters Reciprocal Exchange (PURE Insurance),White Plains,NY,25
Procter & Gamble Co.,Cincinnati,OH,100
Progressive Corp. The,Mayfield Village,OH,85
Prologis Inc. (PLD),San Francisco,CA,45
PROS,Houston,TX,55
Proskauer Rose LLP,New York,NY,100
Prudential Financial Inc.,Newark,NJ,100
Prysmian Cables and Systems USA LLC,Highland Heights,KY,95
PTC Inc.,Boston,MA,95
Public Consulting Group LLC,Boston,MA,55
Public Service Enterprise Group,Newark,NJ,100
Publicis Health,New York,NY,95
Publicis Media,New York,NY,95
Publicis NY,New York,NY,60
Publicis Sapient,Boston,MA,85
Publix Super Markets Inc.,Lakeland,FL,0
PulteGroup Inc.,Atlanta,GA,40
Pure Storage Inc.,Mountain View,CA,95
PVH Corp.,New York,NY,80
Pyxus International Inc.,Morrisville,NC,15
QIAGEN LLC,Germantown,MD,100
Quaintance-Weaver Management LLC,Greensboro,NC,65
Qualcomm Inc.,San Diego,CA,55
Quality Building Services Corp.,New York,NY,100
Quality Protection Services Inc.,New York,NY,100
Qualtrics International Inc.,Provo,UT,75
Quanta Services,Houston,TX,65
Quantcast Corp.,San Francisco,CA,60
Quarles & Brady LLP,Milwaukee,WI,100
Quest Diagnostics Inc.,Secaucus,NJ,100
Quickbase LLC.,Boston,MA,55
Quinn Emanuel Urquhart & Sullivan LLP,Los Angeles,CA,90
Qurate Retail Group,West Chester,PA,100
R.R. Donnelley & Sons Co.,Chicago,IL,45
R1 RCM Inc.,Murray,UT,100
Rackspace Technology,San Antonio,TX,95
Radian Group Inc.,Wayne,PA,90
Ralph Lauren Corp.,New York,NY,75
Ramboll US Corporation,Arlington,VA,95
Randstad,Atlanta,GA,100
RAPID7,Boston,MA,90
Raymond James Financial Inc.,St. Petersburg,FL,100
RBC Capital Markets LLC,New York,NY,95
RBC Wealth Management,Minneapolis,MN,100
RE/MAX Holdings Inc.,Denver,CO,40
Re:Sources USA Inc.,Long Island City,NY,55
Reckitt,Parsippany,NJ,100
Recreational Equipment Inc.,Sumner,WA,95
Red Hat Inc.,Raleigh,NC,60
Red Ventures,Fort Mill,SC,100
Redfin Corp.,Seattle,WA,65
Reed Smith LLP,Pittsburgh,PA,100
Regal Entertainment Group,Knoxville,TN,25
Regeneron Pharmaceuticals,Tarrytown,NY,85
Regions Financial Corp.,Birmingham,AL,100
Reinhart Boerner Van Deuren s.c.,Milwaukee,WI,95
Reinsurance Group of America Inc.,Chesterfield,MO,70
Reliance Steel & Aluminum Co.,Los Angeles,CA,5
Relias LLC,Morrisville,NC,100
Relx Inc.,New York,NY,100
Renewable Energy Systems Americas Inc.,Denver,CO,75
Replacements Ltd.,McLeansville,NC,100
Republic Services Inc.,Phoenix,AZ,45
Restaurant Brands International,Miami,FL,100
Retail Business Services,Quincy,MA,95
Reynolds American Inc.,Winston-Salem,NC,85
Rightpoint Consulting LLC,Chicago,IL,60
RingCentral Inc.,Belmont,CA,95
Riot Games Inc.,Los Angeles,CA,95
Rite Aid Corp.,Philadelphia,PA,60
Rivian Automotive,Irvine,CA,100
Robert Bosch LLC,Farmington Hills,MI,60
Robert Half,Menlo Park,CA,65
Robert W. Baird & Co. Incorporated,Milwaukee,WI,100
Robins Kaplan LLP,Minneapolis,MN,90
Roche Diagnostics Corp.,Indianapolis,IN,100
Rocket Companies Inc.,Detroit,MI,5
Rockland Trust Co.,Rockland,MA,100
Rockwell Automation Inc.,Milwaukee,WI,100
Rolls-Royce North America (USA) Holdings Co.,Reston,VA,95
Roman Health Ventures Inc.,New York,NY,65
Roper Industries Inc.,Sarasota,FL,0
Ropes & Gray LLP,Boston,MA,100
Ross Stores Inc.,Dublin,CA,100
Royal Caribbean Group,Miami,FL,85
RS Americas Inc.,Fort Worth,TX,95
RSM US LLP,Chicago,IL,100
RTX,Waltham,MA,100
Rue Gilt Groupe,Boston,MA,80
Ryder System Inc.,Miami,FL,25
S&C Electric Company,Chicago,IL,100
S&P Global Inc.,New York,NY,90
S.C. Johnson & Son Inc.,Racine,WI,100
Saatchi & Saatchi North America Inc.,New York,NY,60
Sabre Corporation,Southlake,TX,95
SageSure Insurance Managers LLC,Jersey City,NJ,35
Saint-Gobain Corp.,Malvern,PA,90
Saks Inc.,New York,NY,25
Salesforce,San Francisco,CA,100
Sally Beauty Holdings Inc.,Denton,TX,25
Samsara Inc.,San Francisco,CA,75
Samsung Electronics America Inc.,Ridgefield Park,NJ,100
Sanderson Farms Inc.,Laurel,MS,25
Sandia National Laboratories,Albuquerque,NM,85
Sanmina-SCI,San Jose,CA,5
Sanofi,Bridgewater,NJ,100
Santander US,Boston,MA,100
SAP America Inc.,Newtown Square,PA,100
Sarepta Therapeutics,Cambridge,MA,95
SAS Institute Inc.,Cary,NC,100
Saul Ewing LLP,Philadelphia,PA,100
SBE,Los Angeles,CA,15
Schneider Electric USA Inc.,Boston,MA,100
Schnuck Markets Inc.,St. Louis,MO,45
Scholastic Corp.,New York,NY,65
Schulte Roth & Zabel LLP,New York,NY,100
Science Applications International Corp.,Reston,VA,85
ScionHealth,Louisville,KY,60
Scotiabank USA,New York,NY,100
Scotts Miracle-Gro Company,Marysville,OH,100
Seaboard Corp.,Merriam,KS,0
Seacoast National Bank,Stuart,FL,90
Seagate Technology plc,Fremont,CA,100
Sealed Air Corp.,Charlotte,NC,60
Securian Financial Group Inc.,St. Paul,MN,100
Seismic Software Inc.,San Diego,CA,65
Selective Insurance Group,Branchville,NJ,55
Sempra,San Diego,CA,95
Sensata Technologies Inc.,Attleboro,MA,60
Sephora,San Francisco,CA,100
Serco Inc.,Herndon,VA,35
Service Corporation International,Houston,TX,70
ServiceNow,Santa Clara,CA,100
ServiceSource International Inc.,Denver,CO,15
Seyfarth Shaw LLP,Chicago,IL,100
Shake Shack Inc.,New York,NY,100
SharkNinja Operating LLC,Needham,MA,20
Shearman & Sterling LLP,New York,NY,100
Shell USA Inc.,Houston,TX,100
Sheppard Mullin Richter & Hampton LLP,Los Angeles,CA,100
Sherwin-Williams Co. The,Cleveland,OH,65
SHI International Corp,Somerset,NJ,40
Shook Hardy & Bacon LLP,Kansas City,MO,100
Shure Incorporated,Niles,IL,100
Shutterstock Inc.,New York,NY,100
Sidley Austin LLP,Chicago,IL,100
Siemens Corp.,Washington DC,DC,90
Siemens Healthineers USA,Tarrytown,NY,40
Siemens Medical Solutions USA Inc.,Malvern,PA,100
Signet Jewelers,Akron,OH,95
Simpson Thacher & Bartlett LLP,New York,NY,100
Sirius XM Radio Inc.,New York,NY,95
Skadden Arps Slate Meagher & Flom LLP,New York,NY,100
Skidmore Owings & Merrill LLP,New York,NY,100
SkyWest Inc.,St. George,UT,25
Slalom,Seattle,WA,100
SLM Corp. (Sallie Mae),Newark,DE,70
Smartsheet,Bellevue,WA,100
Snap Inc.,Santa Monica,CA,75
Snell & Wilmer,Phoenix,AZ,60
Social Finance Inc.,Cottonwood Heights,UT,90
Societé Générale,New York,NY,100
Sodexo Inc.,Gaithersburg,MD,100
Softchoice Corp.,Chicago,IL,100
Software AG USA Inc.,Reston,VA,50
Sonepar USA,North Charleston,SC,100
Sonic Automotive Inc.,Charlotte,NC,0
Sonoco Products Company,Hartsville,SC,45
SONOS INC.,Santa Barbara,CA,100
Sony Corporation of America,New York,NY,65
Sony Electronics Inc.,San Diego,CA,95
Sony Interactive Entertainment LLC,San Mateo,CA,100
Sony Music Entertainment,New York,NY,100
Sony Pictures Entertainment Inc.,Culver City,CA,65
Southeastern Grocers Inc.,Jacksonville,FL,70
Southern Co.,Atlanta,GA,100
Southern Graphic Systems LLC,Louisville,KY,55
Southwest Airlines Co.,Dallas,TX,100
Southwestern Energy Co.,Spring,TX,5
SPARC Group LLC,Lyndhurst,NJ,80
Spark Therapeutics Inc.,Philadelphia,PA,35
Sparq,Atlanta,GA,55
SpartanNash,Byron Center,MI,20
Spirit AeroSystems Inc.,Wichita,KS,5
Splunk Inc.,San Francisco,CA,100
Spotify USA Inc.,New York,NY,85
Square Inc.,San Francisco,CA,55
Squarespace,New York,NY,80
Squire Patton Boggs,Cleveland,OH,100
Spencer Stuart,Chicago,IL,100
Standard Chartered,New York,NY,100
Standard Insurance Co.,Portland,OR,90
Stanley Black & Decker Inc.,New Britain,CT,90
Staples Inc.,Framingham,MA,80
Starbucks Corp.,Seattle,WA,80
State Farm Group,Bloomington,IL,100
State Street,Boston,MA,95
Steel Dynamics Inc.,Fort Wayne,IN,10
Steelcase Inc.,Grand Rapids,MI,100
Stellantis,Auburn Hills,MI,90
Steptoe & Johnson LLP,Washington DC,DC,90
Stinson LLP,Kansas City,MO,100
Stoel Rives LLP,Portland,OR,80
StoneX Group,New York,NY,0
Stryker Corp.,Kalamazoo,MI,95
Subaru of America Inc.,Cherry Hill,NJ,80
Suffolk Construction Company Inc.,Boston,MA,50
Sullivan & Cromwell LLP,New York,NY,50
Sumitomo Mitsui Banking Corporation,New York,NY,95
Sun Life,Wellesley Hills,MA,100
Sunrun Inc.,San Francisco,CA,60
Sunset Aviation LLC dba Solairus Aviation,Petaluma,CA,30
Supervalu Inc.,Eden Prairie,MN,25
Sweetgreen Inc.,Los Angeles,CA,100
Symbotic Inc.,Wilmington,MA,95
Synchrony,Stamford,CT,100
Syneos Health,Morrisville,NC,95
SYSCO Corp.,Houston,TX,75
T. Rowe Price Associates Inc.,Baltimore,MD,100
Tailored Brands Inc.,Houston,TX,5
Takeda Pharmaceuticals USA Inc.,Lexington,MA,100
Tapestry Inc.,New York,NY,95
Targa Resources Corp.,Houston,TX,0
Target Corp.,Minneapolis,MN,95
Taylor Morrison Home,Scottsdale,AZ,0
TD Bank N.A.,Cherry Hill,NJ,100
TD Securities (USA) LLC,New York,NY,100
TD SYNNEX Corp.,Clearwater,FL,60
TD SYNNEX Corporation,Fremont,CA,100
TDS Telecommunications LLC,Madison,WI,85
TE Connectivity Inc.,Berwyn,PA,85
TEGNA Inc.,McLean,VA,90
Teladoc Health Inc.,Mountain View,CA,80
Teleflex,Wayne,PA,90
TelevisaUnivision,Miami,FL,85
TENET Healthcare Corporation,Dallas,TX,60
Tenneco Inc.,Lake Forest,IL,65
Teradata Corp.,San Diego,CA,100
Terex Corp.,Norwalk,CT,100
Tesla Inc.,Palo Alto,CA,55
Teva Pharmaceuticals USA Inc.,Parsippany,NJ,100
Texas Instruments Incorporated,Dallas,TX,100
Textron Inc.,Providence,RI,45
The Auto Club Group,Dearborn,MI,100
The Bama Companies Inc.,Tulsa,OK,50
The Boston Beer Company Inc.,Boston,MA,60
The Charles Stark Draper Laboratory,Cambridge,MA,60
The Chemours Company,Wilmington,DE,60
The Cigna Group,Bloomfield,CT,100
The GIANT Company,Carlisle,PA,100
The Global Atlantic Financial Group LLC,New York,NY,45
The Goodyear Tire & Rubber Company,Akron,OH,75
The Judge Group Inc.,Wayne,PA,90
The Knot Worldwide,Chevy Chase,MD,90
The Michaels Companies Inc.,Irving,TX,60
The Neiman Marcus Group Inc.,Dallas,TX,70
The ODP Corporation,Boca Raton,FL,100
The Philadelphia Inquirer PBC,Philadelphia,PA,75
The Stop & Shop Supermarket Company LLC,Quincy,MA,100
The Trade Desk Inc.,Ventura,CA,100
Thermo Fisher Scientific Inc.,Waltham,MA,100
Thompson Coburn LLP,St. Louis,MO,100
Thompson Hine LLP,Cleveland,OH,85
Thomson Reuters,Stamford,CT,100
Thor Industries Inc.,Elkhart,IN,5
Thrivent Financial,Minneapolis,MN,90
TIAA,New York,NY,95
Tiffany & Co.,New York,NY,85
Tillamook County Creamery Association,Tillamook,OR,95
Tinuiti Inc.,New York,NY,60
TJX Companies Inc. The,Framingham,MA,45
T-Mobile USA Inc.,Bellevue,WA,100
Toast Inc.,Boston,MA,65
Tokyo Electron U.S. Holdings Inc.,Austin,TX,60
Toll Brothers Inc.,Fort Washington DC,PA,85
Topbloc LLC,Chicago,IL,50
TowerBrook Capital Partners,New York,NY,100
Toyota North America,Plano,TX,100
TPG Global LLC,Fort Worth,TX,100
Tractor Supply Company,Brentwood,TN,95
Trane Technologies,Davidson,NC,75
Transamerica Corp.,Cedar Rapids,IA,100
TransUnion,Chicago,IL,100
Travel + Leisure Co.,Orlando,FL,100
TravelCenters of America,Westlake,OH,5
Travelers Companies Inc. The,New York,NY,100
Travelport Ltd.,Atlanta,GA,25
TriNet USA Inc.,Dublin,CA,95
Tripadvisor Inc.,Needham,MA,100
Troutman Pepper Hamilton Sanders LLP,Atlanta,GA,90
True Value Company L.L.C.,Chicago,IL,60
Truist Financial,Atlanta,GA,100
Turnberry Solutions Inc.,Minneapolis,MN,100
Turner Construction Co.,New York,NY,80
Twilio Inc.,San Francisco,CA,75
Twitter Inc.,San Francisco,CA,-25
Tyson Foods Inc.,Springdale,AR,45
U.S. Bancorp,Minneapolis,MN,100
U.S. Xpress Enterprises,Chattanooga,TN,20
Uber Technologies Inc.,San Francisco,CA,100
UBS AG,New York,NY,100
UGI Corp.,King of Prussia,PA,5
UKG,Weston,FL,100
UL Solutions,Northbrook,IL,100
Ulta Salon Cosmetics & Fragrance,Bolingbrook,IL,85
Ultimate Fitness Group LLC,Boca Raton,FL,85
Under Armour Inc.,Baltimore,MD,85
Unilever,Englewood Cliffs,NJ,100
Union Pacific Corp.,Omaha,NE,100
Unisys Corp.,Blue Bell,PA,65
United Airlines Holdings Inc.,Chicago,IL,100
United Launch Alliance,Centennial,CO,100
United Natural Foods Inc.,Providence,RI,100
United Parcel Service Inc.,Atlanta,GA,85
United Services Automobile Association,San Antonio,TX,100
United States Steel Corp.,Pittsburgh,PA,60
United Talent Agency LLC,Beverly Hills,CA,100
UnitedHealth Group Inc.,Minnetonka,MN,100
Univar Solutions Inc.,Downers Grove,IL,100
Universal Forest Products Inc.,Grand Rapids,MI,0
Universal Health Services Inc.,King of Prussia,PA,5
University of Phoenix,Phoenix,AZ,95
Unum Group,Chattanooga,TN,100
UPMC Health Plan,Pittsburgh,PA,100
Upwork Inc.,San Francisco,CA,50
Urban Outfitters Inc.,Philadelphia,PA,100
US Foods Inc.,Rosemont,IL,80
USCellular,Chicago,IL,95
USG Corp.,Chicago,IL,15
UW Credit Union,Madison,WI,100
Valero Energy Corp.,San Antonio,TX,45
Vanguard Group Inc.,Malvern,PA,100
Veolia Water Technologies and Solutions,Trevose,PA,85
Vericast,San Antonio,TX,65
Veritas Technologies LLC,Santa Clara,CA,75
Veritiv,Atlanta,GA,80
Verizon Communications Inc.,New York,NY,100
VERMEG SARL,New York,NY,60
Vertex Pharmaceuticals Inc.,Boston,MA,100
VF Corp.,Denver,CO,100
Viasat Inc,Carlsbad,CA,60
Viatris,Canonsburg,PA,5
Victoria's Secret & Co.,Reynoldsburg,OH,100
Vinson & Elkins LLP,Houston,TX,95
Virgin Orbit,Long Beach,CA,55
Visa,San Francisco,CA,100
Vision Service Plan,Rancho Cordova,CA,25
Vistra Corp.,Irving,TX,60
Vivint Smart Home Inc.,Provo,UT,50
Vizient Inc.,Irving,TX,100
VMLY&R,Kansas City,MO,100
VMware Inc.,Palo Alto,CA,100
Volkswagen Group of America Inc.,Herndon,VA,50
Vontier Corporation,Raleigh,NC,70
Vorys Sater Seymour and Pease LLP,Columbus,OH,100
Vox Media Inc.,Washington DC,DC,100
Voya Financial,New York,NY,100
Vynamic LLC,Philadelphia,PA,100
W.L. Gore & Associates Inc.,Newark,DE,100
W.R. Berkley,Greenwich,CT,0
W.W. Grainger Inc.,Lake Forest,IL,100
Wabtec Corporation,Pittsburgh,PA,100
Wachtell Lipton Rosen & Katz,New York,NY,50
Waddell & Reed Financial Inc.,Overland Park,KS,65
Walgreen Co.,Deerfield,IL,95
Walker & Dunlop LLC,Bethesda,MD,90
Walmart Inc.,Bentonville,AR,100
Walt Disney Co. The,Burbank,CA,100
Warby Parker,New York,NY,100
Warner Music Group,New York,NY,100
Washington DC Permanente Medical Group,Renton,WA,45
Waters Corp.,Milford,MA,100
Wawa Inc.,Wawa,PA,60
Wayfair,Boston,MA,75
WE Communications,Bellevue,WA,100
Weil Gotshal & Manges LLP,New York,NY,100
Wellington Management Company LLP,Boston,MA,90
Wellmark Inc.,Des Moines,IA,100
Wells Fargo & Co.,San Francisco,CA,100
Wendy's Co. The,Dublin,OH,95
Werner Enterprises Inc.,Omaha,NE,35
WESCO International Inc.,Pittsburgh,PA,85
West Monroe Partners LLC,Chicago,IL,100
West Technology Group,Omaha,NE,70
Western & Southern Financial Group,Cincinnati,OH,0
Western Digital Corp.,San Jose,CA,85
Western Union Co. The,Denver,CO,90
Westlake Chemical,Houston,TX,5
WestRock,Atlanta,GA,100
WeWork Management LLC,New York,NY,30
Weyerhaeuser Co.,Seattle,WA,70
Whirlpool Corp.,Benton Harbor,MI,100
White & Case LLP,New York,NY,90
Wiley Rein LLP,Washington DC,DC,95
Willamette Dental Group,Hillsboro,OR,80
William Blair & Company LLC,Chicago,IL,100
Williams & Connolly LLP,Washington DC,DC,100
Williams Companies Inc.,Tulsa,OK,100
Williams Mullen Clark & Dobbins,Richmond,VA,100
Williams-Sonoma Inc.,San Francisco,CA,85
Willis Towers Watson,Arlington,VA,100
Willkie Farr & Gallagher LLP,New York,NY,100
WillowTree LLC,Charlottesville,VA,55
Wilmer Cutler Pickering Hale & Dorr LLP,Washington DC,DC,100
Wilson Sonsini Goodrich & Rosati PC,Palo Alto,CA,75
Windstream Corp.,Little Rock,AR,40
Winston & Strawn LLP,Chicago,IL,100
Wipro Ltd.,East Brunswick,NJ,70
WithumSmith+Brown PC,Princeton,NJ,75
Wolfspeed,Durham,NC,80
Womble Bond Dickinson (US) LLP,Winston-Salem,NC,100
Wood,Houston,TX,25
Woodard & Curran Inc.,Portland,ME,50
Workday Inc.,Pleasanton,CA,100
World Fuel Services,Miami,FL,5
World Wide Technology Inc.,St. Louis,MO,85
WPP Group USA,New York,NY,70
Wunderkinder Corporation,New York,NY,60
Wyndham Hotels & Resorts Inc.,Parsippany,NJ,100
Wynn Resorts Ltd.,Las Vegas,NV,35
Xcel Energy Inc.,Minneapolis,MN,100
Xerox Corp.,Norwalk,CT,100
Xperi Inc.,San Jose,CA,95
XPO Logistics,Greenwich,CT,50
Xylem Inc.,Rye Brook,NY,100
Yahoo! Inc.,Sunnyvale,CA,100
Yelp Inc.,San Francisco,CA,100
Yext Inc.,New York,NY,85
Young's Market Co.,Tustin,CA,30
Yum China Holdings,Plano,TX,5
Yum! Brands Inc.,Louisville,KY,55
Zara USA Inc.,New York,NY,90
Zebra Technologies Corporation,Lincolnshire,IL,100
Zendesk Inc.,San Francisco,CA,65
ZF North America,Livonia,MI,30
Ziff Davis,New York,NY,100
Zillow Group,Seattle,WA,80
Zimmer Biomet Holdings Inc.,Warsaw,IN,100
Zions Bancorporation N.A.,Salt Lake City,UT,25
Zoetis Inc.,Parsippany,NJ,100
Zoom Video Communications Inc.,San Jose,CA,45
Zymergen Inc.,Emeryville,CA,0
ZS Associates Inc.,Evanston,IL,100
Zurich North America,Schaumburg,IL,100