Employer,City,State,CEI Rating
3M Co.,St. Paul,MN,100
A.T. Kearney Inc.,Chicago,IL,100
A|X Armani Exchange,New York,NY,95
AAA Northern California Nevada & Utah Insurance Exchange,Walnut Creek,CA,100
Abbott Laboratories,Abbott Park,IL,60
Abercrombie & Fitch Co.,New Albany,OH,100
Accenture Ltd.,New York,NY,100
Acer Inc.,Irvine,CA,20
Adecco North America LLC,Melville,NY,90
Adobe Systems Inc.,San Jose,CA,90
Advance Auto Parts (Advance Holding),Roanoke,VA,0
Advanced Micro Devices Inc.,Sunnyvale,CA,65
AECOM Technology Corp.,Los Angeles,CA,90
AEGON USA Inc.,Cedar Rapids,IA,20
Aéropostale Inc.,New York,NY,75
AES Corp. The,Arlington,VA,50
Aetna Inc.,Hartford,CT,100
AFLAC Inc.,Columbus,GA,30
Agco,Duluth,GA,15
Agilent Technologies Inc.,Santa Clara,CA,100
Ahold USA Inc.,Quincy,MA,55
AIG,New York,NY,100
Air Products & Chemicals Inc.,Allentown,PA,90
AK Steel Holding Corp.,West Chester,OH,30
Akin Gump  Strauss Hauer & Feld LLP,Washington DC,DC,100
Alaska Air Group Inc.,Seattle,WA,100
Alcatel-Lucent,Murray Hill,NJ,100
Alcoa Inc.,New York,NY,100
Allegheny Energy Inc.,Greensburg,PA,15
Allergan Inc.,Irvine,CA,15
Alliant Energy Corp.,Madison,WI,50
Alliant Techsystems Inc.,Minneapolis,MN,50
Allianz Life Insurance Co. of North America,Minneapolis,MN,60
Allscripts-Misys Healthcare Solutions Inc.,Chicago,IL,30
Allstate Corp. The,Northbrook,IL,85
Ally Financial Inc.,Detroit,MI,15
Alston & Bird LLP,Atlanta,GA,100
Altria Group Inc.,Richmond,VA,15
Amazon.com Inc.,Seattle,WA,90
AMC Entertainment Inc.,Kansas City,MO,100
Ameren Corp.,St. Louis,MO,85
American Eagle Outfitters Inc.,Pittsburgh,PA,95
American Electric Power Co. Inc.,Columbus,OH,55
American Express Co.,New York,NY,100
American Family Insurance Group,Madison,WI,55
American Financial Group,Cincinnati,OH,0
Amerigroup Corp.,Virginia Beach,VA,15
Ameriprise Financial Inc.,Minneapolis,MN,100
AmerisourceBergen Corp.,Chesterbrook,PA,55
Amgen Inc.,Thousand Oaks,CA,100
AMR Corp. (American Airlines),Fort Worth,TX,100
Anadarko Petroleum,The Woodlands,TX,15
Andrews Kurth LLP,Houston,TX,100
Anheuser-Busch Companies Inc.,St. Louis,MO,90
Anixter International Inc.,Glenview,IL,15
AOL,New York,NY,90
Aon Corp.,Chicago,IL,100
Apache Corp.,Houston,TX,30
Apollo Group Inc.,Phoenix,AZ,15
Apple Inc.,Cupertino,CA,85
Applied Materials Inc.,Santa Clara,CA,85
Aramark Corp.,Philadelphia,PA,100
Archer Daniels Midland Co.,Decatur,IL,35
Arent Fox LLP,Washington DC,DC,100
Arnold & Porter LLP,Washington DC,DC,100
Arrow Electronics,Melville,NY,15
Ashland Inc.,Covington,KY,15
Assurant,New York,NY,85
Astellas Pharma US Inc.,Deerfield,IL,55
AstraZeneca PLC,Wilmington,DE,50
AT&T Inc.,Dallas,TX,100
Atmos Energy Corp.,Dallas,TX,30
Austin Radiological Assn.,Austin,TX,15
Autoliv Inc.,Auburn Hills,MI,40
Automatic Data Processing Inc.,Roseland,NJ,100
AutoNation Inc.,Fort Lauderdale,FL,15
AutoZone Inc.,Memphis,TN,15
Avaya Inc.,Basking Ridge,NJ,80
Avery Dennison,Pasadena,CA,65
Avis Budget Group Inc.,Parsippany,NJ,50
Avnet Inc.,Phoenix,AZ,85
Avon Products Inc.,New York,NY,95
AXA Equitable Life Insurance Company,New York,NY,90
BJ's Wholesale Club,Westborough,MA,35
Bain & Co. Inc./Bridgespan Group,Boston,MA,100
Baker & Daniels LLP,Indianapolis,IN,90
Baker & McKenzie LLP,Chicago,IL,100
Baker Botts LLP,Houston,TX,100
Baker Hughes Inc.,Houston,TX,90
Baldor Electric Co.,Fort Smith,AR,25
Ball Corp.,Broomfield,CO,55
Ballard Spahr LLP,Philadelphia,PA,90
Bank of America Corp.,Charlotte,NC,100
Bank of New York Mellon Corp. The,New York,NY,100
Barclays,New York,NY,100
Barnes & Noble Inc.,New York,NY,100
BASF Corp.,Florham Park,NJ,90
Bausch & Lomb Inc.,Rochester,NY,80
Baxter International Inc.,Deerfield,IL,100
Bayer Corp.,Pittsburgh,PA,80
BB&T Corp.,Winston-Salem,NC,75
Becton Dickinson and Co.,Franklin Lakes,NJ,30
Bed Bath & Beyond Inc.,Union,NJ,15
Bemis Co. Inc.,Neenah,WI,30
Berkshire Hathaway Inc.,Omaha,NE,15
Best Buy Co. Inc.,Richfield,MN,100
Big Lots,Columbus,OH,15
Bingham McCutchen LLP,Boston,MA,100
Biogen Idec Inc.,Weston,MA,85
BlackRock,New York,NY,100
Blue Cross Blue Shield of Florida Inc.,Jacksonville,FL,100
Blue Cross Blue Shield of Michigan,Detroit,MI,100
Blue Cross Blue Shield of Minnesota,Eagan,MN,100
Blue Cross Blue Shield of North Carolina,Durham,NC,75
BMC Software Inc.,Houston,TX,100
BMO Bankcorp Inc.,Chicago,IL,100
BNP Paribas,New York,NY,100
Bob Evans Farms Inc.,Columbus,OH,75
Boehringer Ingelheim USA Corp.,Ridgefield,CT,100
Boeing Co.,Chicago,IL,85
Bon-Ton Stores Inc. The,York,PA,90
Booz Allen Hamilton Inc.,McLean,VA,100
BorgWarner Inc.,Auburn Hills,MI,30
Boston Consulting Group,Boston,MA,100
Boston Scientific Corp.,Natick,MA,65
BP America Inc.,Houston,TX,90
Bracewell & Giuliani,Houston,TX,90
Bridgestone Americas Holding Inc.,Nashville,TN,70
Bright Horizons Family Solutions Inc.,Watertown,MA,90
Brightpoint Inc.,Indianapolis,IN,15
Brinker International Inc.,Dallas,TX,60
Bristol-Myers Squibb Co.,New York,NY,100
Broadcom Corp.,Irvine,CA,100
Broadridge Financial Solutions Inc.,Lake Success,NY,100
Brown Rudnick LLP,Boston,MA,100
Brown Shoe Company Inc.,St. Louis,MO,35
Brown-Forman Corp.,Louisville,KY,100
Bryan Cave LLP,Saint Louis,MO,100
Burger King Corp.,Miami,FL,55
Burlington Coat Factory Warehouse Corp.,Burlington,NJ,60
Burlington Northern Santa Fe Corp.,Fort Worth,TX,30
C&S Wholesale Grocers Inc.,Keene,NH,20
C.H. Robinson Worldwide,Eden Prairie,MN,15
CA Inc.,Islandia,NY,100
Cablevision Systems Corp.,Bethpage,NY,85
Cadwalader Wickersham & Taft LLP,New York,NY,100
Caesars Entertainment Corp.,Las Vegas,NV,100
Calpine Corp.,Houston,TX,40
Cameron International Corp.,Houston,TX,15
Campbell Soup Co.,Camden,NJ,90
Canadian Imperial Bank of Commerce,New York,NY,90
Capgemini U.S. LLC,New York,NY,90
Capital One Financial Corp.,McLean,VA,90
Cardinal Health Inc.,Dublin,OH,100
CareFusion Corp.,San Diego,CA,100
Cargill Inc.,Wayzata,MN,100
Carlson Companies Inc.,Minnetonka,MN,85
Carlton Fields PA,Tampa,FL,100
CarMax Inc.,Richmond,VA,85
Caterpillar Inc.,Peoria,IL,60
CBRE Inc.,Los Angeles,CA,90
CBS Corp.,New York,NY,100
CC Media Holdings Inc. (Clear Channel),San Antonio,TX,75
CDW Corp.,Vernon Hills,IL,90
Celanese Corp.,Dallas,TX,15
Centene Corp.,St. Louis,MO,15
CenterPoint Energy Inc.,Houston,TX,15
CenturyLink Inc.,Monroe,LA,50
Cerner Corp.,Kansas City,MO,70
CH2M HILL Companies Ltd.,Englewood,CO,85
Chadbourne & Parke LLP,New York,NY,90
Chamberlin Edmonds & Associates Inc.,Atlanta,GA,90
Chapman and Cutler LLP,Chicago,IL,100
Charles Schwab Corp.,San Francisco,CA,100
Charter Communications,St. Louis,MO,15
Chesapeake Energy Corp.,Oklahoma City,OK,15
Chevron Corp.,San Ramon,CA,90
Chipotle Mexican Grill Inc.,Denver,CO,75
Choate Hall & Stewart LLP,Boston,MA,100
Choice Hotels International Inc.,Silver Spring,MD,60
Chrysler Group LLC,Auburn Hills,MI,70
CHS Inc.,Inver Grove Heights,MN,15
Chubb Corp.,Warren,NJ,90
CIGNA Corp.,Bloomfield,CT,100
Cisco Systems Inc.,San Jose,CA,100
CIT Group Inc.,New York,NY,15
Citigroup Inc.,New York,NY,100
Classified Ventures LLC,Chicago,IL,90
Cleary Gottlieb Steen & Hamilton LLP,New York,NY,100
Cleveland-Cliffs Inc.,Cleveland,OH,30
Clifford Chance US LLP,New York,NY,100
Clorox Co.,Oakland,CA,85
CMS Energy Services,Jackson,MI,15
CNA Insurance,Chicago,IL,85
Coach Inc.,New York,NY,75
Coca-Cola Co. The,Atlanta,GA,100
Cognizant Technology Solutions Corp.,Teaneck,NJ,15
Colgate-Palmolive Co.,New York,NY,85
Comcast Corp.,Philadelphia,PA,100
Comerica Inc.,Dallas,TX,95
Commercial Metals,Irving,TX,85
Community Health Systems Inc.,Franklin,TN,30
Compass Bancshares Inc. (BBVA Compass),Birmingham,AL,55
Compass Group USA Inc.,Charlotte,NC,15
Computer Sciences Corp. (CSC),Falls Church,VA,85
Compuware Corp.,Detroit,MI,60
ConAgra Foods Inc.,Omaha,NE,95
ConocoPhillips,Houston,TX,55
Consol Energy Inc.,Canonsburg,PA,15
Consolidated Edison Co.,New York,NY,90
Constellation Energy Group Inc.,Baltimore,MD,90
Convergys Corp.,Cincinnati,OH,15
Con-way Inc.,Ann Arbor,MI,30
Cooper Tire & Rubber Co.,Findlay,OH,25
Corbis Corp.,Seattle,WA,50
CoreLogic,Santa Ana,CA,50
Core-Mark Holding Company Inc.,South San Francisco,CA,0
Corning Inc.,Corning,NY,85
Costco Wholesale Corp.,Issaquah,WA,90
Coventry Health Care,Bethesda,MD,15
Covington & Burling LLP,Washington DC,DC,100
Cox Enterprises Inc.,Atlanta,GA,35
Cracker Barrel Old Country Store Inc.,Lebanon,TN,35
Crate and Barrel / CB2,Northbrook,IL,90
Cravath Swaine & Moore LLP,New York,NY,100
Credit Suisse USA Inc.,New York,NY,100
Crowell & Moring LLP,Washington DC,DC,100
Crown Holdings,Philadelphia,PA,15
CSX Corp.,Jacksonville,FL,85
Cummins Inc.,Columbus,IN,100
CUNA Mutual Insurance Group,Madison,WI,100
CVS Caremark Corp.,Woonsocket,RI,60
Dana Holding Corp.,Maumee,OH,45
Danaher Corp.,Washington DC,DC,55
Darden Restaurants Inc.,Orlando,FL,100
Davis Polk & Wardwell LLP,New York,NY,75
Davis Wright Tremaine LLP,Seattle,WA,85
DaVita Inc.,Denver,CO,85
Dean Foods Co.,Dallas,TX,55
Debevoise & Plimpton LLP,New York,NY,100
Dechert LLP,Philadelphia,PA,100
Deere & Co.,Moline,IL,65
Delhaize America Inc.,Salisbury,NC,60
Dell Inc.,Round Rock,TX,100
Deloitte LLP,New York,NY,100
Delta Air Lines Inc.,Atlanta,GA,100
Depository Trust & Clearing Corp. The,New York,NY,85
Deutsche Bank,New York,NY,100
Devon Energy Corp.,Oklahoma City,OK,30
Dewey & LeBoeuf LLP,New York,NY,100
Diageo North America,Norwalk,CT,100
Dick's Sporting Goods Inc.,Coraopolis,PA,15
Dickstein Shapiro LLP,Washington DC,DC,100
Digitas Inc.,Boston,MA,100
Dillard's Inc.,Little Rock,AR,35
DIRECTV,El Segundo,CA,95
Discover Financial Services,Riverwoods,IL,45
DISH Network Corp.,Englewood,CO,55
DLA Piper,Baltimore,MD,100
Dole Food Co. Inc.,Westlake Village,CA,45
Dollar General Corp.,Goodlettsville,TN,35
Dollar Thrifty Automotive Group Inc.,Tulsa,OK,70
Dollar Tree Stores Inc.,Chesapeake,VA,30
Dominion Resources Inc.,Richmond,VA,85
Domino's Pizza Inc.,Ann Arbor,MI,35
Domtar Corp.,Fort Mill,SC,15
Dorsey & Whitney LLP,Minneapolis,MN,100
Dover Corp.,Downers Grove,IL,15
Dow Chemical Co. The,Midland,MI,100
DR Horton Inc.,Fort Worth,TX,70
Dr Pepper Snapple Group Inc.,Plano,TX,45
Drinker Biddle & Reath LLP,Philadelphia,PA,100
DTE Energy Co.,Detroit,MI,85
Duane Morris LLP,Philadelphia,PA,100
Duke Energy Corp.,Charlotte,NC,85
Dun & Bradstreet Corp. The,Short Hills,NJ,85
Dykema Gossett PLLC,Detroit,MI,100
E&J Gallo Winery,Modesto,CA,95
E*TRADE Financial Corp.,New York,NY,55
E. I. du Pont de Nemours and Co. (DuPont),Wilmington,DE,95
EarthLink Inc.,Atlanta,GA,45
Eastman Chemical Co.,Kingsport,TN,15
Eastman Kodak Co.,Rochester,NY,100
Eaton Corp.,Cleveland,OH,100
eBay Inc.,San Jose,CA,100
Ecolab Inc.,St. Paul,MN,100
Edison International,Rosemead,CA,15
Edwards Wildman Palmer LLP,Boston,MA,100
Electronic Arts Inc.,Redwood City,CA,100
Eli Lilly & Co.,Indianapolis,IN,100
EMC Corp.,Hopkinton,MA,100
EMCOR Group Inc.,Norwalk,CT,40
Emerson Electric Co.,St. Louis,MO,15
Enbridge Energy Partners,Houston,TX,15
Energy Future Holdings Corp.,Dallas,TX,15
Energy Transfer Partners L.P.,Dallas,TX,15
Entergy Corp.,New Orleans,LA,90
Enterprise Holdings Inc.,St. Louis,MO,65
Enterprise Products Partners LP,Houston,TX,15
EOG Resources,Houston,TX,15
Epstein Becker & Green PC,New York,NY,30
Erie Insurance Group,Erie,PA,15
Ernst & Young LLP,New York,NY,100
Estée Lauder Companies Inc. The,New York,NY,85
Esurance Inc.,San Francisco,CA,90
Excellus Health Plan Inc.,Rochester,NY,90
Exelon Corp.,Chicago,IL,100
Expedia Inc.,Bellevue,WA,80
Expeditors International of Washington DC Inc.,Seattle,WA,15
Express Scripts Inc.,St. Louis,MO,30
Exxon Mobil Corp.,Irving,TX,-25
Faegre & Benson LLP,Minneapolis,MN,100
Family Dollar Stores,Matthews,NC,15
Federal Home Loan Mortgage Corp. (Freddie Mac),McLean,VA,100
Federal National Mortgage Association (Fannie Mae),Washington DC,DC,100
Federal Reserve Bank of Boston,Boston,MA,30
Federal Reserve Bank of Richmond,Richmond,VA,30
FedEx Corp.,Memphis,TN,85
Fenwick & West LLP,Mountain View,CA,100
Fidelity National Financial Corp.,Jacksonville,FL,30
Fidelity National Information Services Inc.,Jacksonville,FL,30
Fifth Third Bancorp,Cincinnati,OH,85
Financial Industry Regulatory Authority Inc.,Washington DC,DC,90
"Finnegan Henderson Farabow	 Garrett & Dunner LLP",Washington DC,DC,100
First Data Corp.,Atlanta,GA,30
First Horizon National Corp.,Memphis,TN,85
FirstEnergy Corp.,Akron,OH,0
Fish & Richardson PC,Boston,MA,90
Fluor Corp.,Irving,TX,15
Foley & Lardner LLP,Milwaukee,WI,100
Foley Hoag LLP,Boston,MA,100
Foot Locker Inc.,New York,NY,15
Ford Motor Co.,Dearborn,MI,55
Fortune Brands Inc.,Deerfield,IL,40
Franklin Resources Inc.,San Mateo,CA,40
Freeport-McMoRan Copper & Gold Inc.,Phoenix,AZ,80
Freescale Semiconductor Inc.,Austin,TX,80
Fried Frank Harris Shriver & Jacobson LLP,New York,NY,100
Frost Brown Todd LLC,Cincinnati,OH,90
Fulbright & Jaworski LLP,Houston,TX,100
Galloway Johnson Tompkins Burr & Smith PLC,New Orleans,LA,90
GameStop Corp.,Grapevine,TX,45
Gannett Co. Inc.,McLean,VA,45
Gap Inc.,San Francisco,CA,100
Gastronomy Inc.,Salt Lake City,UT,70
Genentech Inc.,South San Francisco,CA,100
General Cable Corp.,Highland Heights,KY,15
General Dynamics Corp.,Falls Church,VA,85
General Electric Co.,Fairfield,CT,75
General Mills Inc.,Minneapolis,MN,100
General Motors Co.,Detroit,MI,100
Genuine Parts Co.,Atlanta,GA,15
Genworth Financial Inc.,Richmond,VA,65
Genzyme Corp.,Cambridge,MA,15
Gibson Dunn & Crutcher LLP,Los Angeles,CA,100
Gilead Sciences Inc.,Foster City,CA,100
GlaxoSmithKline LLC,Research Triangle Park,NC,100
Global Partners,Waltham,MA,15
Goldman Sachs Group Inc. The,New York,NY,100
Goodrich Corp.,Charlotte,NC,90
Goodwin Procter LLP,Boston,MA,100
Goodyear Tire & Rubber Co.,Akron,OH,15
Google Inc.,Mountain View,CA,100
Gordon & Rees LLP,San Francisco,CA,90
Goulston & Storrs,Boston,MA,80
Grant Thornton LLP,Chicago,IL,80
Graybar Electric Company Inc.,St. Louis,MO,15
Great Atlantic & Pacific Tea Co. Inc. The,Montvale,NJ,0
Green Mountain Coffee Roasters Inc.,Waterbury,VT,85
Greenberg Traurig LLP,New York,NY,100
Group 1 Automotive,Houston,TX,15
Group Health Cooperative,Seattle,WA,100
Group Health Permanente,Seattle,WA,95
Guardian Life Insurance Co. of America The,New York,NY,35
H&M Hennes & Mauritz AB,North Arlington,NJ,55
H&R Block Inc.,Kansas City,MO,35
H.E. Butt Grocery Co.,San Antonio,TX,40
H.J. Heinz Co.,Pittsburgh,PA,60
Hachette Book Group,New York,NY,75
Hain Celestial Group Inc.,Melville,NY,90
Halliburton Co.,Houston,TX,15
Hallmark Cards Inc.,Kansas City,MO,60
Hanesbrands Inc.,Winston-Salem,NC,90
Hanover Direct Inc.,Weehawken,NJ,70
Harley-Davidson Inc.,Milwaukee,WI,100
Harris Corp.,Melbourne,FL,80
Harris Interactive Inc.,New York,NY,70
Harris Teeter Supermarkets Inc.,Charlotte,NC,45
Harry & David Holdings Inc.,Medford,OR,70
Hartford Financial Services Group Inc. The,Hartford,CT,80
Harvard Pilgrim Health Care Inc.,Wellesley,MA,100
Hasbro Inc.,Pawtucket,RI,35
Haynes and Boone LLP,Dallas,TX,85
HCA - Hospital Corporation of America,Nashville,TN,15
Health Care Service Corp.,Chicago,IL,85
Health Management Associates Inc.,Naples,FL,30
Health Net Inc.,Woodland Hills,CA,80
Henry Schein,Melville,NY,85
Herman Miller Inc.,Zeeland,MI,100
Herrick Feinstein LLP,New York,NY,90
Hershey Co. The,Hershey,PA,65
Hertz Global Holdings Inc.,Park Ridge,NJ,15
Hess Corp.,New York,NY,85
Hewlett-Packard Co.,Palo Alto,CA,100
Hillshire Brands Co.,Downers Grove,IL,85
Hilton Worldwide Inc.,McLean,VA,90
Hinshaw & Culbertson LLP,Chicago,IL,100
Hogan Lovells US LLP,Washington DC,DC,100
Holland & Hart LLP,Denver,CO,75
Holland & Knight LLP,Tampa,FL,90
HollyFrontier Corp.,Dallas,TX,45
Holme Roberts & Owen LLP,Denver,CO,90
Home Depot Inc. The,Atlanta,GA,75
Honeywell International Inc.,Morris Township,NJ,75
Horizon Healthcare Services Inc.,Newark,NJ,45
Hormel Foods Corp.,Austin,MN,70
Hospira Inc.,Lake Forest,IL,15
Host Hotels & Resorts Inc.,Bethesda,MD,15
Houghton Mifflin Harcourt Publishing Co.,Boston,MA,75
Howard & Howard Attorneys PLLC,Kalamazoo,MI,25
Howrey LLP,Washington DC,DC,85
HSBC - North America,New York,NY,15
Humana Inc.,Louisville,KY,90
Huntington Bancshares Inc.,Columbus,OH,90
Hunton & Williams LLP,Richmond,VA,100
Huntsman Corp.,Salt Lake City,UT,45
Huron Consulting Group Inc.,Chicago,IL,90
Husch Blackwell LLP,Saint Louis,MO,90
Hyatt Hotels Corp.,Chicago,IL,100
Icahn Enterprises LP,New York,NY,15
Illinois Tool Works Inc.,Glenview,IL,60
Imation Corp.,Oakdale,MN,40
ING North America Insurance Corp.,Atlanta,GA,100
Ingram Micro,Santa Ana,CA,75
Insight Enterprises Inc.,Tempe,AZ,30
Integrys Energy Group Inc.,Chicago,IL,30
Intel Corp.,Santa Clara,CA,95
InterContinental Hotels Group Americas,Atlanta,GA,80
International Business Machines Corp. (IBM),Armonk,NY,100
International Paper Co.,Memphis,TN,45
Interpublic Group of Companies Inc.,New York,NY,90
INTL FCStone Inc.,New York,NY,15
Intuit Inc.,Mountain View,CA,100
ITT Corp.,White Plains,NY,75
J. M. Smucker Co.,Orrville,OH,45
J.C. Penney Co. Inc.,Plano,TX,95
Jabil Circuit Inc.,St. Petersburg,FL,50
Jacobs Engineering Group Inc.,Pasadena,CA,70
Jarden Corp.,Rye,NY,70
Jenner & Block LLP,Chicago,IL,100
JetBlue Airways Corp.,Long Island City,NY,90
John Hancock Financial Services Inc.,Boston,MA,80
Johnson & Johnson,New Brunswick,NJ,100
Johnson Controls Inc.,Milwaukee,WI,30
Jones Group  The,New York,NY,70
Jones Lang LaSalle,Chicago,IL,100
JPMorgan Chase & Co.,New York,NY,100
K&L Gates LLP,Pittsburgh,PA,100
Kaiser Permanente,Oakland,CA,100
Katten Muchin Rosenman LLP,Chicago,IL,100
Kaye Scholer LLP,New York,NY,100
KB Home,Los Angeles,CA,30
KBR Inc.,Houston,TX,15
Kesane Inc.,Boston,MA,25
Kelley Drye & Warren LLP,New York,NY,100
Kellogg Co.,Battle Creek,MI,100
Kelly Services Inc.,Troy,MI,30
Kenneth Cole Productions Inc.,New York,NY,90
KeyCorp,Cleveland,OH,100
Kilpatrick Townsend & Stockton LLP,Atlanta,GA,100
Kimberly-Clark Corp.,Irving,TX,90
Kimpton Hotel & Restaurant Group Inc.,San Francisco,CA,90
Kinder Morgan Inc.,Houston,TX,15
King & Spalding LLP,Atlanta,GA,100
Kirkland & Ellis LLP,Chicago,IL,90
KKR & Co. LP,New York,NY,15
KLA-Tencor Corp.,Milpitas,CA,35
Kohl's Corp.,Menomonee Falls,WI,80
KPMG LLP,New York,NY,100
Kraft Foods Inc.,Northfield,IL,100
Kramer Levin Naftalis & Frankel LLP,New York,NY,100
Kroger Co. The,Cincinnati,OH,85
Kutak Rock LLP,Omaha,NE,90
L.L. Bean Inc.,Freeport,ME,65
L3 Communications Holdings,New York,NY,15
Laboratory Corporation of America Holdings,Burlington,NC,15
Laclede Group Inc. The,St. Louis,MO,80
Land O'Lakes Inc.,Arden Hills,MN,90
Las Vegas Sands Corp.,Las Vegas,NV,15
Latham & Watkins LLP,New York,NY,90
Lear Corp.,Southfield,MI,15
Leo Burnett Company Inc.,Chicago,IL,90
Levi Strauss & Co.,San Francisco,CA,90
LexisNexis Group,Miamisburg,OH,90
Lexmark International Inc.,Lexington,KY,100
Liberty Global Inc.,Englewood,CO,0
Liberty Interactive Corp.,Englewood,CO,0
Liberty Mutual Group,Boston,MA,100
Limited Brands Inc.,Columbus,OH,100
Lincoln National Corp.,Radnor,PA,85
Lindquist & Vennum PLLP,Minneapolis,MN,70
Littler Mendelson PC,San Francisco,CA,90
Live Nation Inc.,Beverly Hills,CA,70
Liz Claiborne Inc.,New York,NY,70
Locke Lord Bissell & Liddell LLP,Houston,TX,45
Lockheed Martin Corp.,Bethesda,MD,85
Loeb & Loeb LLP,Los Angeles,CA,75
Loews Corp.,New York,NY,15
Lowe's Companies Inc.,Mooresville,NC,15
Lubrizol Corporation,Wickliffe,OH,15
Luce Forward Hamilton & Scripps LLP,San Diego,CA,100
M&T Bank Corp.,Buffalo,NY,70
Macy's Inc.,Cincinnati,OH,90
Manatt Phelps & Phillips LLP,Los Angeles,CA,90
ManpowerGroup,Milwaukee,WI,95
Marathon Oil Corp.,Houston,TX,15
Marriott International Inc.,Bethesda,MD,90
Mars Inc.,Mt. Olive,NJ,60
Marsh & McLennan Companies Inc.,New York,NY,100
Masco Corp.,Taylor,MI,85
Massachusetts Mutual Life Insurance Co.,Springfield,MA,100
MasterCard Inc.,Purchase,NY,100
Mattel Inc.,El Segundo,CA,85
Mayer Brown LLP,Chicago,IL,100
Mayo Clinic,Rochester,MN,70
McAfee Inc.,Santa Clara,CA,25
McCarter & English LLP,Newark,NJ,90
McDermott Will & Emery LLP,Chicago,IL,100
McDonald's Corp.,Oak Brook,IL,75
McGraw-Hill Companies Inc. The,New York,NY,90
McGuireWoods LLP,Richmond,VA,85
McKenna  Long & Aldridge LLP,Washington DC,DC,90
McKesson Corp.,San Francisco,CA,75
McKinsey & Co. Inc.,New York,NY,100
MeadWestvaco Corp.,Richmond,VA,100
Medtronic Inc.,Minneapolis,MN,100
Meijer Inc.,Grand Rapids,MI,25
Men's Wearhouse Inc. The,Houston,TX,30
Merck & Co. Inc.,Whitehouse Station,NJ,100
MetLife Inc.,New York,NY,100
MGM Resorts International,Las Vegas,NV,90
Micron Technology Inc.,Boise,ID,15
Microsoft Corp.,Redmond,WA,100
Milbank Tweed Hadley & McCloy LLP,New York,NY,100
MillerCoors LLC,Chicago,IL,100
Mintz Levin Cohn Ferris Glovsky & Popeo PC,Boston,MA,100
Mirant Corp.,Atlanta,GA,30
Mitchell Gold + Bob Williams,Taylorsville,NC,100
Mohawk Industries Inc.,Calhoun,GA,15
Momentive Specialty Chemicals Inc.,Columbus,OH,15
Monsanto Co.,St. Louis,MO,100
Moody's Corp.,New York,NY,100
Moore & Van Allen PLLC,Charlotte,NC,65
Morgan Lewis & Bockius LLP,Philadelphia,PA,100
Morgan Stanley,New York,NY,100
Morningstar Inc.,Chicago,IL,100
Morrison & Foerster LLP,San Francisco,CA,100
Mosaic Company,Plymouth,MN,70
Motorola Solutions Inc.,Schaumburg,IL,90
MSLGROUP Americas,New York,NY,95
Munger Tolles & Olson LLP,Los Angeles,CA,60
Murphy Oil,El Dorado,AR,15
Mutual of Omaha Insurance,Omaha,NE,65
Mylan Laboratories Inc.,Canonsburg,PA,30
Nash Finch,Minneapolis,MN,30
National Grid USA,Brooklyn,NY,90
National Oilwell Varco Inc.,Houston,TX,15
Nationwide,Columbus,OH,100
Navigant Consulting Inc.,Chicago,IL,100
Navistar International Corp.,Warrenville,IL,40
NCR Corp.,Duluth,GA,30
Nelson Mullins Riley & Scarborough LLP,Columbia,SC,100
Nestlé Purina PetCare Co.,St. Louis,MO,45
NetApp Inc.,Sunnyvale,CA,90
New York Life Insurance Co.,New York,NY,90
New York Times Co.,New York,NY,90
Newell Rubbermaid Inc.,Atlanta,GA,85
Newmont Mining Corporation,Greenwood Village,CO,15
News Corp.,New York,NY,15
NextEra Energy Inc.,Juno Beach,FL,70
Nielsen Co. The,New York City,NY,90
NII Holdings,Reston,VA,15
Nike Inc.,Beaverton,OR,100
NiSource Inc.,Merrillville,IN,15
Nissan North America Inc.,Franklin,TN,75
Nixon Peabody LLP,Rochester,NY,100
Nokia Corp.,Irving,TX,100
Nordstrom Inc.,Seattle,WA,100
Norfolk Southern Corp.,Norfolk,VA,40
Nortel Networks Corp.,Richardson,TX,50
Northeast Utilities,Berlin,CT,55
Northern Trust Corp.,Chicago,IL,100
Northrop Grumman Corp.,Falls Church,VA,95
Northwestern Mutual Life Insurance,Milwaukee,WI,100
Novartis Pharmaceuticals Corp.,East Hanover,NJ,90
NRG Energy Inc.,Princeton,NJ,40
Nucor Corp.,Charlotte,NC,15
NuStar Energy LP,San Antonio,TX,15
NV Energy Inc.,Las Vegas,NV,15
NYSE Euronext Inc.,New York,NY,45
Occidental Petroleum,Los Angeles,CA,30
Office Depot Inc.,Boca Raton,FL,85
OfficeMax Inc.,Naperville,IL,60
Ogilvy Group Inc. The,New York,NY,90
O'Melveny & Myers LLP,Los Angeles,CA,100
Omnicare,Covington,KY,65
Omnicom Group,New York,NY,65
ONEOK Inc.,Tulsa,OK,30
Oracle Corp.,Redwood City,CA,100
Orbitz Worldwide Inc.,Chicago,IL,100
O'Reilly Automotive Inc.,Springfield,MO,15
Orrick Herrington & Sutcliffe LLP,San Francisco,CA,100
Oshkosh Corp.,Oshkosh,WI,15
Overstock.com Inc.,Salt Lake City,UT,70
Owens & Minor Inc.,Mechanicsville,VA,35
Owens Corning,Toledo,OH,100
Owens-Illinois Inc.,Perrysburg,OH,15
Paccar Inc.,Bellevue,WA,15
Pacific Life Insurance Co.,Newport Beach,CA,80
PacifiCorp,Portland,OR,35
Palm Management Corp.,Washington DC,DC,60
Pantry Inc. The,Cary,NC,30
Parker Hannifin Corp.,Cleveland,OH,30
Patterson Belknap Webb & Tyler LLP,New York,NY,100
Patterson Companies (Patterson Dental Supply),St. Paul,MN,60
Patton Boggs LLP,Washington DC,DC,90
Paul Hastings LLP,Los Angeles,CA,100
"Paul Weiss	 Rifkind Wharton & Garrison LLP",New York,NY,100
Peabody Energy Corp.,St. Louis,MO,15
Pearson Inc.,New York,NY,90
Penske Automotive Group,Bloomfield Hills,MI,15
Pep Boys-Manny Moe & Jack,Philadelphia,PA,65
Pepco Holdings Inc.,Washington DC,DC,85
Pepper Hamilton LLP,Philadelphia,PA,90
PepsiCo Inc.,Purchase,NY,100
Perkins + Will Inc.,Chicago,IL,45
Perkins Coie LLP,Seattle,WA,100
Peter Kiewit Sons' Inc.,Omaha,NE,15
PetSmart Inc.,Phoenix,AZ,75
Pfizer Inc.,New York,NY,100
PG&E Corp.,San Francisco,CA,100
Philip Morris International Inc.,New York,NY,100
Pillsbury Winthrop Shaw Pittman LLP,New York,NY,100
Pinnacle West Capital,Phoenix,AZ,35
Pitney Bowes Inc.,Stamford,CT,15
Plains All American Pipeline L.P.,Houston,TX,15
PNC Financial Services Group Inc. The,Pittsburgh,PA,90
PNM Resources Inc.,Albuquerque,NM,35
Polaroid Corp.,Waltham,MA,15
Polsinelli Shughart PC,Kansas City,MO,85
Portland General Electric Co.,Portland,OR,90
PPG Industries Inc.,Pittsburgh,PA,75
PPL Corp.,Allentown,PA,50
Praxair Inc.,Danbury,CT,50
Precision Castparts Corp.,Portland,OR,30
PricewaterhouseCoopers LLP,New York,NY,100
Principal Financial Group,Des Moines,IA,90
Procter & Gamble Co.,Cincinnati,OH,90
Progressive Corp. The,Mayfield Village,OH,100
Proskauer Rose LLP,New York,NY,90
Prudential Financial Inc.,Newark,NJ,85
Public Service Enterprise Group,Newark,NJ,85
Publicis Inc.,New York,NY,100
Publix Super Markets,Lakeland,FL,40
PulteGroup Inc.,Bloomfield Hills,MI,15
PVH Corp.,New York,NY,60
QUALCOMM Inc.,San Diego,CA,90
Quarles & Brady LLP,Milwaukee,WI,100
Quest Diagnostics Inc.,Madison,NJ,90
R.R. Donnelley & Sons Co.,Chicago,IL,90
RadioShack Corp.,Fort Worth,TX,30
Ralph Lauren Corp.,New York,NY,90
Raymond James Financial Inc.,St. Petersburg,FL,60
Raytheon Co.,Waltham,MA,100
Razorfish,Seattle,WA,100
RBC Wealth Management,Minneapolis,MN,100
RBS Securities Inc./RBS Citizens Financial Group,Stamford,CT,75
Realogy Corp.,Parsippany,NJ,30
Recreational Equipment Inc.,Kent,WA,90
Reed Smith LLP,Pittsburgh,PA,85
Regions Financial Corp.,Birmingham,AL,60
Reinsurance Group of America Inc.,Chesterfield,MO,15
Reliance Steel & Aluminum Co.,Los Angeles,CA,15
Replacements Ltd.,McLeansville,NC,100
Republic Services Inc.,Phoenix,AZ,15
Reynolds American Inc.,Winston-Salem,NC,85
Rite Aid Corp.,Camp Hill,PA,15
Robert Half International Inc.,Menlo Park,CA,85
Robert W. Baird & Co. Incorporated,Milwaukee,WI,85
Robins Kaplan Miller & Ciresi LLP,Minneapolis,MN,100
Rockwell Automation Inc.,Milwaukee,WI,100
Rockwell Collins Inc.,Cedar Rapids,IA,90
Ropes & Gray LLP,Boston,MA,100
Ross Stores,Pleasanton,CA,90
Royal Caribbean Cruises Ltd.,Miami,FL,90
RRI Energy Inc.,Houston,TX,30
Ryder System Inc.,Miami,FL,90
Ryland Group Inc. The,Calabasas,CA,45
S.C. Johnson & Son Inc.,Racine,WI,75
Sabre Holdings Inc.,Southlake,TX,75
Safeway Inc.,Pleasanton,CA,75
SAIC Inc.,McLean,VA,15
salesforce.com Inc.,San Francisco,CA,80
SanDisk Corp.,Milpitas,CA,30
Sanmina-SCI,San Jose,CA,45
Sanofi-Aventis U.S. LLC,Bridgewater,NJ,45
SAP America Inc.,Newtown Square,PA,90
Sapient Corp.,Boston,MA,100
Saul Ewing LLP,Philadelphia,PA,45
SCANA Corp.,Cayce,SC,15
Schiff Hardin LLP,Chicago,IL,100
Schulte Roth & Zabel LLP,New York,NY,45
Seaboard Corp.,Shawnee Mission,KS,60
Seagate Technology LLC,Scotts Valley,CA,45
Sealed Air Corp.,Elmwood Park,NJ,30
Sears Holdings Corp.,Hoffman Estates,IL,100
Sedgwick LLP,San Francisco,CA,100
Selective Insurance Group,Branchville,NJ,65
Sempra Energy,San Diego,CA,90
Severn Trent Services Inc.,Fort Washington DC,PA,50
Seyfarth Shaw LLP,Chicago,IL,100
Shearman & Sterling LLP,New York,NY,100
Shell Oil Co.,Houston,TX,95
Sheppard Mullin Richter & Hampton LLP,Los Angeles,CA,100
Sherwin-Williams Co. The,Cleveland,OH,15
Shook Hardy & Bacon LLP,Kansas City,MO,100
Sidley Austin LLP,Chicago,IL,100
Simpson Thacher & Bartlett LLP,New York,NY,100
SIRIUS XM Radio Inc.,New York,NY,75
Skadden Arps Slate Meagher & Flom LLP,New York,NY,100
SLM Corp. (Sallie Mae),Newark,DE,45
Smithfield Foods Inc.,Smithfield,VA,15
SNR Denton US LLP,Chicago,IL,100
Sodexo Inc.,Gaithersburg,MD,100
Software AG USA Inc.,Reston,VA,70
Software House International,Somerset,NJ,15
Sonic Automotive Inc.,Charlotte,NC,15
Sony Electronics Inc.,San Diego,CA,80
Sony Pictures Entertainment Inc.,Culver City,CA,100
Southern California Edison Co.,Rosemead,CA,100
Southern Co. The,Atlanta,GA,90
Southwest Airlines Co.,Dallas,TX,85
Spectra Energy Corp.,Houston,TX,15
Spectrum Group International Inc.,Irvine,CA,0
Sprint Nextel Corp.,Overland Park,KS,90
SPX Corp.,Charlotte,NC,15
Squire Sanders,Cleveland,OH,100
SRA International Inc.,Fairfax,VA,80
St. Jude Medical Inc.,St. Paul,MN,75
Stanley Black & Decker Inc.,New Britain,CT,25
Staples Inc.,Framingham,MA,100
Starbucks Corp.,Seattle,WA,90
Starcom MediaVest Group,Chicago,IL,90
Starwood Hotels & Resorts Worldwide,Stamford,CT,100
State Farm Group,Bloomington,IL,35
State Street Corp.,Boston,MA,95
Steel Dynamics Inc.,Fort Wayne,IN,30
Steelcase Inc.,Grand Rapids,MI,80
Steptoe & Johnson LLP,Washington DC,DC,100
Stinson Morrison Hecker LLP,Kansas City,MO,90
Stoel Rives LLP,Portland,OR,90
Stryker Corp.,Kalamazoo,MI,15
Subaru of America Inc.,Cherry Hill,NJ,85
Sullivan & Cromwell LLP,New York,NY,100
Sun Life Financial Inc. (U.S.),Wellesley Hills,MA,100
SunGard Data Systems Inc.,Wayne,PA,15
Sunoco Inc.,Philadelphia,PA,15
SunPower Corp.,San Jose,CA,75
SunTrust Banks Inc.,Atlanta,GA,90
Supervalu Inc.,Eden Prairie,MN,100
Sutherland Asbill & Brennan LLP,Atlanta,GA,100
Symantec Corp.,Mountain View,CA,100
SYNNEX Corp.,Fremont,CA,0
SYSCO Corp.,Houston,TX,15
Targa Resources Corp.,Houston,TX,15
Target Corp.,Minneapolis,MN,100
TD Bank N.A.,Wilmington,DE,90
Teachers Insurance & Annuity Assn. - College Retirement Equities Fund,New York,NY,100
Tech Data Corp.,Clearwater,FL,75
Telephone & Data Systems Inc. (U.S. Cellular),Chicago,IL,15
Tenet Healthcare,Dallas,TX,45
Tenneco Inc.,Lake Forest,IL,45
Terex Corp.,Westport,CT,15
Tesoro Corp.,San Antonio,TX,85
Texas Instruments Inc.,Dallas,TX,85
Textron Inc.,Providence,RI,55
The Shaw Group Inc.,Baton Rouge,LA,45
Thermo Fisher Scientific Inc.,Waltham,MA,100
Thompson Coburn LLP,Saint Louis,MO,100
Thompson Hine LLP,Cleveland,OH,100
Thomson Reuters,New York,NY,100
Thrivent Financial for Lutherans,Minneapolis,MN,90
Tiffany & Co.,New York,NY,100
Time Warner Cable Inc.,New York,NY,100
Time Warner Inc.,New York,NY,100
TJX Companies Inc. The,Framingham,MA,100
T-Mobile USA Inc.,Bellevue,WA,60
Toyota Financial Services,Torrance,CA,100
Toyota Motor Sales USA Inc.,Torrance,CA,100
Toys 'R' Us Inc.,Wayne,NJ,75
Travel Impressions Ltd.,Farmingdale,NY,80
TravelCenters of America,Westlake,OH,15
Travelers Companies Inc. The,New York,NY,100
Travelport Ltd.,Parsippany,NJ,65
Troutman Sanders LLP,Atlanta,GA,100
True Value Co.,Chicago,IL,40
TRW Automotive Holdings Corp.,Livonia,MI,15
Tyson Foods Inc.,Springdale,AR,15
U.S. Bancorp,Minneapolis,MN,100
UBM plc,Manhasset,NY,60
UBS AG,Stamford,CT,100
UGI Corp.,King of Prussia,PA,30
Unilever,Englewood Cliffs,NJ,100
Union Pacific Corp.,Omaha,NE,55
Unisys Corp.,Blue Bell,PA,40
United Airlines,Chicago,IL,100
United Parcel Service Inc. (UPS),Atlanta,GA,90
United Services Automobile Association,San Antonio,TX,0
United States Steel Corp.,Pittsburgh,PA,15
United Stationers Inc.,Deerfield,IL,15
United Technologies Corp.,Hartford,CT,100
UnitedHealth Group Inc.,Minnetonka,MN,100
Universal American Corp.,Rye Brook,NY,0
Universal Health Services,King of Prussia,PA,70
Unum Group,Chattanooga,TN,70
URS Corp.,San Francisco,CA,15
US Airways Group Inc.,Tempe,AZ,75
US Foods Inc.,Rosemont,IL,75
Valassis Communications Inc.,Livonia,MI,65
Valero Energy Corp.,San Antonio,TX,90
Verizon Communications Inc.,New York,NY,100
VF Corp.,Greensboro,NC,15
Viacom Inc.,New York,NY,90
Vinson & Elkins LLP,Houston,TX,100
Virgin America,Burlingame,CA,90
Virgin Media Inc.,New York,NY,0
Visa,San Francisco,CA,100
Visteon Corp.,Van Buren Township,MI,15
Volkswagen Group of America Inc.,Herndon,VA,100
Vorys Sater Seymour and Pease LLP,Columbus,OH,90
W.R. Berkley,Greenwich,CT,80
W.W. Grainger,Lake Forest,IL,85
Wachtell Lipton Rosen & Katz LLP,New York,NY,100
Walgreen Co.,Deerfield,IL,100
Wal-Mart Stores Inc.,Bentonville,AR,60
Walt Disney Co. The,Burbank,CA,100
Washington DC Post Co.,Washington DC,DC,65
Waste Management Inc.,Houston,TX,80
Weil Gotshal & Manges LLP,New York,NY,90
WellCare Health Plans  Inc.,Tampa,FL,15
WellPoint Inc.,Indianapolis,IN,100
Wells Fargo & Co.,San Francisco,CA,100
WESCO International Inc.,Pittsburgh,PA,15
Western & Southern Financial Group,Cincinnati,OH,0
Western Digital Corp.,Lake Forest,CA,15
Western Refining Inc.,El Paso,TX,30
Western Union Co. The,Englewood,CO,100
Weyerhaeuser Co.,Federal Way,WA,65
Whirlpool Corp.,Benton Harbor,MI,100
Whole Foods Market Inc.,Austin,TX,75
Wildman Harrold Allen & Dixon LLP,Chicago,IL,45
Williams Companies Inc.,Tulsa,OK,90
Williams Mullen PC,Richmond,VA,90
Williams-Sonoma Inc.,San Francisco,CA,85
Willkie Farr & Gallagher LLP,New York,NY,100
Wilmer Cutler Pickering Hale & Dorr LLP,Washington DC,DC,100
Wilson Sonsini Goodrich & Rosati PC,Palo Alto,CA,100
Winn-Dixie Stores Inc.,Jacksonville,FL,15
Winston & Strawn LLP,Chicago,IL,100
Wisconsin Energy Corp.,Milwaukee,WI,45
Womble Carlyle Sandridge & Rice LLP,Winston-Salem,NC,100
World Fuel Services,Miami,FL,30
WPP Group USA,New York,NY,90
Wyeth,Madison,NJ,65
Wyndham Worldwide Corp.,Parsippany,NJ,100
Wynn Resorts Ltd.,Las Vegas,NV,85
Xcel Energy Inc.,Minneapolis,MN,75
Xerox Corp.,Norwalk,CT,100
Xylem Inc.,White Plains,NY,65
Yahoo! Inc.,Sunnyvale,CA,100
YRC Worldwide Inc.,Overland Park,KS,65
Yum! Brands Inc.,Louisville,KY,70
Zurich North America,Schaumburg,IL,65