Employer,City,State,CEI Rating
3M Co.,St. Paul,MN,100
A.T. Kearney Inc.,Chicago,IL,100
A|X Armani Exchange,New York,NY,80
Abbott Laboratories,Abbott Park,IL,95
AbbVie Inc.,North Chicago,IL,100
Abercrombie & Fitch Co.,New Albany,OH,100
Aberdeen Asset Management Inc.,Philadelphia,PA,65
Accenture,New York,NY,100
Acer America Corp.,San Jose,CA,25
Adecco North America LLC,Jacksonville,FL,85
Adidas North America Inc.,Portland,OR,100
Adobe Systems Inc.,San Jose,CA,100
ADP,Roseland,NJ,100
ADT,Boca Raton,FL,45
Advance Auto Parts (Advance Holding),Roanoke,VA,20
Advanced Micro Devices Inc.,Sunnyvale,CA,100
Advisory Board Co. The,Washington DC,DC,100
AECOM,Los Angeles,CA,100
Aéropostale Inc.,Lyndhurst,NJ,40
AES Corp. The,Arlington,VA,40
Aetna Inc.,Hartford,CT,85
Aflac Inc.,Columbus,GA,85
Agco,Duluth,GA,85
Agilent Technologies Inc.,Santa Clara,CA,100
Ahold USA Inc.,Quincy,MA,100
AIG,New York,NY,100
Air Products & Chemicals Inc.,Allentown,PA,100
Airbnb Inc.,San Francisco,CA,100
Airgas Inc.,Radnor,PA,10
AK Steel Holding Corp.,West Chester,OH,20
Akamai Technologies Inc.,Cambridge,MA,100
Akerman LLP,Miami,FL,100
Akin Gump Strauss Hauer & Feld LLP,Washington DC,DC,100
Alaska Airlines,Seattle,WA,100
Alcoa Corp.,Pittsburgh,PA,100
AlixPartners LLP,New York,NY,100
Alliance Data Systems Corp.,Plano,TX,100
Alliance One International,Morrisville,NC,20
AllianceBernstein LP,New York,NY,100
Alliant Energy Corp.,Madison,WI,100
Allianz Life Insurance Co. of North America,Minneapolis,MN,100
Allscripts-Misys Healthcare Solutions Inc.,Chicago,IL,40
Allstate Insurance Co.,Northbrook,IL,100
Ally Financial Inc.,Detroit,MI,100
Alston & Bird LLP,Atlanta,GA,100
Altria Group Inc.,Richmond,VA,100
A-Mark Precious Metals,Santa Monica,CA,20
Amazon.com Inc.,Seattle,WA,100
AMC Entertainment Inc.,Leawood,KS,100
Ameren Corp.,St. Louis,MO,100
American Airlines,Fort Worth,TX,100
American Apparel LLC,Los Angeles,CA,100
American Eagle Outfitters Inc.,Pittsburgh,PA,100
American Electric Power Co. Inc.,Columbus,OH,100
American Express Co.,New York,NY,100
American Express Global Business Travel,Jersey City,NJ,100
American Family Insurance Group,Madison,WI,100
American Financial Group,Cincinnati,OH,80
Ameriprise Financial Inc.,Minneapolis,MN,100
AmerisourceBergen Corp.,Chesterbrook,PA,100
Amgen Inc.,Thousand Oaks,CA,100
AMN Healthcare Services Inc.,San Diego,CA,95
Amphenol Corp.,Wallingford,CT,5
Anadarko Petroleum,The Woodlands,TX,10
Andrews Kurth Kenyon LLP,Houston,TX,100
Anheuser-Busch Companies Inc.,St. Louis,MO,100
Antler International Inc.,Glenview,IL,100
Anthem Inc.,Indianapolis,IN,100
AOL,New York,NY,85
Aon Corp.,Chicago,IL,100
Apache Corp.,Houston,TX,30
Apple Inc.,Cupertino,CA,100
Applied Materials Inc.,Santa Clara,CA,90
Aramark Corp.,Philadelphia,PA,90
Archer Daniels Midland Co.,Chicago,IL,70
Arconic,New York,NY,80
Arent Fox LLP,Washington DC,DC,100
Armstrong Teasdale LLP,St. Louis,MO,100
Arnold & Porter Kaye Scholer LLP,Washington DC,DC,100
Arrow Electronics,Centennial,CO,90
Arup USA Inc.,New York,NY,90
Asbury Automotive Group,Duluth,GA,100
Ascena Retail Group Inc.,Mahwah,NJ,90
Ashland Inc.,Covington,KY,65
Assurant,New York,NY,90
Astellas Pharma US Inc.,Northbrook,IL,100
AstraZeneca PLC,Wilmington,DE,90
AT&T Inc.,Dallas,TX,100
AthenaHealth Inc.,Watertown,MA,100
Austin Radiological Assn.,Austin,TX,40
Autodesk Inc.,San Rafael,CA,100
AutoNation Inc.,Auburn Hills,MI,10
AutoNation Inc.,Fort Lauderdale,FL,10
Auto-Owners Insurance Group,Lansing,MI,65
AutoZone Inc.,Memphis,TN,70
Avaya Inc.,Santa Clara,CA,30
Avery Dennison,Glendale,CA,95
Avis Budget Group Inc.,Parsippany,NJ,100
Avnet Inc.,Phoenix,AZ,80
Avon Products Inc.,New York,NY,100
AXA,New York,NY,100
BJ's Wholesale Club,Westborough,MA,100
BAE Systems Inc.,Arlington,VA,100
Bain & Co. Inc./Bridgespan Group,Boston,MA,100
Baker & Hostetler LLP,Cleveland,OH,95
Baker & McKenzie LLP,Chicago,IL,100
Baker Botts LLP,Houston,TX,100
Baker Hughes Inc.,Houston,TX,10
Baker Donelson Bearman Caldwell & Berkowitz PC,Memphis,TN,100
Baldor Electric Co.,Fort Smith,AR,35
Ball Corp.,Broomfield,CO,100
Ballard Spahr LLP,Philadelphia,PA,100
Bama Companies Inc. The,Tulsa,OK,85
Bank of America Corp.,Charlotte,NC,75
Bank of New York Mellon Corp. The,New York,NY,100
Bank of the West,San Francisco,CA,100
Barclays,New York,NY,100
Barilla America Inc.,Northbrook,IL,100
Barnes & Noble Inc.,New York,NY,10
Barnes & Thornburg LLP,Indianapolis,IN,100
BASF Corp.,Florham Park,NJ,100
Bass  Berry & Sims PLC,Nashville,TN,90
Baxter International Inc.,Deerfield,IL,100
Bayer U.S. LLC,Whippany,NJ,100
BB&T Corp.,Winston-Salem,NC,100
Becton Dickinson and Co.,Franklin Lakes,NJ,100
Bed Bath & Beyond Inc.,Union,NJ,20
Ben & Jerry's Homemade Inc.,South Burlington,VT,100
Berkshire Hathaway Inc.,Omaha,NE,20
Best Buy Co. Inc.,Richfield,MN,100
Big Lots,Columbus,OH,30
Biogen,Cambridge,MA,100
Black & Veatch Holding Inc.,Overland Park,KS,85
BlackRock,New York,NY,100
Blank Rome LLP,Philadelphia,PA,100
Bloomberg LP,New York,NY,100
Bloomin' Brands Inc.,Tampa,FL,100
Blue Cross & Blue Shield of Rhode Island,Providence,RI,100
Blue Cross Blue Shield of Florida Inc.,Jacksonville,FL,100
Blue Cross Blue Shield of Massachusetts,Boston,MA,100
Blue Cross Blue Shield of Michigan,Detroit,MI,100
Blue Cross Blue Shield of Minnesota,Eagan,MN,100
Blue Cross Blue Shield of North Carolina,Durham,NC,75
Blue Shield of California,San Francisco,CA,90
BlueCross BlueShield of Tennessee,Chattanooga,TN,95
BMC HealthNet Plan,Boston,MA,80
BMC Software Inc.,Houston,TX,100
BMO Bankcorp Inc.,Chicago,IL,100
BNP Paribas,New York,NY,100
Bob Evans Farms Inc.,New Albany,OH,100
Boehringer Ingelheim USA Corp.,Ridgefield,CT,100
Boeing Co.,Chicago,IL,95
Boies Schiller Flexner LLP,New York,NY,100
Bon-Ton Stores Inc.,York,PA,10
Books-A-Million Inc.,Birmingham,AL,80
Booz Allen Hamilton Inc.,McLean,VA,100
Borgata Hotel Casino & Spa,Atlantic City,NJ,90
BorgWarner Inc.,Auburn Hills,MI,30
Boston Consulting Group,Boston,MA,100
Boston Scientific Corp.,Marlborough,MA,100
Box Inc.,Redwood City,CA,80
BP America Inc.,Houston,TX,100
Bracewell LLP,Houston,TX,85
Bridgestone Americas Holding Inc.,Nashville,TN,65
Bright Horizons Family Solutions LLC,Watertown,MA,100
Brinker International Inc.,Dallas,TX,80
Bristol-Myers Squibb Co.,New York,NY,100
Broadcom Corp.,Irvine,CA,20
Broadridge Financial Solutions Inc.,Lake Success,NY,100
Brooks Brothers Group Inc.,New York,NY,90
Brooks Sports Inc.,Seattle,WA,85
Brown Brothers Harriman & Co.,New York,NY,90
Brown Rudnick LLP,Boston,MA,100
Brown-Forman Corp.,Louisville,KY,100
Bryan Cave LLP,St. Louis,MO,100
Buchanan Ingersoll & Rooney PC,Pittsburgh,PA,100
Buckley Sandler LLP,Washington DC,DC,100
Burger King Corp.,Miami,FL,95
Burlington Northern Santa Fe Corp.,Fort Worth,TX,100
Burlington Stores Inc.,Burlington,NJ,55
C&S Wholesale Grocers Inc.,Keene,NH,30
C.H. Robinson Worldwide,Eden Prairie,MN,20
CA Technologies Inc.,New York,NY,100
Cadwalader Wickersham & Taft LLP,New York,NY,100
Caesars Entertainment Corp.,Las Vegas,NV,100
Caleres,St. Louis,MO,100
Calpine Corp.,Houston,TX,100
Cambia Health Solutions Inc.,Portland,OR,100
Campbell Soup Co.,Camden,NJ,100
Canadian Imperial Bank of Commerce,New York,NY,85
Capgemini US LLC,Houston,TX,90
Capital Group Companies Inc.,Los Angeles,CA,100
Capital Markets Company NV  The,New York,NY,90
Capital One Financial Corp.,McLean,VA,100
Cardinal Health Inc.,Dublin,OH,100
CareFirst Inc.,Baltimore,MD,100
Cargill Inc.,Wayzata,MN,100
Cargo Transporters Inc.,Claremont,NC,75
Caribou Coffee Company Inc.,Minneapolis,MN,75
Carlson Inc.,Minnetonka,MN,100
Carlton Fields Jorden Burt,Tampa,FL,100
Carlyle Group LP  The,Washington DC,DC,100
CarMax Inc.,Richmond,VA,100
Carnival Corp.,Miami,FL,100
Casey's General Stores Inc.,Ankeny,IA,90
Caterpillar Inc.,Peoria,IL,90
CBRE Inc.,Los Angeles,CA,100
CBS Corp.,New York,NY,100
CDW Corp.,Lincolnshire,IL,90
Celanese Corp.,Irving,TX,90
Celgene Corp.,Summit,NJ,100
Centene Corp.,St. Louis,MO,100
CenterPoint Energy Inc.,Houston,TX,10
CenturyLink Inc.,Monroe,LA,95
Cerner Corp.,North Kansas City,MO,100
CH2M HILL Companies Ltd.,Englewood,CO,100
Chadbourne & Parke LLP,New York,NY,85
Commercial Metals,Irving,TX,20
Community Health Systems Inc.,Franklin,TN,30
Compass Bancshares Inc. (BBVA Compass),Birmingham,AL,100
Compass Group USA Inc.,Charlotte,NC,90
Computer Sciences Corp. (CSC),Falls Church,VA,75
ConAgra Brands Inc.,Chicago,IL,100
ConocoPhillips,Houston,TX,100
Consolidated Edison Co.,New York,NY,95
Constellation Brands Inc.,Victor,NY,100
Constellation Energy Group Inc.,Baltimore,MD,80
Consumers Energy,Jackson,MI,90
Convergys Corp.,Cincinnati,OH,100
Cooley LLP,Palo Alto,CA,100
Cooper Tire & Rubber Co.,Findlay,OH,35
Corbis Corp.,Seattle,WA,20
CoreLogic,Santa Ana,CA,70
Core-Mark Holding Company Inc.,South San Francisco,CA,10
Corning Inc.,Corning,NY,100
Cosmopolitan of Las Vegas The,Las Vegas,NV,100
Costco Wholesale Corp.,Issaquah,WA,75
Covington & Burling LLP,Washington DC,DC,100
Cox Enterprises Inc.,Atlanta,GA,100
Cracker Barrel Old Country Store Inc.,Lebanon,TN,30
Crate and Barrel / CB2,Northbrook,IL,95
Cravath Swaine & Moore LLP,New York,NY,100
Credit Suisse USA Inc.,New York,NY,100
Crowell & Moring LLP,Washington DC,DC,100
Crown Holdings,Philadelphia,PA,95
CSAA Insurance Group,Walnut Creek,CA,100
CST Brands Inc.,San Antonio,TX,10
CSX Corp.,Jacksonville,FL,95
Cummins Inc.,Columbus,IN,100
CUNA Mutual Group,Madison,WI,100
CVS Health Corp.,Woonsocket,RI,100
Daimler Trucks North America LLC,Portland,OR,100
Dana Holding Corp.,Maumee,OH,30
Danaher Corp.,Washington DC,DC,100
Daniel J. Edelman Inc.,New York,NY,100
Darden Restaurants Inc.,Orlando,FL,100
Davis Polk & Wardwell LLP,New York,NY,95
Davis Wright Tremaine LLP,Seattle,WA,100
DaVita Inc.,Denver,CO,85
Day Pitney LLP,Parsippany,NJ,100
Dean Foods Co.,Dallas,TX,40
Debevoise & Plimpton LLP,New York,NY,100
Dechert LLP,Philadelphia,PA,100
Deere & Co.,Moline,IL,90
Delek US Holdings,Brentwood,TN,20
Delhaize America Inc.,Salisbury,NC,100
Dell Inc.,Round Rock,TX,100
Deloitte LLP,New York,NY,100
Delta Air Lines Inc.,Atlanta,GA,100
Denny's Corp.,Spartanburg,SC,75
Dentons US LLP,Washington DC,DC,100
Depository Trust & Clearing Corp.  The,New York,NY,100
Deutsche Bank,New York,NY,100
Devon Energy Corp.,Oklahoma City,OK,40
Diageo North America,Norwalk,CT,100
Dickinson Wright PLLC,Detroit,MI,100
Dick's Sporting Goods Inc.,Coraopolis,PA,80
Dickstein Shapiro LLP,Washington DC,DC,90
DigitasLBi,Boston,MA,100
Dillard's Inc.,Little Rock,AR,0
Discover Financial Services,Riverwoods,IL,100
Discovery Communications Inc.,Silver Spring,MD,20
DISH Network Corp.,Englewood,CO,65
DLA Piper,Baltimore,MD,100
Dole Food Co. Inc.,Westlake Village,CA,20
Dollar General Corp.,Goodlettsville,TN,30
Dollar Tree Stores Inc.,Chesapeake,VA,20
Dominion Resources Inc.,Richmond,VA,75
Domino's Pizza Inc.,Ann Arbor,MI,80
Domtar Corp.,Fort Mill,SC,20
Dorsey & Whitney LLP,Minneapolis,MN,100
Dover Corp.,Downers Grove,IL,100
Dow Chemical Co. The,Midland,MI,100
DR Horton Inc.,Fort Worth,TX,10
Dr Pepper Snapple Group Inc.,Plano,TX,65
Drinker Biddle & Reath LLP,Philadelphia,PA,95
Dropbox Inc.,San Francisco,CA,100
DSW,Columbus,OH,85
DTE Energy Co.,Detroit,MI,90
Duane Morris LLP,Philadelphia,PA,100
Duke Energy Corp.,Charlotte,NC,100
Dun & Bradstreet Corp.,Short Hills,NJ,100
Dunkin' Brands Group Inc.,Canton,MA,90
Dykema Gossett PLLC,Detroit,MI,100
E&J Gallo Winery,Modesto,CA,90
E*TRADE Financial Corp.,New York,NY,80
E.I. du Pont de Nemours and Co. (DuPont),Wilmington,DE,100
EarthLink Inc.,Atlanta,GA,40
Eastern Bank Corp.,Boston,MA,95
Eastman Chemical Co.,Kingsport,TN,100
Eastman Kodak Co.,Rochester,NY,100
Eaton Corp.,Cleveland,OH,100
eBay Inc.,San Jose,CA,100
Ecolab Inc.,St. Paul,MN,100
Edison International,Rosemead,CA,100
Edward Jones,St. Louis,MO,100
Electronic Arts Inc.,Redwood City,CA,100
Eli Lilly & Co.,Indianapolis,IN,100
EMC Corp.,Hopkinton,MA,100
EMCOR Group Inc.,Norwalk,CT,20
Emerson Electric Co.,St. Louis,MO,100
Emmis Communications Corporation,Indianapolis,IN,20
Energy Future Holdings Corp.,Dallas,TX,20
Energy Transfer Equity L.P.,Dallas,TX,20
Entergy Corp.,New Orleans,LA,90
Enterprise Holdings Inc.,St. Louis,MO,95
Enterprise Products Partners L.P.,Houston,TX,20
EOG Resources,Houston,TX,20
Epstein Becker & Green PC,New York,NY,90
Erie Insurance Group,Erie,PA,100
Ernst & Young LLP,New York,NY,100
Essendant Inc.,Deerfield,IL,10
Estée Lauder Companies Inc.  The,New York,NY,100
Esurance Inc.,San Francisco,CA,100
Eventbrite Inc.,San Francisco,CA,90
Eversheds Sutherland (US) LLP,Atlanta,GA,100
Eversource Energy,Springfield,MA,35
Excellus Health Plan Inc.,Rochester,NY,100
Exelon Corp.,Chicago,IL,100
Expedia Inc.,Bellevue,WA,100
Expeditors International of Washington DC Inc.,Seattle,WA,20
Express Scripts Holding Company,St. Louis,MO,100
Exxon Mobil Corp.,Irving,TX,95
Facebook Inc.,Menlo Park,CA,100
FactSet Research Systems Inc.,Norwalk,CT,100
Faegre Baker Daniels,Chicago,IL,100
Farmers Insurance Exchange,Woodland Hills,CA,90
FCA US LLC,Auburn Hills,MI,100
Federal Home Loan Mortgage Corp. (Freddie Mac),McLean,VA,100
Federal National Mortgage Association (Fannie Mae),Washington DC,DC,100
Federal Reserve Bank of Atlanta,Atlanta,GA,100
Federal Reserve Bank of Boston,Boston,MA,100
Federal Reserve Bank of Chicago,Chicago,IL,100
Federal Reserve Bank of Cleveland,Cleveland,OH,100
Federal Reserve Bank of New York,New York,NY,100
Federal Reserve Bank of Philadelphia,Philadelphia,PA,100
Federal Reserve Bank of Richmond,Richmond,VA,100
Federal Reserve Bank of San Francisco,San Francisco,CA,100
Federal Reserve Bank of St. Louis,Saint Louis,MO,100
FedEx Corp.,Memphis,TN,100
Fenwick & West LLP,Mountain View,CA,100
Fidelity National Financial Corp.,Jacksonville,FL,20
Fidelity National Information Services Inc.,Jacksonville,FL,100
Fifth Third Bancorp,Cincinnati,OH,100
Financial Industry Regulatory Authority Inc.,Washington DC,DC,100
"Finnegan Henderson Farabow	 Garrett & Dunner LLP",Washington DC,DC,100
First American Financial Corp.,Santa Ana,CA,100
First Data Corp.,Atlanta,GA,100
First Horizon National Corp.,Memphis,TN,85
FirstEnergy Corp.,Akron,OH,20
Fiserv Inc.,Brookfield,WI,100
Fish & Richardson PC,Boston,MA,95
Fleishman-Hillard Inc.,St. Louis,MO,100
Fluor Corp.,Irving,TX,80
FMC Technologies Inc.,Houston,TX,30
FMR Corp.,Boston,MA,100
Foley & Lardner LLP,Milwaukee,WI,100
Foley Hoag LLP,Boston,MA,100
Foot Locker Inc.,New York,NY,90
Ford Motor Co.,Dearborn,MI,100
Fortive Corp.,Everett,WA,100
Fossil Inc.,Richardson,TX,75
Fox Rothschild LLP,Philadelphia,PA,85
Franklin Resources Inc.,San Mateo,CA,100
Fredrikson & Byron,Minneapolis,MN,100
Freeport-McMoRan Copper & Gold Inc.,Phoenix,AZ,20
Freescale Semiconductor Inc.,Austin,TX,75
Fried Frank Harris Shriver & Jacobson LLP,New York,NY,100
Frost Brown Todd LLC,Cincinnati,OH,100
Galloway Johnson Tompkins Burr & Smith PLC,New Orleans,LA,100
GameStop Corp.,Grapevine,TX,100
Gannett Co. Inc.,McLean,VA,100
Gap Inc.,San Francisco,CA,100
Gartner Inc.,Stamford,CT,100
Gastronomy Inc.,Salt Lake City,UT,40
Genentech Inc.,South San Francisco,CA,100
General Dynamics Corp.,Falls Church,VA,90
General Electric Co.,Boston,MA,100
General Mills Inc.,Minneapolis,MN,100
General Motors Co.,Detroit,MI,100
Genesco Inc.,Nashville,TN,85
Genesis HealthCare Corp.,Kennett Square,PA,10
Genuine Parts Co.,Atlanta,GA,100
Genworth Financial Inc.,Richmond,VA,100
Giant Eagle Inc.,Pittsburgh,PA,85
Gibson Dunn & Crutcher LLP,Los Angeles,CA,100
Gilead Sciences Inc.,Foster City,CA,100
GlaxoSmithKline LLC,Research Triangle Park,NC,100
Global Partners,Waltham,MA,25
GODADDY Inc.,Scottsdale,AZ,90
Goldman Sachs Group Inc. The,New York,NY,100
Goodwin Procter LLP,Boston,MA,100
Goodyear Tire & Rubber Co.,Akron,OH,90
Google Inc.,Mountain View,CA,100
Gordon Rees Scully Mansukhani LLP,San Francisco,CA,100
Goulston & Storrs,Boston,MA,100
Graham Holdings,Arlington,VA,25
Grant Thornton LLP,Chicago,IL,90
Graybar Electric Company Inc.,St. Louis,MO,20
Greenberg Traurig LLP,New York,NY,100
Group 1 Automotive,Houston,TX,20
Group Health Cooperative,Seattle,WA,100
Groupon Inc.,Chicago,IL,100
Guardian Life Insurance Co. of America The,New York,NY,100
H&M Hennes & Mauritz AB,North Arlington,NJ,100
H&R Block Inc.,Kansas City,MO,100
H.E. Butt Grocery Co.,San Antonio,TX,90
Hachette Book Group,New York,NY,100
Hain Celestial Group Inc. The,Lake Success,NY,100
Halliburton Co.,Houston,TX,100
Hallmark Cards Inc.,Kansas City,MO,100
Hanesbrands Inc.,Winston-Salem,NC,90
Hanover Insurance Group Inc.,Worcester,MA,100
Harley-Davidson Inc.,Milwaukee,WI,100
Harman International Industries Inc.,Stamford,CT,95
Harris Corp.,Melbourne,FL,100
Hartford Financial Services Group Inc. The,Hartford,CT,100
Harvard Pilgrim Health Care Inc.,Wellesley,MA,100
Hasbro Inc.,Pawtucket,RI,100
Hawaiian Airlines Inc.,Honolulu,HI,85
Haynes and Boone LLP,Dallas,TX,95
HCA - Hospital Corporation of America,Nashville,TN,90
HD Supply,Atlanta,GA,20
Health Care Service Corp.,Chicago,IL,100
Health Net Inc.,Woodland Hills,CA,65
HealthSouth Corp.,Birmingham,AL,55
Henry Schein Inc.,Melville,NY,90
HERE North America LLC,Chicago,IL,100
Herman Miller Inc.,Zeeland,MI,100
Herrick Feinstein LLP,New York,NY,90
Hershey Co. The,Hershey,PA,90
Hertz Global Holdings Inc.,Estero,FL,95
Hess Corp.,New York,NY,65
Hewlett Packard Enterprise Co.,Palo Alto,CA,100
Highmark Inc.,Pittsburgh,PA,95
Hilton Inc.,McLean,VA,100
Hinshaw & Culbertson LLP,Chicago,IL,90
Hogan Lovells US LLP,Washington DC,DC,100
Holland & Hart LLP,Denver,CO,55
Holland & Knight LLP,Brandon,FL,100
HollyFrontier Corp.,Dallas,TX,20
Home Depot Inc. The,Atlanta,GA,100
Honda North America Inc.,Marysville,OH,85
Honeywell International Inc.,Morris Township,NJ,75
Horizon Healthcare Services Inc.,Newark,NJ,85
Hormel Foods Corp.,Austin,MN,85
Hortonworks Inc.,Santa Clara,CA,65
Host Hotels & Resorts Inc.,Bethesda,MD,75
Houghton Mifflin Harcourt Co.,Boston,MA,85
Howard & Howard Attorneys PLLC,Royal Oak,MI,75
HP Inc.,Palo Alto,CA,100
HRG Group,New York,NY,30
HSBC USA,New York,NY,100
HSN Inc.,St. Petersburg,FL,85
Hughes Hubbard & Reed LLP,New York,NY,100
Humana Inc.,Louisville,KY,100
Huntington Bancshares Inc.,Columbus,OH,100
Huntington Ingalls Industries,Newport News,VA,100
Hunton & Williams LLP,Washington DC,DC,95
Huntsman Corp.,The Woodlands,TX,70
Huron Consulting Group Inc.,Chicago,IL,100
Husch Blackwell LLP,St. Louis,MO,100
Hyatt Hotels Corp.,Chicago,IL,100
Hyundai Motor America,Fountain Valley,CA,70
IAC/InterActiveCorp,New York,NY,100
IBM Corp.,Armonk,NY,100
Icahn Enterprises LP,New York,NY,10
Ice Miller LLP,Indianapolis,IN,85
iHeartMedia Inc.,San Antonio,TX,95
IHS Markit Ltd.,New York,NY,90
IKEA Holding US Inc.,Conshohocken,PA,100
Illinois Tool Works Inc.,Glenview,IL,60
Imation Corp.,Oakdale,MN,60
Indeed Inc.,Austin,TX,100
Infosys Limited Inc.,Plano,TX,70
Ingersoll-Rand Company,Davidson,NC,100
Ingram Micro,Irvine,CA,85
Ingredion Inc.,Westchester,IL,45
Insight Enterprises Inc.,Tempe,AZ,75
Instacart Inc.,San Francisco,CA,95
Intel Corp.,Santa Clara,CA,100
InterContinental Hotels Group Americas,Atlanta,GA,100
International Paper Co.,Memphis,TN,45
Interpublic Group of Companies Inc.,New York,NY,100
INTL FCStone Inc.,New York,NY,60
Intuit Inc.,Mountain View,CA,100
Invesco Ltd.,Atlanta,GA,75
Iron Mountain Inc.,Boston,MA,100
ITT Corp.,White Plains,NY,45
J. B. Hunt Transport Services Inc.,Lowell,AR,20
J. M. Smucker Co.,Orrville,OH,90
J.C. Penney Co. Inc.,Plano,TX,100
Jabil Circuit Inc.,St. Petersburg,FL,20
Jackson Walker LLP,Dallas,TX,100
Jacobs Engineering Group Inc.,Pasadena,CA,100
Jenner & Block LLP,Chicago,IL,100
JetBlue Airways Corp.,Long Island City,NY,100
JLL,Chicago,IL,100
John Hancock Financial Services Inc.,Boston,MA,100
Johnson & Johnson,New Brunswick,NJ,100
Johnson Controls Inc.,Milwaukee,WI,85
JPMorgan Chase & Co.,New York,NY,100
K&L Gates LLP,Pittsburgh,PA,100
Kaiser Permanente,Oakland,CA,100
Kate Spade & Company,New York,NY,75
Katten Muchin Rosenman LLP,Chicago,IL,100
Kaye Scholer LLP,New York,NY,100
KB Home,Los Angeles,CA,35
Kelley Drye & Warren LLP,New York,NY,100
Kellogg Co.,Battle Creek,MI,100
Kelly Services Inc.,Troy,MI,100
Kenneth Cole Productions Inc.,New York,NY,80
Kenyon & Kenyon,New York,NY,80
Keurig Green Mountain,Waterbury,VT,95
KeyBank,Cleveland,OH,100
Kilpatrick Townsend & Stockton LLP,Atlanta,GA,100
Kimberly-Clark Corp.,Irving,TX,100
Kimpton Hotel & Restaurant Group LLC,San Francisco,CA,100
Kinder Morgan Inc.,Houston,TX,20
Kindred Healthcare Inc.,Louisville,KY,100
King & Spalding LLP,Atlanta,GA,100
Kirkland & Ellis LLP,Chicago,IL,100
KKR & Co. LP,New York,NY,100
KLA-Tencor Corp.,Milpitas,CA,25
Kohler Co.,Kohler,WI,80
Kohl's Corp.,Menomonee Falls,WI,80
Komatsu Mining Corp.,Milwaukee,WI,100
KPMG LLP,New York,NY,100
Kraft Heinz Co. The,Chicago,IL,90
Kramer Levin Naftalis & Frankel LLP,New York,NY,100
Kroger Co. The,Cincinnati,OH,95
Kutak Rock LLP,Omaha,NE,100
L Brands Inc.,Columbus,OH,100
L.L. Bean Inc.,Freeport,ME,60
L-3 Communications Holdings,New York,NY,40
Laboratory Corporation of America Holdings,Burlington,NC,80
Laclede Group Inc. The,St. Louis,MO,65
Land O'Lakes Inc.,Arden Hills,MN,100
Lane Powell PC,Seattle,WA,100
Lansing Trade Group,Overland Park,KS,10
Las Vegas Sands Corp.,Las Vegas,NV,10
Latham & Watkins LLP,New York,NY,100
Lear Corp.,Southfield,MI,95
LeClairRyan,Richmond,VA,95
Legg Mason Inc.,Baltimore,MD,95
Leidos Holdings,Reston,VA,100
Lendlease Americas Inc.,New York,NY,100
Lennar Corp.,Miami,FL,100
LENOVO (UNITED STATES) INC.,Morrisville,NC,100
Leo Burnett Company Inc.,Chicago,IL,100
Leucadia National Corporation,New York,NY,100
Level 3 Communications Inc.,Broomfield,CO,80
Levi Strauss & Co.,San Francisco,CA,100
LexisNexis Group,New York,NY,100
Lexmark International Inc.,Lexington,KY,100
Liberty Interactive Corp.,Englewood,CO,100
Liberty Mutual Group,Boston,MA,100
LifePoint Health Inc.,Brentwood,TN,70
Lincoln National Corp.,Radnor,PA,100
Lindquist & Vennum LLP,Minneapolis,MN,100
LinkedIn,Sunnyvale,CA,100
Lithia Motors Inc.,Medford,OR,100
Littler Mendelson PC,San Francisco,CA,100
Live Nation Inc.,Beverly Hills,CA,100
LKQ Corp.,Chicago,IL,100
Locke Lord LLP,Dallas,TX,100
Lockheed Martin Corp.,Bethesda,MD,100
Loeb & Loeb LLP,Los Angeles,CA,90
Lowes Corp.,New York,NY,75
L'Oréal USA Inc.,New York,NY,100
Lowenstein Sandler LLP,New York,NY,100
Lowe's Companies Inc.,Mooresville,NC,75
LPL Financial Holdings Inc.,Boston,MA,100
Lubrizol Corp.,Wickliffe,OH,95
Lyft Inc.,San Francisco,CA,100
M&T Bank Corp.,Buffalo,NY,95
Macquarie Group Ltd.,New York,NY,85
Macy's Inc.,Cincinnati,OH,100
Mallinckrodt LLC,Hazelwood,MO,100
Manatt Phelps & Phillips LLP,Los Angeles,CA,100
ManpowerGroup,Milwaukee,WI,100
Marathon Oil Corp.,Houston,TX,85
Marathon Petroleum Corp.,Findlay,OH,85
Marriott International Inc.,Bethesda,MD,100
Mars Inc.,Mt. Olive,NJ,100
Marsh & McLennan Companies Inc.,New York,NY,100
Masco Corp.,Taylor,MI,100
Massachusetts Mutual Life Insurance Co.,Springfield,MA,100
MasterCard Inc.,Purchase,NY,100
Mattel Inc.,El Segundo,CA,100
Mayer Brown LLP,Chicago,IL,100
MB Financial Inc.,Chicago,IL,95
McCarter & English LLP,Newark,NJ,85
McCormick & Company Inc.,Sparks,MD,75
McDermott Will & Emery LLP,Chicago,IL,100
McDonald's Corp.,Oak Brook,IL,100
McGraw-Hill Global Education Holdings LLC,New York,NY,100
McGuireWoods LLP,Richmond,VA,85
McKesson Corp.,San Francisco,CA,100
McKinsey & Co. Inc.,New York,NY,100
Medallia Inc.,San Mateo,CA,100
MediaVest | Spark,New York,NY,90
Medtronic PLC,Minneapolis,MN,100
Meijer Inc.,Grand Rapids,MI,95
Merck & Co. Inc.,Kenilworth,NJ,100
Mesirow Financial Holdings Inc.,Chicago,IL,100
MetLife Inc.,New York,NY,100
MGM Resorts International,Las Vegas,NV,100
Michael Best & Friedrich LLP,Milwaukee,WI,95
Micron Technology Inc.,Boise,ID,40
Microsoft Corp.,Redmond,WA,100
Milbank Tweed Hadley & McCloy LLP,New York,NY,100
MillerCoors LLC,Chicago,IL,100
Mintz Levin Cohn Ferris Glovsky & Popeo PC,Boston,MA,100
Mitchell Gold + Bob Williams,Taylorsville,NC,100
Mohawk Industries Inc.,Calhoun,GA,35
Molina Healthcare Inc.,Long Beach,CA,60
Mondelēz International Inc.,East Hanover,NJ,100
Monsanto Co.,St. Louis,MO,100
Moody's Corp.,New York,NY,100
Moore & Van Allen PLLC,Charlotte,NC,100
Morgan Stanley,New York,NY,100
Morgan Lewis & Bockius LLP,Philadelphia,PA,100
Morningstar Inc.,Chicago,IL,100
Morris Manning & Martin LLP,Atlanta,GA,100
Morrison & Foerster LLP,San Francisco,CA,100
Mosaic Co.,Plymouth,MN,85
Motorola Solutions Inc.,Chicago,IL,95
MSLGROUP Americas,New York,NY,100
Munger Tolles & Olson LLP,Los Angeles,CA,100
Murphy USA,El Dorado,AR,95
Mutual of Omaha Insurance,Omaha,NE,95
NASDAQ Inc.,New York,NY,85
National Grid USA,Waltham,MA,100
National Oilwell Varco Inc.,Houston,TX,65
Nationwide,Columbus,OH,100
Navient,Wilmington,DE,100
Navigant Consulting Inc.,Chicago,IL,100
Navistar International Corp.,Lisle,IL,40
NCR Corp.,Duluth,GA,100
Nelson Mullins Riley & Scarborough LLP,Columbia,SC,95
Nestlé Purina PetCare Co.,St. Louis,MO,100
Nestlé USA Inc.,Glendale,CA,95
NetApp Inc.,Sunnyvale,CA,95
Netflix Inc.,Los Gatos,CA,90
New Relic Inc.,San Francisco,CA,95
New York Life Insurance Co.,New York,NY,100
New York Times Co.,New York,NY,100
Newmont Mining Corporation,Greenwood Village,CO,100
News Corp.,New York,NY,90
NextEra Energy Inc.,Juno Beach,FL,70
NGL Energy Partners,Tulsa,OK,20
Nielsen,New York City,NY,100
Nike Inc.,Beaverton,OR,100
NiSource Inc.,Merrillville,IN,100
Nissan North America Inc.,Franklin,TN,100
Nixon Peabody LLP,Boston,MA,100
Nokia Inc.,Irving,TX,100
Nordstrom Inc.,Seattle,WA,100
Norfolk Southern Corp.,Norfolk,VA,100
Nortel Networks Corp.,Richardson,TX,45
Northern Trust Corp.,Chicago,IL,100
Northrop Grumman Corp.,Falls Church,VA,100
Northwestern Mutual Life Insurance,Milwaukee,WI,100
Norton Rose Fulbright,Houston,TX,100
Novartis Pharmaceuticals Corp.,East Hanover,NJ,100
Novo Nordisk Inc.,Plainsboro,NJ,90
NRG Energy Inc.,Princeton,NJ,65
Nuance Communications,Burlington,MA,80
Nucor Corp.,Charlotte,NC,20
NVIDIA Corp.,Santa Clara,CA,100
NYSE Euronext Inc.,New York,NY,45
Occidental Petroleum,Los Angeles,CA,10
Ocean Spray Cranberries Inc.,Lakeville-Middleboro,MA,40
Office Depot Inc.,Boca Raton,FL,100
Ogilvy Group Inc.,New York,NY,100
Ogletree Deakins Nash Smoak & Stewart,Greenville,SC,100
Old Republic International,Chicago,IL,45
O'Melveny & Myers LLP,Los Angeles,CA,100
Omnicom Group,New York,NY,100
ONE Gas Inc.,Tulsa,OK,70
ONEOK Inc.,Tulsa,OK,95
OppenheimerFunds Inc.,New York,NY,100
Optimedia International US Inc.,New York,NY,100
Oracle Corp.,Redwood City,CA,15
Orbital ATK Inc.,Dulles,VA,100
O'Reilly Automotive Inc.,Springfield,MO,10
Orrick Herrington & Sutcliffe LLP,San Francisco,CA,100
Oshkosh Corp.,Oshkosh,WI,30
Outerwall Inc.,Bellevue,WA,100
Overstock.com Inc.,Midvale,UT,75
Owens & Minor Inc.,Mechanicsville,VA,90
Owens Corning,Toledo,OH,100
Owens-Illinois Inc.,Perrysburg,OH,20
Paccar Inc.,Bellevue,WA,100
Pacific Investment Management Co. LLC,Newport Beach,CA,100
Pacific Life Insurance Co.,Newport Beach,CA,80
Pacific Medical Centers,Seattle,WA,60
Packaging Corporation of America,Lake Forest,IL,20
Palm Management Corp.,Washington DC,DC,55
Pandora Media Inc.,Oakland,CA,90
Pariveda Solutions Inc.,Dallas,TX,70
Parker Hannifin Corp.,Cleveland,OH,20
Patterson Belknap Webb & Tyler LLP,New York,NY,100
Patterson Companies (Patterson Dental Supply),St. Paul,MN,75
Patton Boggs LLP,Washington DC,DC,80
Paul Hastings LLP,Los Angeles,CA,100
Paul Weiss Rifkind Wharton & Garrison LLP,New York,NY,100
PayPal Holdings Inc.,San Jose,CA,100
PBF Energy,Parsippany,NJ,20
Peabody Energy Corp.,St. Louis,MO,15
Pearson Inc.,Hoboken,NJ,85
Penske Automotive Group Inc.,Bloomfield Hills,MI,10
Pep Boys-Manny Moe & Jack,Philadelphia,PA,100
Pepper Hamilton LLP,Philadelphia,PA,100
PepsiCo Inc.,Purchase,NY,100
Perkins + Will Inc.,Chicago,IL,35
Perkins Coie LLP,Seattle,WA,100
Pernod Ricard USA LLC,New York,NY,100
Peter Kiewit Sons' Inc.,Omaha,NE,20
PetSmart Inc.,Phoenix,AZ,100
Pfizer Inc.,New York,NY,100
PG&E Corp.,San Francisco,CA,100
Philip Morris International Inc.,New York,NY,10
Phillips 66,Houston,TX,85
Pillsbury Winthrop Shaw Pittman LLP,New York,NY,100
Pinnacle West Capital,Phoenix,AZ,90
Pinterest Inc.,San Francisco,CA,95
Pitney Bowes Inc.,Stamford,CT,70
Plains GP Holdings,Houston,TX,70
PNC Financial Services Group Inc. The,Pittsburgh,PA,100
PNM Resources Inc.,Albuquerque,NM,70
Polsinelli,Kansas City,MO,85
Portland General Electric Co.,Portland,OR,100
PPG Industries Inc.,Pittsburgh,PA,100
PPL Corp.,Allentown,PA,100
Praxair Inc.,Danbury,CT,100
Precision Castparts Corp.,Portland,OR,100
priceline.com LLC,Norwalk,CT,90
PricewaterhouseCoopers LLP,New York,NY,100
Principal Financial Group,Des Moines,IA,100
Proctor & Gamble Co.,Cincinnati,OH,90
Progressive Corp. The,Mayfield Village,OH,100
Proskauer Rose LLP,New York,NY,90
Prudential Financial Inc.,Newark,NJ,100
Public Service Enterprise Group,Newark,NJ,100
Publicis Healthcare Communications,New York,NY,100
Publicis Inc.,New York,NY,95
Publicis Media,New York,NY,100
Publix Super Markets Inc.,Lakeland,FL,10
PulteGroup Inc.,Atlanta,GA,10
PVH Corp.,New York,NY,100
Quaintance-Weaver Inc.,Greensboro,NC,60
QUALCOMM Inc.,San Diego,CA,100
Quanta Services,Houston,TX,10
Quantcast Corp.,San Francisco,CA,80
Quarles & Brady LLP,Milwaukee,WI,100
Quest Diagnostics Inc.,Madison,NJ,100
Quinn Emanuel Urquhart & Sullivan LLP,London,CA,100
Quintiles Transnational,Durham,NC,20
R.R. Donnelley & Sons Co.,Chicago,IL,90
Rackspace,San Antonio,TX,100
RadioShack Corp.,Fort Worth,TX,40
Ralph Lauren Corp.,New York,NY,90
Raymond James Financial Inc.,St. Petersburg,FL,100
Raytheon Co.,Waltham,MA,100
RB,Parsippany,NJ,50
RBC Capital Markets LLC,New York,NY,100
RBC Wealth Management,Minneapolis,MN,100
RBS Securities Inc.,Stamford,CT,85
Re:Sources USA Inc.,Long Island City,NY,90
Realogy Holdings Corp.,Madison,NJ,85
Recreational Equipment Inc.,Kent,WA,90
Redfin Corp.,Seattle,WA,85
Reed Smith LLP,Pittsburgh,PA,100
Regal Entertainment Group,Knoxville,TN,80
Regions Financial Corp.,Birmingham,AL,95
Reinhart Boerner Van Deuren s.c.,Milwaukee,WI,55
Reinsurance Group of America Inc.,Chesterfield,MO,80
Reliance Steel & Aluminum Co.,Los Angeles,CA,10
Replacements Ltd.,McLeansville,NC,90
Republic Services Inc.,Phoenix,AZ,95
Reynolds American Inc.,Winston-Salem,NC,80
Rite Aid Corp.,Camp Hill,PA,65
Robert Bosch Corp.,Broadview,IL,90
Robert Half,Menlo Park,CA,100
Robert W. Baird & Co. Incorporated,Milwaukee,WI,95
Robins Kaplan LLP,Minneapolis,MN,100
Rockland Trust Co.,Rockland,MA,85
Rockwell Automation Inc.,Milwaukee,WI,80
Rockwell Collins Inc.,Cedar Rapids,IA,100
Rolls-Royce North America (USA) Holdings Co.,Reston,VA,100
Ropes & Gray LLP,Boston,MA,100
Rosetta LLC,Hamilton,NJ,75
Ross Stores Inc.,Dublin,CA,80
Royal Caribbean Cruises Ltd.,Miami,FL,85
Ryder System Inc.,Miami,FL,90
Ryan Specialty Group Inc.,Calabasas,CA,85
S&P Global Inc.,New York,NY,100
S.C. Johnson & Son Inc.,Racine,WI,100
Saatchi & Saatchi North America Inc.,New York,NY,100
Sabre Holdings Inc.,Southlake,TX,65
Saint-Gobain Corp.,Malvern,PA,90
Salesforce,San Francisco,CA,100
Sanderson Farms Inc.,Laurel,MS,55
SanDisk Corp.,Milpitas,CA,100
Sanmina-SCI,San Jose,CA,20
Sanofi,Bridgewater,NJ,100
SAP America Inc.,Newtown Square,PA,100
Sapient Consulting Corp.,Boston,MA,100
SapientRazorfish,Boston,MA,100
Saul Ewing Arnstein & Lehr LLP,Philadelphia,PA,100
Sbe,Los Angeles,CA,75
Schiff Hardin LLP,Chicago,IL,100
Scholastic Corp.,New York,NY,100
Schulte Roth & Zabel LLP,New York,NY,95
Science Applications International Corp.,Reston,VA,85
Seaboard Corp.,Shawnee Mission,KS,25
Seagate Technology LLC,Scotts Valley,CA,25
Sealed Air Corp.,Elmwood Park,NJ,20
Sears Holdings Corp.,Hoffman Estates,IL,15
Sedgwick,San Francisco,CA,100
Selective Insurance Group,Branchville,NJ,55
Sempra Energy,San Diego,CA,100
Severn Trent Services Inc.,Fort Washington DC,PA,60
Seyfarth Shaw LLP,Chicago,IL,100
Shearman & Sterling LLP,New York,NY,100
Shell Oil Co.,Houston,TX,100
Sheppard Mullin Richter & Hampton LLP,Los Angeles,CA,100
Sherwin-Williams Co. The,Cleveland,OH,90
Shook Hardy & Bacon LLP,Kansas City,MO,100
Sidley Austin LLP,Chicago,IL,100
Siemens,Malvern,PA,100
Simon Property Group Inc.,Indianapolis,IN,10
Simpson Thacher & Bartlett LLP,New York,NY,100
SIRIUS XM Radio Inc.,New York,NY,100
Skadden Arps Slate Meagher & Flom LLP,New York,NY,100
SkyWest Airlines Inc.,St. George,UT,90
Slalom,Seattle,WA,100
SLM Corp. (Sallie Mae),Newark,DE,45
Snagajob.com Inc.,Glen Allen,VA,85
Snell & Wilmer,Phoenix,AZ,100
Société Générale Financial Corp.,New York,NY,100
Sodexo Inc.,Gaithersburg,MD,100
Software AG USA Inc.,Reston,VA,60
Software House International,Somerset,NJ,100
Sonic Automotive Inc.,Charlotte,NC,20
Sonoco Products Company,Hartsville,SC,80
Sony Computer Entertainment America LLC,Foster City,CA,80
Sony Corporation of America,New York,NY,100
Sony Electronics Inc.,San Diego,CA,100
Sony Pictures Entertainment Inc.,Culver City,CA,100
Southern California Edison Co.,Rosemead,CA,100
Southwire Co.,Atlanta,GA,100
Southwest Airlines Co.,Dallas,TX,100
SpartanNash,Grand Rapids,MI,75
Spectra Energy Corp.,Houston,TX,100
Spirit AeroSystems Inc.,Wichita,KS,85
Sprint Corp.,Overland Park,KS,100
Squire Patton Boggs,Cleveland,OH,100
SRA International Inc.,Fairfax,VA,80
St. Jude Medical Inc.,St. Paul,MN,95
Standard Insurance Co.,Portland,OR,100
Stanley Black & Decker Inc.,New Britain,CT,85
Staples Inc.,Framingham,MA,100
Starbucks Corp.,Seattle,WA,100
Starcom,Chicago,IL,100
State Farm Group,Bloomington,IL,100
State Street Corp.,Boston,MA,100
Steel Dynamics Inc.,Fort Wayne,IN,65
Steelcase Inc.,Grand Rapids,MI,100
Steptoe & Johnson LLP,Washington DC,DC,100
Stinson Leonard Street LLP,Kansas City,MO,100
Stoel Rives LLP,Portland,OR,100
Stryker Corp.,Kalamazoo,MI,100
Subaru of America Inc.,Cherry Hill,NJ,100
Sullivan & Cromwell LLP,New York,NY,85
Sun Life Financial Inc. (US),Wellesley Hills,MA,100
SunPower Corp.,San Jose,CA,75
SunTrust Banks Inc.,Atlanta,GA,100
Supervalu Inc.,Eden Prairie,MN,75
Symantec Corp.,Mountain View,CA,100
Synchrony Financial,Stamford,CT,80
SYNNEX Corp.,Fremont,CA,100
SYSCO Corp.,Houston,TX,100
T. Rowe Price Associates Inc.,Baltimore,MD,100
Tailored Brands Inc.,Houston,TX,95
Takeda Pharmaceuticals USA Inc.,Deerfield,IL,100
Target Corp.,Minneapolis,MN,100
TD Ameritrade,Omaha,NE,100
TD Bank N.A.,Wilmington,DE,100
TD Securities (USA) LLC,New York,NY,100
TE Connectivity Inc.,Berwyn,PA,100
Tech Data Corp.,Clearwater,FL,100
TEGNA Inc.,McLean,VA,100
Telephone & Data Systems Inc.,Chicago,IL,100
Tenet Healthcare Corp.,Dallas,TX,80
Tenneco Inc.,Lake Forest,IL,35
Terex Corp.,Westport,CT,35
Tesla Inc.,Palo Alto,CA,100
Tesoro Corp.,San Antonio,TX,40
Teva Pharmaceutical USA Inc.,North Wales,PA,100
Texas Instruments Inc.,Dallas,TX,100
Textron Inc.,Providence,RI,55
Thermo Fisher Scientific Inc.,Waltham,MA,100
Thompson Coburn LLP,St. Louis,MO,100
Thompson Hine LLP,Cleveland,OH,100
Thomson Reuters,New York,NY,100
Thrivent Financial,Minneapolis,MN,85
TIAA,New York,NY,100
Tiffany & Co.,New York,NY,100
Time Warner Inc.,New York,NY,100
TJX Companies Inc. The,Framingham,MA,100
T-Mobile USA Inc.,Bellevue,WA,100
Toyota Motor North America Inc.,Plano,TX,100
Toys 'R' Us Inc.,Wayne,NJ,100
TPG Global LLC,Fort Worth,TX,100
Transamerica Corp. The,Cedar Rapids,IA,100
TransUnion,Chicago,IL,85
TravelCenters of America,Westlake,OH,10
Travelers Companies Inc. The,New York,NY,100
Travelport Ltd.,Parsippany,NJ,50
TripAdvisor Inc.,Needham,MA,90
Tropicana Las Vegas The,Las Vegas,NV,85
Troutman Sanders LLP,Atlanta,GA,100
True Value Co.,Chicago,IL,95
Truven Health Analytics Inc.,Ann Arbor,MI,80
Tufts Health Plan,Watertown,MA,100
Turner Construction Co.,New York,NY,100
Twitter Inc.,San Francisco,CA,100
Tyson Foods Inc.,Springdale,AR,100
U.S. Bancorp,Minneapolis,MN,100
Uber Technologies Inc.,San Francisco,CA,100
UBM plc,New York,NY,100
UBS AG,New York,NY,100
UGI Corp.,King of Prussia,PA,20
Ultimate Software Group Inc.,Weston,FL,100
Under Armour Inc.,Baltimore,MD,100
Unilever,Englewood Cliffs,NJ,100
Union Bank,New York,NY,100
Union Pacific Corp.,Omaha,NE,100
Unisys Corp.,Blue Bell,PA,30
United Airlines,Chicago,IL,100
United Natural Foods Inc.,Providence,RI,10
United Parcel Service Inc.,Atlanta,GA,100
United Rentals Inc.,Stamford,CT,45
United Services Automobile Association,San Antonio,TX,100
United States Steel Corp.,Pittsburgh,PA,10
United Technologies Corp.,Farmington,CT,100
UnitedHealth Group Inc.,Minnetonka,MN,95
Univar,Downers Grove,IL,20
Universal Health Services,King of Prussia,PA,20
University of Phoenix,Tempe,AZ,100
Univision Communications Inc.,New York,NY,100
Unum Group,Chattanooga,TN,85
Urban Outfitters Inc.,Philadelphia,PA,85
US Foods Inc.,Rosemont,IL,75
USG Corp.,Chicago,IL,65
Valero Energy Corp.,San Antonio,TX,20
Vanguard Group Inc.,Malvern,PA,100
Veritas Technologies LLC,Mountain View,CA,100
Veritiv,Atlanta,GA,20
Verizon Communications Inc.,New York,NY,100
VF Corp.,Greensboro,NC,100
Viacom Inc.,New York,NY,100
Vinson & Elkins LLP,Houston,TX,100
Virgin America,Burlingame,CA,100
Visa,Foster City,CA,95
Visteon Corp.,Van Buren Township,MI,100
VMware Inc.,Palo Alto,CA,95
Volkswagen Group of America Inc.,Herndon,VA,100
Vorys Sater Seymour and Pease LLP,Columbus,OH,95
Vox Media Inc.,Washington DC,DC,90
Voya Financial,New York,NY,100
W.R. Berkley,Greenwich,CT,10
W.W. Grainger Inc.,Lake Forest,IL,100
Wachtell Lipton Rosen & Katz,New York,NY,100
Waddell & Reed Financial Inc.,Overland Park,KS,80
Walgreen Co.,Deerfield,IL,100
Wal-Mart Stores Inc.,Bentonville,AR,100
Walt Disney Co. The,Burbank,CA,100
Warby Parker,New York,NY,95
Washington DC Permanente Medical Group,Renton,WA,100
Waste Management Inc.,Houston,TX,80
Wawa Inc.,Wawa,PA,100
WEC Energy Group,Milwaukee,WI,55
WeddingWire Inc.,Chevy Chase,MD,100
Weil Gotshal & Manges LLP,New York,NY,100
Wellmark Inc.,Des Moines,IA,100
Wells Fargo & Co.,San Francisco,CA,100
Wendy's Co. The,Dublin,OH,80
WESCO International Inc.,Pittsburgh,PA,60
West Corp.,Omaha,NE,100
Western & Southern Financial Group,Cincinnati,OH,20
Western Digital Corp.,Irvine,CA,20
Western Refining Inc.,El Paso,TX,10
Western Union Co. The,Englewood,CO,75
WestRock,Norcross,GA,70
Weyerhaeuser Co.,Federal Way,WA,100
Whirlpool Corp.,Benton Harbor,MI,100
White & Case LLP,New York,NY,100
Whole Foods Market Inc.,Austin,TX,75
Wiley Rein LLP,Washington DC,DC,100
Williams Companies Inc.,Tulsa,OK,100
Williams Mullen PC,Richmond,VA,100
Williams-Sonoma Inc.,San Francisco,CA,90
Willis Towers Watson,Arlington,VA,100
Willkie Farr & Gallagher LLP,New York,NY,95
Wilmer Cutler Pickering Hale & Dorr LLP,Washington DC,DC,100
Wilson Sonsini Goodrich & Rosati PC,Palo Alto,CA,85
Windstream Corp.,Little Rock,AR,20
Winn-Dixie Stores Inc.,Jacksonville,FL,45
Winston & Strawn LLP,Chicago,IL,100
Womble Carlyle Sandridge & Rice LLP,Winston-Salem,NC,100
Workday Inc.,Pleasanton,CA,100
World Fuel Services,Miami,FL,20
WPP Group USA,New York,NY,85
Wyndham Worldwide Corp.,Parsippany,NJ,100
Wynn Resorts Ltd.,Las Vegas,NV,100
Xcel Energy Inc.,Minneapolis,MN,100
Xerox Corp.,Norwalk,CT,65
Xylem Inc.,Rye Brook,NY,90
Yelp Inc.,San Francisco,CA,100
Young's Market Co.,Tustin,CA,85
YRC Worldwide Inc.,Overland Park,KS,100
Yum! Brands Inc.,Louisville,KY,100
Zenith Media Services Inc.,New York,NY,100
Zimmer Holdings Inc.,Warsaw,IN,20
Zurich North America,Schaumburg,IL,75