Employer,City,State,CEI Rating
1-800-FLOWERS.COM Inc.,Carle Place,NY,85
2U Inc.,Lanham,MD,85
3M Co.,St. Paul,MN,100
ABB Inc.,Cary,NC,90
Abbott Laboratories,Abbott Park,IL,95
AbbVie Inc.,North Chicago,IL,100
Abercrombie & Fitch Co.,New Albany,OH,100
Aberdeen Standard Investments,Philadelphia,PA,100
ABM Industries Inc.,New York,NY,20
ACA Group,Silver Spring,MD,85
Accenture,New York,NY,100
Adaptive Biotechnologies Corporation,Seattle,WA,95
Adidas North America Inc.,Portland,OR,100
Adobe Inc.,San Jose,CA,100
ADP,Roseland,NJ,90
Advance Auto Parts (Advance Holding),Raleigh,NC,90
Advanced Micro Devices Inc.,Santa Clara,CA,100
AECOM,Los Angeles,CA,100
Aegon Asset Management,Cedar Rapids,IA,95
AES Corp. The,Arlington,VA,90
Aflac Incorporated,Columbus,GA,85
Agco,Duluth,GA,10
Agilent Technologies Inc.,Santa Clara,CA,75
AIG,New York,NY,100
Air Liquide US LLC,Houston,TX,100
Air Products & Chemicals Inc.,Allentown,PA,100
Airbnb Inc.,San Francisco,CA,100
Airbus Americas Inc.,Herndon,VA,100
Airlines Reporting Corporation (ARC),Arlington,VA,100
AK Steel Holding Corp.,West Chester,OH,0
Akamai Technologies Inc.,Cambridge,MA,100
Akerman LLP,Miami,FL,100
Akin Gump Strauss Hauer & Feld LLP,Washington DC,DC,100
Alaska Airlines,Seattle,WA,90
Albemarle Corporation,Charlotte,NC,60
Albertsons Companies Inc.,Boise,ID,90
Alcoa Corp.,Pittsburgh,PA,90
Alcon Inc.,Fort Worth,TX,100
Alight Solutions,Lincolnshire,IL,90
AlixPartners LLP,New York,NY,100
Alleghany Corp.,New York,NY,0
Allen & Overy LLP,New York,NY,100
Alliance Data Systems Corp.,Columbus,OH,90
AllianceBernstein LP,Nashville,TN,100
Alliant Energy Corp.,Madison,WI,100
Allianz Life Insurance Co. of North America,Minneapolis,MN,100
Allied Electronics and Automation,Fort Worth,TX,80
Allstate Insurance Co.,Northbrook,IL,95
Ally Financial Inc.,Detroit,MI,100
Alston & Bird LLP,Atlanta,GA,100
Altice USA Inc.,Long Island City,NY,100
Altria Group Inc.,Richmond,VA,100
Amazon.com Inc.,Seattle,WA,100
AMC Entertainment Inc.,Leawood,KS,100
AMC Networks,New York,NY,70
Ameren Corp.,St. Louis,MO,100
American Airlines,Fort Worth,TX,100
American Axle & Manufacturing,Detroit,MI,20
American Century Investments,Kansas City,MO,80
American Eagle Outfitters Inc.,Pittsburgh,PA,90
American Electric Power Co. Inc.,Columbus,OH,95
American Express Company,New York,NY,100
American Express Global Business Travel,Jersey City,NJ,100
American Family Mutual Insurance Company S.I.,Madison,WI,100
American Financial Group,Cincinnati,OH,50
American Greetings Corp.,Cleveland,OH,100
American Honda Motor Co.,Torrance,CA,85
American Tower Corp.,Boston,MA,100
American Water,Camden,NJ,85
Ameriprise Financial Inc.,Minneapolis,MN,100
AmerisourceBergen Corp.,Chesterbrook,PA,100
Amgen Inc.,Thousand Oaks,CA,100
AMN Healthcare Services Inc.,Dallas,TX,95
Amphenol Corp.,Wallingford,CT,20
Amyris Inc.,Emeryville,CA,90
Analog Devices Inc.,Norwood,MA,100
Andersen Corp.,Bayport,MN,100
Andersons Inc. The,Maumee,OH,20
Anheuser-Busch Companies Inc.,St. Louis,MO,100
Anixter International Inc.,Glenview,IL,20
Anschutz Entertainment Group Inc.,Los Angeles,CA,100
Anthem Inc.,Indianapolis,IN,100
Aon plc,Chicago,IL,100
Apollo Global Management Inc.,New York,NY,95
Appian Corporation,McLean,VA,95
Apple Inc.,Cupertino,CA,100
Applied Materials Inc.,Santa Clara,CA,100
AQR Capital Management LLC,Greenwich,CT,100
Aramark Corp.,Philadelphia,PA,100
Arcadis U.S. Inc.,Highlands Ranch,CO,100
Archer Daniels Midland Co.,Chicago,IL,100
Arconic,New York,NY,100
Arent Fox LLP,Washington DC,DC,100
Ares Management LLC,Los Angeles,CA,100
Armstrong Teasdale LLP,St. Louis,MO,100
Arnold & Porter Kaye Scholer LLP,Washington DC,DC,100
Arrow Electronics,Centennial,CO,100
Arthur J. Gallagher & Co.,Rolling Meadows,IL,100
Arup US Inc.,New York,NY,100
Asbury Automotive Group,Duluth,GA,20
Ascena,New York,NY,100
Ashland Inc.,Covington,KY,40
Associated Banc-Corp,Green Bay,WI,100
Assurant,New York,NY,100
Astellas Pharma US Inc.,Northbrook,IL,100
AstraZeneca PLC,Wilmington,DE,100
Asurion LLC,Nashville,TN,100
AT&T Inc.,Dallas,TX,100
AthenaHealth Inc.,Watertown,MA,90
Athene Holding Ltd.,West Des Moines,IA,85
Atkore International Inc.,Harvey,IL,85
Atlassian,San Francisco,CA,100
Auto-Owners Insurance Group,Lansing,MI,20
Autodesk Inc.,San Rafael,CA,100
Autoliv Inc.,Auburn Hills,MI,100
AutoNation Inc.,Fort Lauderdale,FL,10
AutoZone Inc.,Memphis,TN,85
AvalonBay Communities Inc.,Arlington,VA,100
Avantor Inc.,Radnor,PA,60
Avaya Inc.,Santa Clara,CA,70
Avery Dennison,Glendale,CA,100
Avient Corporation,Avon Lake,OH,100
Avis Budget Group Inc.,Parsippany,NJ,95
Avita Pharmacy,Plano,TX,90
Avnet Inc.,Phoenix,AZ,90
Avon Products Inc.,Rye,NY,80
Axiom Global Inc.,New York,NY,95
BAE Systems Inc.,Falls Church,VA,100
Bain & Co. Inc. / Bridgespan Group,Boston,MA,100
Baker & Hostetler LLP,Cleveland,OH,100
Baker & McKenzie LLP,Chicago,IL,100
Baker Botts LLP,Houston,TX,100
Baker Hughes Inc.,Houston,TX,20
Baker Tilly US LLP,Chicago,IL,100
Baker Donelson Bearman Caldwell & Berkowitz PC,Memphis,TN,90
Ball Corp.,Westminster,CO,100
Ballard Spahr LLP,Philadelphia,PA,100
Bank of America Corp.,Charlotte,NC,100
Bank of New York Mellon Corp. The,New York,NY,100
Bank of the West,San Francisco,CA,100
Barclays,New York,NY,100
Barilla America Inc.,Northbrook,IL,100
Barnes & Noble Inc.,New York,NY,100
Barnes & Thornburg LLP,Indianapolis,IN,85
BASF Corp.,Florham Park,NJ,100
Bass Berry & Sims PLC,Nashville,TN,100
Bath & Body Works LLC,Columbus,OH,100
Battelle Energy Alliance (Idaho National Laboratory),Idaho Falls,ID,95
Battelle Memorial Institute,Columbus,OH,100
Baxter International Inc.,Deerfield,IL,100
Bayer U.S. LLC,Whippany,NJ,100
BB OPC LLC,New York,NY,90
BBVA USA,Birmingham,AL,100
Beacon Roofing Supply Inc.,Herndon,VA,0
Beam Suntory,Chicago,IL,100
Becton Dickinson and Co.,Franklin Lakes,NJ,100
Bed Bath & Beyond Inc.,Union,NJ,70
Ben & Jerry's Homemade Inc.,South Burlington,VT,100
Benchmark Senior Living LLC,Waltham,MA,65
Berkeley Research Group LLC,Emeryville,CA,90
Berkshire Bank,Boston,MA,100
Berkshire Hathaway,Omaha,NE,0
Berry Appleman & Leiden LLP,Richardson,TX,80
Berry Global Inc.,Evansville,IN,100
Best Buy Co. Inc.,Richfield,MN,100
Big Lots,Columbus,OH,90
Biogen,Cambridge,MA,100
BioMarin Pharmaceutical Inc.,San Rafael,CA,100
BJ's Wholesale Club,Westborough,MA,90
Black & Veatch Holding Inc.,Overland Park,KS,100
Black Knight Inc.,Jacksonville,FL,95
BlackRock,New York,NY,100
Blank Rome LLP,Philadelphia,PA,100
Blend,San Francisco,CA,90
Bloomberg LP,New York,NY,100
Bloomin' Brands Inc.,Tampa,FL,75
Blue Cross & Blue Shield of Rhode Island,Providence,RI,100
Blue Cross and Blue Shield of Louisiana,Baton Rouge,LA,70
Blue Cross Blue Shield of Florida Inc.,Jacksonville,FL,100
Blue Cross Blue Shield of Massachusetts,Boston,MA,100
Blue Cross Blue Shield of Michigan,Detroit,MI,85
Blue Cross Blue Shield of Minnesota,Eagan,MN,100
Blue Cross Blue Shield of North Carolina,Durham,NC,65
Blue Shield of California,San Francisco,CA,100
BlueCross BlueShield of Tennessee,Chattanooga,TN,100
BlueTriton Brands Inc.,Stamford,CT,100
BMC Software Inc.,Houston,TX,95
BMO Financial Corp.,Chicago,IL,100
BNP Paribas,New York,NY,100
Bob Evans Farms Inc.,New Albany,OH,60
Boehringer Ingelheim USA Corp.,Ridgefield,CT,100
Boeing Co.,Chicago,IL,100
Boies Schiller Flexner LLP,New York,NY,90
Booking Holdings Inc.,Norwalk,CT,90
Books-A-Million Inc.,Birmingham,AL,80
Booz Allen Hamilton Inc.,McLean,VA,100
BorgWarner Inc.,Auburn Hills,MI,75
Boston Consulting Group,Boston,MA,100
Boston Scientific Corp.,Marlborough,MA,100
Box Inc.,Redwood City,CA,100
BP America Inc.,Houston,TX,100
Bracewell LLP,Houston,TX,95
Bradley Arant Boult Cummings LLP,Birmingham,AL,100
Bridgestone Americas Holding Inc.,Nashville,TN,100
Bridgewater Associates LP,Westport,CT,100
Bright Horizons,Newton,MA,100
Brighthouse Financial Inc.,Charlotte,NC,90
Brinker International Inc.,Dallas,TX,90
Bristol Myers Squibb,New York,NY,100
Broadcom Inc.,Irvine,CA,20
Broadridge Financial Solutions Inc.,Lake Success,NY,100
Brooks Sports Inc.,Seattle,WA,100
Brown Advisory,Baltimore,MD,90
Brown and Caldwell,Walnut Creek,CA,90
Brown Brothers Harriman & Co.,New York,NY,100
Brown Rudnick LLP,Boston,MA,100
Brown-Forman Corp.,Louisville,KY,100
Brownstein Hyatt Farber Schreck LLP,Denver,CO,100
Bryan Cave Leighton Paisner LLP,St. Louis,MO,100
Buchalter a Professional Corporation,Los Angeles,CA,100
Buchanan Ingersoll & Rooney PC,Pittsburgh,PA,100
Buckley LLP,Washington DC,DC,100
Builders FirstSource Inc.,Dallas,TX,10
Burlington Northern Santa Fe Corp.,Fort Worth,TX,90
Burlington Stores Inc.,Burlington,NJ,90
Burr & Forman LLP,Birmingham,AL,90
C. H. Robinson Worldwide,Eden Prairie,MN,75
C&S Wholesale Grocers Inc.,Keene,NH,100
Cadence Design Systems,San Jose,CA,100
Cadwalader Wickersham & Taft LLP,New York,NY,100
Caesars Entertainment Inc.,Las Vegas,NV,100
Cahill Gordon & Reindel,New York,NY,95
Caleres,St. Louis,MO,100
Calpine Corp.,Houston,TX,10
Cambia Health Solutions Inc.,Portland,OR,100
Cambridge Associates LLC,Boston,MA,100
Campbell Soup Company,Camden,NJ,90
CannonDesign,New York,NY,95
Capgemini America INC,Chicago,IL,100
Capital Area Services Company LLC (CASCI),Charleston,WV,100
Capital Group Companies Inc. The,Los Angeles,CA,100
Capital Markets Company NV The,New York,NY,100
Capital One Financial Corp.,McLean,VA,100
Capri Holdings Limited,New York,NY,100
Cardinal Health Inc.,Dublin,OH,100
CareFirst Inc.,Baltimore,MD,100
CareSource,Dayton,OH,90
Cargill Inc.,Wayzata,MN,100
Cargo Transporters Inc.,Claremont,NC,100
CarGurus Inc.,Cambridge,MA,100
Caribou Coffee Company Inc.,Minneapolis,MN,85
Carlson Inc.,Minnetonka,MN,100
Carlton Fields P.A.,Tampa,FL,100
Carlyle Group LP The,Washington DC,DC,100
CarMax Inc.,Richmond,VA,100
Carnival Corp.,Miami,FL,100
Carrier Global Corporation,Palm Beach Gardens,FL,100
Casey's General Stores Inc.,Ankeny,IA,0
Caterpillar Inc.,Deerfield,IL,75
CBRE Inc.,Los Angeles,CA,100
CDW Corp.,Lincolnshire,IL,100
Celanese Corp.,Irving,TX,100
Celgene Corp.,Summit,NJ,100
Cengage Learning Inc.,Boston,MA,100
Centene Corp.,St. Louis,MO,100
Center for Community Self-Help,Durham,NC,70
CenterPoint Energy Inc.,Houston,TX,70
Cerner Corp.,North Kansas City,MO,100
Cetera Financial Group,El Segundo,CA,95
CGI,Fairfax,VA,100
Change Healthcare,Nashville,TN,90
Chapman and Cutler LLP,Chicago,IL,100
Charles Schwab & Co. Inc.,San Francisco,CA,100
Charter Communications,Stamford,CT,90
Chemonics International Inc.,Washington DC,DC,100
Chesapeake Energy Corp.,Oklahoma City,OK,100
Chevron Corp.,San Ramon,CA,100
CHG Healthcare Inc.,Midvale,UT,100
Chico's FAS Inc.,Fort Myers,FL,75
Chipotle Mexican Grill Inc.,Newport Beach,CA,100
Choate Hall & Stewart LLP,Boston,MA,100
Chobani,Norwich,NY,100
Choice Hotels International Inc.,Rockville,MD,100
CHS Inc.,Inver Grove Heights,MN,10
Chubb Ltd.,Philadelphia,PA,85
CIBC Bank USA,Chicago,IL,100
CIGNA Corp.,Bloomfield,CT,100
Cimpress USA,Waltham,MA,100
Cincinnati Financial Corp.,Fairfield,OH,20
Cintas Corp.,Cincinnati,OH,10
Cisco Systems Inc.,San Jose,CA,100
Citigroup Inc.,New York,NY,100
Citizens Financial Group,Providence,RI,100
Citrix Systems Inc.,Fort Lauderdale,FL,100
CKE Restaurants Inc.,Franklin,TN,85
Clarivate Plc,Chandler,AZ,75
Cleary Gottlieb Steen & Hamilton LLP,New York,NY,100
Clifford Chance US LLP,New York,NY,90
Clorox Co. The,Oakland,CA,100
Cloudera Inc.,Palo Alto,CA,70
Cloudflare Inc.,San Francisco,CA,100
CME Group Inc.,Chicago,IL,100
CNA Financial Corporation,Chicago,IL,100
CNO Financial Group Inc.,Carmel,IN,100
Coca-Cola Co. The,Atlanta,GA,100
Code42 Software Inc.,Minneapolis,MN,90
Cognizant Technology Solutions Corp.,Teaneck,NJ,100
Coinbase Inc.,San Francisco,CA,95
Colgate-Palmolive Co.,New York,NY,100
Collaborative Solutions LLC,Reston,VA,100
Coloplast US,Minneapolis,MN,95
Comcast NBCUniversal,Philadelphia,PA,100
Comerica Inc.,Dallas,TX,100
Commerce Bank,Kansas City,MO,90
Commercial Metals,Irving,TX,20
Commonwealth Equity Services LLC dba Commonwealth Financial Network,Waltham,MA,70
Commscope,Hickory,NC,20
Community Care Behavioral Health Organization,Pittsburgh,PA,100
Community Health Systems Inc.,Franklin,TN,10
Compass Group USA Inc.,Charlotte,NC,80
Conagra Brands Inc.,Chicago,IL,100
Conduent Incorporated,Florham Park,NJ,100
ConocoPhillips,Houston,TX,100
Consolidated Edison Inc.,New York,NY,85
Constellation Brands Inc.,Victor,NY,100
Consumers Energy,Jackson,MI,90
Convergys Corp.,Cincinnati,OH,90
Cooley LLP,Palo Alto,CA,100
Cooper Tire & Rubber Co.,Findlay,OH,100
CooperCompanies,San Ramon,CA,100
Core-Mark Holding Company Inc.,Westlake,TX,80
CoreLogic,Irvine,CA,50
Cornerstone OnDemand Inc.,Santa Monica,CA,85
Corning,Corning,NY,100
Corteva Agriscience,Wilmington,DE,100
Cosmopolitan of Las Vegas The,Las Vegas,NV,100
Costco Wholesale Corp.,Issaquah,WA,60
Coty Inc.,New York,NY,95
Covington & Burling LLP,Washington DC,DC,100
Cox Enterprises Inc.,Atlanta,GA,100
Cohen O'Connor,Philadelphia,PA,100
Cracker Barrel Old Country Store Inc.,Lebanon,TN,80
Crate and Barrel / CB2,Northbrook,IL,90
Cravath Swaine & Moore LLP,New York,NY,90
Credit Suisse USA Inc.,New York,NY,100
CrowdStrike Inc.,Sunnyvale,CA,100
Crowell & Moring LLP,Washington DC,DC,90
Crown Castle International Corp.,Houston,TX,0
Crown Holdings,Philadelphia,PA,20
Crum & Forster,Morristown,NJ,95
CSAA Insurance Group,Walnut Creek,CA,100
CSX Corp.,Jacksonville,FL,100
Cubic Corporation,San Diego,CA,100
Cummins Inc.,Columbus,IN,100
CUNA Mutual Group,Madison,WI,100
Cushman & Wakefield,Chicago,IL,100
CVS Health Corp.,Woonsocket,RI,100
Daimler Trucks North America LLC,Portland,OR,100
Dana Inc.,Maumee,OH,65
Danaher Corp.,Washington DC,DC,100
Daniel J. Edelman Inc.,New York,NY,100
Danone North America,White Plains,NY,100
Darden Restaurants Inc.,Orlando,FL,100
Davis Polk & Wardwell LLP,New York,NY,100
Davis Wright Tremaine LLP,Seattle,WA,100
DaVita Inc.,Denver,CO,85
Day & Zimmerman LLC,Philadelphia,PA,90
Day Pitney LLP,Parsippany,NJ,100
DCP Midstream Partners,Denver,CO,20
Dean Foods Co.,Dallas,TX,10
Debevoise & Plimpton LLP,New York,NY,100
Dechert LLP,Philadelphia,PA,100
Deere & Co.,Moline,IL,90
Del Monte Foods Inc.,Walnut Creek,CA,100
Delek US Holdings,Brentwood,TN,80
Dell Technologies Inc.,Round Rock,TX,100
Deloitte LLP,New York,NY,100
Delta Air Lines Inc.,Atlanta,GA,85
Deluxe Corp.,Shoreview,MN,100
Denny's Corp.,Spartanburg,SC,90
Dentaquest,Boston,MA,95
Dentons US LLP,Washington DC,DC,100
dentsu international,New York,NY,100
Depository Trust & Clearing Corp. The,New York,NY,100
Designer Brands,Columbus,OH,100
Deutsche Bank,New York,NY,100
Devon Energy Corp.,Oklahoma City,OK,75
Diageo North America,Norwalk,CT,100
Dick's Sporting Goods Inc.,Coraopolis,PA,95
Dickinson Wright PLLC,Detroit,MI,100
Diebold Nixdorf Incorporated,North Canton,OH,90
Digitas,Boston,MA,100
Dillard's Inc.,Little Rock,AR,20
Dinsmore & Shohl LLP,Cincinnati,OH,90
Direct Energy,Houston,TX,90
Discover Financial Services,Riverwoods,IL,100
Discovery Inc.,New York,NY,100
DISH Network Corp.,Englewood,CO,70
DLA Piper,Baltimore,MD,100
Dollar General Corp.,Goodlettsville,TN,90
Dominion Energy,Richmond,VA,100
Domino's Pizza Inc.,Ann Arbor,MI,90
DoorDash Inc.,San Francisco,CA,100
Dorsey & Whitney LLP,Minneapolis,MN,100
Dover Corp.,Downers Grove,IL,0
Dow,Midland,MI,100
Doximity Inc.,San Francisco,CA,90
DR Horton Inc.,Arlington,TX,20
Dropbox Inc.,San Francisco,CA,100
DTE Energy Co.,Detroit,MI,75
Duane Morris LLP,Philadelphia,PA,100
Duke Energy Corp.,Charlotte,NC,100
Dun & Bradstreet Corp. The,Short Hills,NJ,100
DXC Technology,Tysons,VA,60
Dykema Gossett PLLC,Detroit,MI,100
E. I. du Pont de Nemours and Co. (DuPont),Wilmington,DE,100
E&J Gallo Winery,Modesto,CA,100
EAB,Washington DC,DC,100
Eastern Bank Corporation/Eastern Bankshares Inc.,Boston,MA,100
Eastman Chemical Co.,Kingsport,TN,100
Eastman Kodak Co.,Rochester,NY,100
Eaton Corp.,Cleveland,OH,100
eBay Inc.,San Jose,CA,100
Ecolab Inc.,St. Paul,MN,100
Edelman Financial Engines LLC,Boston,MA,50
Edison International,Rosemead,CA,100
Edward Jones,Des Peres,MO,100
Egon Zehnder International Inc.,New York,NY,100
Electronic Arts Inc.,Redwood City,CA,100
Eli Lilly & Co.,Indianapolis,IN,100
EMCOR Group Inc.,Norwalk,CT,20
EMD Serono MilliporeSigma and EMD Electronics,Burlington,MA,100
Emerson Electric Co.,St. Louis,MO,100
Emmis Communications Corporation,Indianapolis,IN,50
Empower Retirement,Greenwood Village,CO,100
Enbridge,Houston,TX,100
Encova Insurance,Columbus,OH,80
Energy Transfer Equity L.P.,Dallas,TX,20
ENGIE North America,Houston,TX,95
EnLink Midstream,Dallas,TX,20
Entergy Corp.,New Orleans,LA,90
Enterprise Community Partners,Columbia,MD,90
Enterprise Holdings Inc.,St. Louis,MO,95
Enterprise Products Partners L.P.,Houston,TX,20
EOG Resources,Houston,TX,20
Epsilon Data Management LLC,Irving,TX,100
Epstein Becker & Green PC,New York,NY,100
EQT Corporation,Pittsburgh,PA,95
Equinix,Redwood City,CA,100
Equitable,New York,NY,100
Ericsson Inc,Plano,TX,100
Erie Insurance Group,Erie,PA,90
Ernst & Young LLP,New York,NY,100
Essendant,Deerfield,IL,70
Estée Lauder Companies Inc. The,New York,NY,100
Esurance Inc.,San Francisco,CA,75
Ethan Allen Interiors Inc.,Danbury,CT,75
Etsy Inc.,Brooklyn,NY,100
Eurofins Scientific,Lancaster,PA,85
Everbridge Inc.,Burlington,MA,60
Eversheds Sutherland (US) LLP,Atlanta,GA,100
Eversource Energy,Springfield,MA,90
Evolent Health Inc.,Arlington,VA,100
Excellus Health Plan Inc.,Rochester,NY,100
Exelon Corp.,Chicago,IL,100
Expedia Group,Bellevue,WA,100
Expeditors International of Washington DC Inc.,Seattle,WA,10
Experian North America,Costa Mesa,CA,100
Exxon Mobil Corp.,Irving,TX,85
F5 Networks Inc.,Seattle,WA,80
Factory Mutual Insurance Co.,Johnston,RI,0
FactSet Research Systems Inc.,Norwalk,CT,100
Faegre Drinker Biddle & Reath LLP,Chicago,IL,100
Farmers Insurance Group,Woodland Hills,CA,100
Federal Home Loan Mortgage Corp. (Freddie Mac),McLean,VA,100
Federal National Mortgage Association (Fannie Mae),Washington DC,DC,100
Federal Reserve Bank of Atlanta,Atlanta,GA,100
Federal Reserve Bank of Boston,Boston,MA,100
Federal Reserve Bank of Chicago,Chicago,IL,100
Federal Reserve Bank of Cleveland,Cleveland,OH,100
Federal Reserve Bank of Dallas,Dallas,TX,100
Federal Reserve Bank of Kansas City,Kansas City,MO,100
Federal Reserve Bank of Minneapolis,Minneapolis,MN,100
Federal Reserve Bank of New York,New York,NY,100
Federal Reserve Bank of Philadelphia,Philadelphia,PA,100
Federal Reserve Bank of Richmond,Richmond,VA,100
Federal Reserve Bank of San Francisco,San Francisco,CA,100
Federal Reserve Bank of St Louis,Saint Louis,MO,100
FedEx Corp.,Memphis,TN,85
Fenwick & West LLP,Mountain View,CA,100
Fidelity Investments,Boston,MA,85
Fidelity National Financial Corp.,Jacksonville,FL,20
Fidelity National Information Services Inc.,Jacksonville,FL,100
Fifth Third Bancorp,Cincinnati,OH,100
Financial Industry Regulatory Authority Inc.,Washington DC,DC,100
Finnegan Henderson Farabow Garrett & Dunner LLP,Washington DC,DC,100
Firmenich Inc.,Plainsboro,NJ,80
First American Financial Corp.,Santa Ana,CA,100
First Horizon Corporation,Memphis,TN,75
FirstEnergy Corp.,Akron,OH,90
Fiserv Inc.,Brookfield,WI,100
Fish & Richardson PC,Boston,MA,100
Fisher & Phillips LLP,Atlanta,GA,100
Fitch Group Inc.,New York,NY,100
Flagstar Bancorp Inc.,Troy,MI,100
Fleishman-Hillard Inc.,St. Louis,MO,100
Fluor Corp.,Irving,TX,80
FMC Corp.,Philadelphia,PA,100
Foley & Lardner LLP,Milwaukee,WI,100
Foley Hoag LLP,Boston,MA,100
Food Lion LLC,Salisbury,NC,90
Foot Locker Inc.,New York,NY,90
Ford Motor Co.,Dearborn,MI,90
Fortive Corp.,Everett,WA,100
Fortune Brands Home & Security Inc.,Deerfield,IL,10
Forvis LLP,Springfield,MO,100
Fossil Group Inc.,Richardson,TX,100
Fox Corporation,New York,NY,75
Fox Rothschild LLP,Philadelphia,PA,100
Franklin Templeton Investments,San Mateo,CA,100
Fredrikson & Byron,Minneapolis,MN,100
Freeport-McMoRan Copper & Gold Inc.,Phoenix,AZ,0
Fried Frank Harris Shriver & Jacobson LLP,New York,NY,100
Frontier Communications,Norwalk,CT,20
Frost Brown Todd LLC,Cincinnati,OH,100
Fujitsu America Inc.,Richardson,TX,100
Galloway Johnson Tompkins Burr & Smith PLC,New Orleans,LA,90
GameStop Corp.,Grapevine,TX,60
Gannett Co. Inc.,McLean,VA,90
Gap Inc.,San Francisco,CA,100
Gartner Inc.,Stamford,CT,100
Gastronome Inc.,Salt Lake City,UT,30
GE Appliances,Louisville,KY,100
Genentech Inc.,South San Francisco,CA,100
General Dynamics Corp.,Falls Church,VA,60
General Electric Co.,Boston,MA,100
General Mills Inc.,Minneapolis,MN,100
General Motors Co.,Detroit,MI,100
Genesco Inc.,Nashville,TN,90
Genuine Parts Co.,Atlanta,GA,100
Genworth Financial Inc.,Richmond,VA,100
Gerson Lehrman Group Inc,New York,NY,100
Giant Eagle Inc.,Pittsburgh,PA,100
Giant of Maryland LLC,Landover,MD,100
Gibson Dunn & Crutcher LLP,Los Angeles,CA,100
Gilbane Building Company,Providence,RI,90
Gilead Sciences Inc.,Foster City,CA,100
GlaxoSmithKline LLC,Research Triangle Park,NC,100
Global Partners,Waltham,MA,0
Global Payments Inc.,Atlanta,GA,100
GM Cruise Holdings LLC,San Francisco,CA,75
GODADDY Inc.,Scottsdale,AZ,100
Goldman Sachs Group Inc. The,New York,NY,100
Goodwin Procter LLP,Boston,MA,100
Goodyear Tire & Rubber Co.,Akron,OH,90
Google Inc.,Mountain View,CA,100
Gordon Rees Scully Mansukhani LLP,San Francisco,CA,100
Goulston & Storrs,Boston,MA,100
Government Employees Health Association Inc.,Lee's Summit,MO,90
Grant Thornton LLP,Chicago,IL,100
Grantham Mayo Van Otterloo & Co. (GMO) LLC,Boston,MA,100
Graphic Packaging International LLC,Atlanta,GA,20
Graybar Electric Company Inc.,St. Louis,MO,20
Great River Energy,Maple Grove,MN,100
Greenberg Traurig LLP,New York,NY,100
GreenPath Inc.,Farmington Hills,MI,85
Group 1 Automotive,Houston,TX,20
Groupon Inc.,Chicago,IL,100
Guardian Life Insurance Co. of America The,New York,NY,100
Guess? Inc.,Los Angeles,CA,90
Guidehouse,Washington DC,DC,100
Gusto Inc.,San Francisco,CA,95
H&R Block Inc.,Kansas City,MO,100
Hachette Book Group,New York,NY,100
Hain Celestial Group Inc. The,Lake Success,NY,100
Halliburton Co.,Houston,TX,20
Hallmark Cards Inc.,Kansas City,MO,100
Hanesbrands Inc.,Winston-Salem,NC,90
Hannaford Supermarkets,Scarborough,ME,100
Hanover Insurance Group Inc. The,Worcester,MA,100
Harley-Davidson Inc.,Milwaukee,WI,100
Hartford Financial Services Group Inc. The,Hartford,CT,100
Hasbro Inc.,Pawtucket,RI,100
Hawaiian Airlines Inc.,Honolulu,HI,80
Haynes and Boone LLP,Dallas,TX,100
HCA Healthcare Inc.,Nashville,TN,100
HCL Technologies Ltd.,Sunnyvale,CA,100
HD Supply,Atlanta,GA,20
Health Care Service Corp.,Chicago,IL,100
HealthEquity Inc.,Draper,UT,85
Hearst Corp. The,New York,NY,100
Henkel Corporation,Rocky Hill,CT,95
Henry Schein Inc.,Melville,NY,100
HERE North America LLC,Chicago,IL,100
Herman Miller Inc.,Zeeland,MI,100
Herrick Feinstein LLP,New York,NY,95
Hershey Co. The,Hershey,PA,100
Hertz Global Holdings Inc.,Estero,FL,100
Hess Corp.,New York,NY,100
Hewlett Packard Enterprise Co.,San Jose,CA,100
Highmark Blue Cross Blue Shield Delaware,Wilmington,DE,100
Highmark Inc.,Pittsburgh,PA,100
Highmark West Virginia,Parkersburg,WV,100
Hilti Inc.,Plano,TX,100
HILTON,McLean,VA,100
Hinshaw & Culbertson LLP,Chicago,IL,100
Hiscox USA,New York,NY,95
Hitachi Vantara,Santa Clara,CA,100
HKS INC.,Dallas,TX,70
Hogan Lovells US LLP,Washington DC,DC,100
Holland & Hart LLP,Denver,CO,100
Holland & Knight LLP,Brandon,FL,100
HollyFrontier Corp.,Dallas,TX,20
Home Depot Inc. The,Atlanta,GA,90
Honeywell International Inc.,Charlotte,NC,85
Horizon Blue Cross Blue Shield of New Jersey,Newark,NJ,100
Horizon Media Inc.,New York,NY,75
Hormel Foods Corp.,Austin,MN,95
Host Hotels & Resorts Inc.,Bethesda,MD,80
Houghton Mifflin Harcourt Co.,Boston,MA,100
Howard & Howard Attorneys PLLC,Royal Oak,MI,80
Howmet Aerospace,Pittsburgh,PA,100
HP Inc.,Palo Alto,CA,100
HSBC USA,New York,NY,100
Hughes Hubbard & Reed LLP,New York,NY,90
Humana Inc.,Louisville,KY,100
Huntington Bancshares Inc.,Columbus,OH,100
Huntington Ingalls Industries,Newport News,VA,90
Hunton Andrews Kurth LLP,Washington DC,DC,100
Huntsman Corp.,The Woodlands,TX,40
Huron Consulting Group Inc.,Chicago,IL,100
Husch Blackwell LLP,St. Louis,MO,100
Hyatt Hotels Corp.,Chicago,IL,100
Hyland Software Inc.,Westlake,OH,85
Hypertherm Inc.,Hanover,NH,75
Hyundai Motor America,Fountain Valley,CA,100
Hyve Solutions Corporations,Fremont,CA,100
IAC/InterActiveCorp.,New York,NY,100
IBM Corp.,Armonk,NY,100
Icahn Enterprises LP,New York,NY,0
Ice Miller LLP,Indianapolis,IN,100
IGT,Providence,RI,100
iHeartMedia Inc.,San Antonio,TX,75
IHG Hotels & Resorts,Atlanta,GA,100
IHS Markit Ltd.,New York,NY,100
IKEA Holding US Inc.,Conshohocken,PA,100
Illinois Tool Works Inc.,Glenview,IL,100
Illumina,San Diego,CA,100
Impossible Foods,Redwood City,CA,100
Indeed Inc.,Austin,TX,100
Informa PLC,New York,NY,90
Infosys Limited Inc.,Richardson,TX,100
Ingersoll-Rand Company,Davidson,NC,100
Ingram Micro,Irvine,CA,100
Ingredion Inc.,Westchester,IL,95
Inmar Inc.,Winston Salem,NC,70
Insight Enterprises Inc.,Tempe,AZ,100
Instacart,San Francisco,CA,100
Integral Ad Science Inc.,New York,NY,100
Intel Corp.,Santa Clara,CA,100
Intercontinental Exchange,Atlanta,GA,20
International Flavors & Fragrances,New York,NY,100
International Paper Co.,Memphis,TN,100
Interpublic Group of Companies Inc.,New York,NY,100
INTL FCStone Inc.,New York,NY,0
Intrado,Omaha,NE,100
Intuit Inc.,Mountain View,CA,100
Invesco Ltd.,Atlanta,GA,100
Invitation Homes,Dallas,TX,80
IQVIA Holdings,Durham,NC,10
Iron Mountain Inc.,Boston,MA,100
J. Crew Group LLC,New York,NY,100
J. M. Smucker Co.,Orrville,OH,95
J. B. Hunt Transport,Lowell,AR,75
J.C. Penney Co. Inc.,Plano,TX,90
Jabil Circuit Inc.,St. Petersburg,FL,20
Jackson Financial Inc.,Lansing,MI,90
Jackson Lewis PC,New York,NY,100
Jackson Walker LLP,Dallas,TX,75
Jacobs Engineering Group Inc.,Dallas,TX,100
Janus Henderson Investors,Denver,CO,100
Jenner & Block LLP,Chicago,IL,100
JetBlue Airways Corp.,Long Island City,NY,90
JLL,Chicago,IL,100
John Hancock Financial Services Inc.,Boston,MA,100
John Wiley & Sons Inc.,Hoboken,NJ,100
Johnson & Johnson,New Brunswick,NJ,100
Johnson Controls Inc.,Milwaukee,WI,100
Johnson Financial Group,Racine,WI,100
JPMorgan Chase & Co.,New York,NY,100
JSX,Dallas,TX,100
K&L Gates LLP,Pittsburgh,PA,100
Kaiser Permanente,Oakland,CA,100
Kantar LLC,New York,NY,95
Katten Muchin Rosenman LLP,Chicago,IL,100
KB Home,Los Angeles,CA,30
Kearney,Chicago,IL,100
Keep Truckin Inc.,San Francisco,CA,95
Kelley Drye & Warren LLP,New York,NY,100
Kellogg Co.,Battle Creek,MI,100
Kelly Services Inc.,Troy,MI,100
Kenneth Cole Productions Inc.,New York,NY,90
Kering Americas Inc.,New York,NY,100
Keurig Dr Pepper Inc.,Frisco,TX,100
KeyCorp,Cleveland,OH,100
Kilpatrick Townsend & Stockton LLP,Atlanta,GA,100
Kimberly-Clark Corp.,Irving,TX,100
Kimco Realty Corp.,Jericho,NY,100
Kimpton Hotel & Restaurant Group LLC,San Francisco,CA,100
Kin + Carta,Chicago,IL,90
Kinder Morgan Inc.,Houston,TX,20
King & Spalding LLP,Atlanta,GA,100
Kirkland & Ellis LLP,Chicago,IL,100
KKR & Co. LP,New York,NY,100
KLA Corporation,Milpitas,CA,30
Kobre & Kim,New York,NY,100
Kohl's Corp.,Menomonee Falls,WI,100
Kohler Co.,Kohler,WI,90
Komatsu Mining Corp.,Milwaukee,WI,90
Korn Ferry,Los Angeles,CA,100
KPMG LLP,New York,NY,100
Kraft Heinz Company The,Chicago,IL,100
Kramer Levin Naftalis & Frankel LLP,New York,NY,100
Kroger Co. The,Cincinnati,OH,100
Kroll LLC,New York,NY,100
Kutak Rock LLP,Omaha,NE,100
L.L. Bean Inc.,Freeport,ME,90
L'Oréal USA Inc.,New York,NY,100
L3 Harris Technologies,Melbourne,FL,100
Laboratory Corporation of America Holdings,Burlington,NC,100
Laclede Group Inc. The,St. Louis,MO,60
Lam Research Corp.,Fremont,CA,100
Land O'Lakes Inc.,Arden Hills,MN,100
Lane Powell PC,Seattle,WA,100
Las Vegas Sands Corp.,Las Vegas,NV,85
Latham & Watkins LLP,New York,NY,100
Lathrop GPM,Kansas City,MO,95
Lear Corp.,Southfield,MI,90
Leidos Holdings,Reston,VA,95
LendingClub,San Francisco,CA,100
Lendlease Americas Inc.,New York,NY,100
Lennar Corp.,Miami,FL,20
LENOVO (UNITED STATES) INC.,Morrisville,NC,100
Leo Burnett Company Inc.,Chicago,IL,100
Levi Strauss & Co.,San Francisco,CA,100
LexisNexis Legal & Professional,New York,NY,100
Lexmark International Inc.,Lexington,KY,100
Liberty Media Corp.,Englewood,CO,20
Liberty Mutual Group,Boston,MA,100
Lidl US,Arlington,VA,80
Lincoln National Corp.,Radnor,PA,100
Linde,Danbury,CT,90
LinkedIn,Sunnyvale,CA,100
Lions Gate Entertainment Corp.,Santa Monica,CA,100
Lithia Motors Inc.,Medford,OR,20
Littler Mendelson PC,San Francisco,CA,100
Live Nation Entertainment Inc.,Beverly Hills,CA,100
Livongo,Mountain View,CA,90
LKO Corp.,Chicago,IL,55
Locke Lord LLP,Dallas,TX,100
Lockheed Martin Corp.,Bethesda,MD,100
Loeb & Loeb LLP,Los Angeles,CA,100
Loews Corp.,New York,NY,55
Logmein Inc.,Boston,MA,90
Lord Abbett & Co. LLC,Jersey City,NJ,100
Lowe's Companies Inc.,Mooresville,NC,100
Lowenstein Sandler LLP,New York,NY,100
LPL Financial Holdings Inc.,Boston,MA,100
Lubrizol Corp.,Wickliffe,OH,85
Lumen Technologies,Monroe,LA,100
Lyft Inc.,San Francisco,CA,100
M&T Bank Corp.,Buffalo,NY,100
Macmillan Learning,New York,NY,100
Macmillan Publishing Group,New York,NY,100
Macquarie Group Ltd.,New York,NY,100
Macy's Inc.,Cincinnati,OH,100
Magellan Health Services Inc.,Scottsdale,AZ,0
Mallinckrodt LLC,Hazelwood,MO,100
Manatt Phelps & Phillips LLP,Los Angeles,CA,100
ManpowerGroup,Milwaukee,WI,100
Marathon Oil Corp.,Houston,TX,60
Marathon Petroleum Corp.,Findlay,OH,60
Markel Corporation,Glen Allen,VA,20
Marriott International Inc.,Bethesda,MD,100
Mars Inc.,Hackettstown,NJ,100
Marsh & McLennan Companies Inc.,New York,NY,100
Masco Corp.,Livonia,MI,90
Massachusetts Mutual Life Insurance Co.,Springfield,MA,100
MasTec Inc.,Coral Gables,FL,10
Mastercard,Purchase,NY,100
Match Group,Dallas,TX,100
Mathematica Policy Research,Princeton,NJ,95
Mattel Inc.,El Segundo,CA,100
Mayer Brown LLP,Chicago,IL,100
McCarter & English LLP,Newark,NJ,85
McCormick & Company Inc.,Hunt Valley,MD,90
McDermott Will & Emery LLP,Chicago,IL,90
McDonald's Corp.,Oak Brook,IL,100
McGraw Hill LLC,New York,NY,100
McGuireWoods LLP,Richmond,VA,95
McKesson Corp.,San Francisco,CA,100
McKinsey & Co. Inc.,New York,NY,100
Medallia Inc.,San Francisco,CA,100
Medidata Solutions Inc.,New York,NY,100
Medtronic PLC,Minneapolis,MN,100
Meijer Inc.,Grand Rapids,MI,100
Mercedes-Benz Financial Services USA LLC (MBFS),Farmington Hills,MI,90
Merck,Kenilworth,NJ,100
Meredith Corp.,Des Moines,IA,85
MERGE,Chicago,IL,95
Mesirow Financial Holdings Inc.,Chicago,IL,100
Meta Platforms Inc.,Menlo Park,CA,100
MetLife Inc.,New York,NY,100
MGM Resorts International,Las Vegas,NV,100
Michael Best & Friedrich LLP,Milwaukee,WI,100
Michael Page International Inc.,New York,NY,100
Micron Technology Inc.,Boise,ID,100
Microsoft Corp.,Redmond,WA,100
Milbank LLP,New York,NY,100
Mintz Levin Cohn Ferris Glovsky & Popeo PC,Boston,MA,100
Mitchell Gold + Bob Williams,Taylorsville,NC,100
Moderna Inc.,Cambridge,MA,95
Modernizing Medicine Inc.,Boca Raton,FL,85
Mohawk Industries Inc.,Calhoun,GA,20
Molina Healthcare Inc.,Long Beach,CA,40
Molson Coors Beverage Company,Chicago,IL,100
Momentive,San Mateo,CA,95
Mondelez International Inc.,Chicago,IL,100
Montgomery McCracken Walker & Rhoads LLP,Philadelphia,PA,100
Moody's Corp.,New York,NY,100
Moore & Van Allen PLLC,Charlotte,NC,100
Morgan Stanley,New York,NY,100
Morgan Lewis & Bockius LLP,Philadelphia,PA,100
Morningstar Inc.,Chicago,IL,100
Morris Manning & Martin LLP,Atlanta,GA,100
Morrison & Foerster LLP,San Francisco,CA,100
Mosaic Co.,Tampa,FL,100
Motorola Solutions Inc.,Chicago,IL,100
MSL,New York,NY,100
MUFG Union Bank N.A.,New York,NY,100
Munger Tolles & Olson LLP,Los Angeles,CA,100
Munich-American Holding Corporation,Princeton,NJ,75
Murphy USA,El Dorado,AR,20
Mutual of Omaha Insurance,Omaha,NE,90
NASDAQ Inc.,New York,NY,100
National Cable Communications LLC dba Ampersand,New York,NY,70
National CineMedia Inc.,Centennial,CO,100
National Grid USA,Waltham,MA,100
National Oilwell Varco Inc.,Houston,TX,10
National Railroad Passenger Corporation,Washington DC,DC,90
Nationwide,Columbus,OH,100
Navient,Wilmington,DE,90
Navistar International Corp.,Lisle,IL,80
NCR Corp.,Atlanta,GA,100
Nelson Mullins Riley & Scarborough LLP,Columbia,SC,100
Nestle Health Science,Bridgewater,NJ,100
Nestle Purina PetCare Co.,St. Louis,MO,100
Nestlé USA Inc.,Arlington,VA,100
NetApp Inc.,Sunnyvale,CA,100
Netflix Inc.,Los Gatos,CA,0
Neuberger Berman Group LLC,New York,NY,100
New Belgium Brewing Company,Fort Collins,CO,100
New Relic Inc.,San Francisco,CA,95
New York Life Insurance Company,New York,NY,100
New York Times Co.,New York,NY,65
Newell Brands Inc.,Atlanta,GA,100
Newmark Group Inc.,New York,NY,100
Newmont Corp.,Greenwood Village,CO,95
News Corp.,New York,NY,20
NextEra Energy Inc.,Juno Beach,FL,50
NextGen Healthcare Inc.,Atlanta,GA,80
NFP,New York,NY,90
NGL Energy Partners,Tulsa,OK,0
Nielsen,New York City,NY,100
NielsenIQ,Chicago,IL,90
Nike Inc.,Beaverton,OR,100
NiSource Inc.,Merrillville,IN,90
Nissan North America Inc.,Franklin,TN,95
Nixon Peabody LLP,Boston,MA,100
Nokia Inc.,Irving,TX,100
Nomura,New York,NY,100
Nordic Consulting Partners Inc.,Madison,WI,95
Nordstrom Inc.,Seattle,WA,100
Norfolk Southern Corp.,Atlanta,GA,75
North Highland,Atlanta,GA,95
Northern Trust Corp.,Chicago,IL,100
Northfield Park Associates LLC,Northfield,OH,55
Northrop Grumman Corp.,Falls Church,VA,100
Northwestern Mutual Life Insurance,Milwaukee,WI,100
Norton Rose Fulbright,Houston,TX,100
NortonLifeLock,Mountain View,CA,100
Novartis Pharmaceuticals Corporation,East Hanover,NJ,100
Novo Nordisk Inc.,Plainsboro,NJ,95
NRG Energy Inc.,Houston,TX,75
NTT DATA Services LLC,Plano,TX,100
Nuance Communications,Burlington,MA,100
Nucor Corp.,Charlotte,NC,0
Numerator,Chicago,IL,85
nVent Electric PLC,Minneapolis,MN,75
NVIDIA Corp.,Santa Clara,CA,100
NVR Inc.,Reston,VA,20
O-I Glass,Perrysburg,OH,50
O'Melveny & Myers LLP,Los Angeles,CA,100
O'Reilly Automotive Inc.,Springfield,MO,0
Oaktree Capital Management LP,Los Angeles,CA,100
Occidental Petroleum,Houston,TX,20
Ocean Spray Cranberries Inc.,Lakeville-Middleboro,MA,100
Office Depot Inc.,Boca Raton,FL,100
Ogilvy Group Inc. The,New York,NY,100
Ogletree Deakins Nash Smoak & Stewart,Greenville,SC,100
Old National Bank,Evansville,IN,90
Old Republic International,Chicago,IL,90
Olin Corporation,Clayton,MO,20
Olympus Corporation of the Americas,Center Valley,PA,90
Omnicom Group,New York,NY,100
ONE Gas Inc.,Tulsa,OK,100
ONEOK Inc.,Tulsa,OK,100
Oracle Corp.,Redwood City,CA,100
Orrick Herrington & Sutcliffe LLP,San Francisco,CA,100
Oscar Health Inc.,New York,NY,95
Oshkosh Corp.,Oshkosh,WI,95
Otis Worldwide Corporation,Farmington,CT,100
Overstock.com Inc.,Midvale,UT,85
Ovintiv USA Inc.,Denver,CO,20
Owens & Minor Inc.,Mechanicsville,VA,20
Owens Corning,Toledo,OH,100
Paccar Inc.,Bellevue,WA,20
Pacific Life Insurance Co.,Newport Beach,CA,100
Packaging Corporation of America,Lake Forest,IL,95
Palo Alto Networks,Santa Clara,CA,100
Panera Bread Co.,St. Louis,MO,85
Papa John's International Inc.,Louisville,KY,100
Parexel International Corp.,Newton,MA,80
Pariveda Solutions Inc.,Dallas,TX,100
Parker Hannifin Corp.,Cleveland,OH,20
Parsons Corporation,Centerville,VA,100
Patagonia,Ventura,CA,100
Patterson Belknap Webb & Tyler LLP,New York,NY,95
Patterson Companies (Patterson Dental Supply),St. Paul,MN,70
Paul Hastings LLP,Los Angeles,CA,100
Paul Weiss Rifkind Wharton & Garrison LLP,New York,NY,90
PayPal Holdings Inc.,San Jose,CA,100
PBF Energy,Parsippany,NJ,20
Peabody,St. Louis,MO,75
Peapod Digital Labs LLC,Chicago,IL,100
Pearson,Hoboken,NJ,90
Pegasystems,Cambridge,MA,95
Peloton Interactive Inc.,New York,NY,100
Penske Automotive Group Inc.,Bloomfield Hills,MI,20
PepsiCo Inc.,Purchase,NY,100
Performance Food Group Co.,Richmond,VA,20
Perkins and Will Inc.,Chicago,IL,100
Perkins Coie LLP,Seattle,WA,100
Pernod Ricard USA LLC,New York,NY,100
Petco Health & Wellness Inc.,San Diego,CA,80
Peter Kiewit Sons' Inc.,Omaha,NE,10
PetSmart LLC,Phoenix,AZ,90
Pfizer Inc.,New York,NY,100
PG&E Corp.,San Francisco,CA,100
PGA TOUR Inc.,Ponte Vedra Beach,FL,95
Philip Morris International Inc.,New York,NY,100
Philips,Cambridge,MA,100
Phillips 66,Houston,TX,100
Pillsbury Winthrop Shaw Pittman LLP,New York,NY,100
PIMCO LLC,Newport Beach,CA,100
Pinnacle West Capital,Phoenix,AZ,85
Pinterest Inc.,San Francisco,CA,100
Pioneer Natural Resources USA Inc.,Irving,TX,90
Piper Sandler & Co.,Minneapolis,MN,100
Pitney Bowes Inc.,Stamford,CT,100
Plains GP Holdings,Houston,TX,20
PNC Financial Services Group Inc. The,Pittsburgh,PA,100
PNM Resources Inc.,Albuquerque,NM,45
Point B Inc.,Seattle,WA,85
Polaris Industries Inc.,Medina,MN,10
Polsinelli,Kansas City,MO,100
Porter Wright Morris & Arthur LLP,Columbus,OH,90
Portland General Electric Co.,Portland,OR,100
Post Holdings,St. Louis,MO,20
PPG Industries Inc.,Pittsburgh,PA,100
PPL Corp.,Allentown,PA,100
PricewaterhouseCoopers LLP,New York,NY,100
Prime Therapeutics LLC,Eagan,MN,100
Principal Financial Group,Des Moines,IA,100
Privilege Underwriters Reciprocal Exchange (PURE Insurance),White Plains,NY,80
Procter & Gamble Co.,Cincinnati,OH,100
Progressive Corp. The,Mayfield Village,OH,85
PROS,Houston,TX,95
Proskauer Rose LLP,New York,NY,100
Prudential Financial Inc.,Newark,NJ,100
PTC Inc,Boston,MA,100
Public Service Enterprise Group,Newark,NJ,100
Publicis Health,New York,NY,100
Publicis NY,New York,NY,100
Publicis Media,New York,NY,100
Publicis Sapient,Boston,MA,100
Publix Super Markets Inc.,Lakeland,FL,0
PulteGroup Inc.,Atlanta,GA,85
Pure Storage Inc.,Mountain View,CA,95
PVH Corp.,New York,NY,100
Pyxus International Inc.,Morrisville,NC,30
QIAGEN LLC,Germantown,MD,100
Quaintance-Weaver Management LLC,Greensboro,NC,100
Qualcomm Inc.,San Diego,CA,100
Quality Building Services Corp.,New York,NY,100
Quality Protection Services Inc.,New York,NY,85
Qualtrics International Inc.,Provo,UT,95
Quanta Services,Houston,TX,75
Quantcast Corp.,San Francisco,CA,100
Quarles & Brady LLP,Milwaukee,WI,100
Quest Diagnostics Inc.,Secaucus,NJ,100
Quinn Emanuel Urquhart & Sullivan LLP,Los Angeles,CA,100
Qurate Retail Group,West Chester,PA,100
R.R. Donnelley & Sons Co.,Chicago,IL,95
R1 RCM Inc,Chicago,IL,90
Rackspace Technology,San Antonio,TX,100
Radian Group Inc.,Philadelphia,PA,85
Radisson Hospitality Inc.,Minnetonka,MN,100
Ralph Lauren Corp.,New York,NY,100
Ramboll US Corporation,Arlington,VA,80
Randstad USA,Atlanta,GA,100
Raymond James Financial Inc.,St. Petersburg,FL,100
Raytheon Technologies Corp.,Waltham,MA,100
RBC Capital Markets LLC,New York,NY,100
RBC Wealth Management,Minneapolis,MN,100
Re:Sources USA Inc.,Long Island City,NY,100
RE/MAX Holdings,Denver,CO,65
Realogy Holdings Corp.,Madison,NJ,100
Reckitt,Parsippany,NJ,95
Recreational Equipment Inc.,Sumner,WA,100
Red Hat Inc.,Raleigh,NC,100
Redfin Corp.,Seattle,WA,90
Reed Smith LLP,Pittsburgh,PA,100
Regal Entertainment Group,Knoxville,TN,60
Regeneron Pharmaceuticals,Tarrytown,NY,20
Regions Financial Corp.,Birmingham,AL,100
Reinhart Boerner Van Deuren s.c.,Milwaukee,WI,100
Reinsurance Group of America Inc.,Chesterfield,MO,95
Reliance Steel & Aluminum Co.,Los Angeles,CA,20
Relias LLC,Morrisville,NC,100
Replacements Ltd.,McLeansville,NC,100
Republic Services Inc.,Phoenix,AZ,85
Restaurant Brands International,Miami,FL,100
Retail Business Services,Salisbury,NC,100
Reynolds American Inc.,Winston-Salem,NC,100
Rightpoint Consulting LLC,Chicago,IL,90
RingCentral Inc.,Belmont,CA,100
Riot Games Inc.,Los Angeles,CA,100
Rite Aid Corp.,Camp Hill,PA,50
Robert Bosch LLC,Farmington Hills,MI,100
Robert Half,Menlo Park,CA,100
Robert W. Baird & Co. Incorporated,Milwaukee,WI,100
Robins Kaplan LLP,Minneapolis,MN,100
Roche Diagnostics Corp.,Indianapolis,IN,100
Rockland Trust Co.,Rockland,MA,100
Rockwell Automation Inc.,Milwaukee,WI,100
Rolls-Royce North America (USA) Holdings Co.,Reston,VA,100
Ropes & Gray LLP,Boston,MA,100
Ross Stores Inc.,Dublin,CA,90
Royal Caribbean Group,Miami,FL,100
RSM US LLP,Chicago,IL,100
Rue Gilt Groupe,Boston,MA,100
Rural Sourcing Inc.,Atlanta,GA,70
Rush Enterprises Inc.,New Braunfels,TX,20
Ryder System Inc.,Miami,FL,80
S.C. Johnson & Son Inc.,Racine,WI,100
S&C Electric Company,Chicago,IL,100
S&P Global Inc.,New York,NY,100
Saatchi & Saatchi North America Inc.,New York,NY,100
Sabre Corporation,Southlake,TX,60
Saint-Gobain Corp.,Malvern,PA,100
Saks Inc.,New York,NY,50
Salesforce,San Francisco,CA,100
Sally Beauty Holdings Inc.,Denton,TX,95
Samsung Electronics America Inc.,Ridgefield Park,NJ,100
Sanderson Farms Inc.,Laurel,MS,50
Sanmina-SCI,San Jose,CA,0
Sanofi,Bridgewater,NJ,100
SAP America Inc.,Newtown Square,PA,100
SAS,Cary,NC,100
Saul Ewing Arnstein & Lehr LLP,Philadelphia,PA,100
SBE,Los Angeles,CA,40
Schiff Hardin LLP,Chicago,IL,100
Schneider Electric,Andover,MA,90
Scholastic Corp.,New York,NY,65
Schulte Roth & Zabel LLP,New York,NY,100
Science Applications International Corp.,Reston,VA,100
ScionHealth,Louisville,KY,95
Scotiabank USA,New York,NY,100
Scotts Miracle-Gro Company,Marysville,OH,100
Seaboard Corp.,Merriam,KS,0
Seacoast National Bank,Stuart,FL,100
Seagate Technology plc,Cupertino,CA,100
Sealed Air Corp.,Charlotte,NC,75
Securian Financial Group Inc.,St. Paul,MN,90
Selective Insurance Group,Branchville,NJ,80
Semiconductor Components Industries LLC dba onsemi,Phoenix,AZ,65
Sempra,San Diego,CA,100
Seneca,San Francisco,CA,100
Serco Inc.,Herndon,VA,35
Service Corporation International,Houston,TX,65
ServiceNow,Santa Clara,CA,100
ServiceSource International Inc.,Denver,CO,65
Seyfarth Shaw LLP,Chicago,IL,100
Shake Shack Inc.,New York,NY,100
SharkNinja Operating LLC,Needham,MA,55
Shearman & Sterling LLP,New York,NY,100
Shell Oil Co.,Houston,TX,100
Sheltair Aviation Services,Fort Lauderdale,FL,80
Sheppard Mullin Richter & Hampton LLP,Los Angeles,CA,100
Sherwin-Williams Co. The,Cleveland,OH,100
SHI International Corp.,Somerset,NJ,30
Shook Hardy & Bacon LLP,Kansas City,MO,100
Shutterstock Inc.,New York,NY,100
Sidley Austin LLP,Chicago,IL,100
Siemens Corp.,Washington DC,DC,100
Siemens Healthineers USA,Tarrytown,NY,100
Siemens Medical Solutions USA Inc.,Malvern,PA,100
Signet Jewelers,Akron,OH,85
Simon Property Group Inc.,Indianapolis,IN,20
Simpson Thacher & Bartlett LLP,New York,NY,100
Sirius XM Radio Inc.,New York,NY,100
Skadden Arps Slate Meagher & Flom LLP,New York,NY,100
SkyWest Inc.,St. George,UT,70
Slalom,Seattle,WA,100
SLM Corp. (Sallie Mae),Newark,DE,70
Snagajob.com Inc.,Glen Allen,VA,90
Snell & Wilmer,Phoenix,AZ,100
Société Générale,New York,NY,100
Sodexo Inc.,Gaithersburg,MD,100
Softchoice Corp.,Chicago,IL,100
Software AG USA Inc.,Reston,VA,70
Sonic Automotive Inc.,Charlotte,NC,0
Sonoco Products Company,Hartsville,SC,80
SONOS INC.,Santa Barbara,CA,100
Sony Corporation of America,New York,NY,100
Sony Electronics Inc.,San Diego,CA,100
Sony Interactive Entertainment LLC,San Mateo,CA,100
Sony Music Entertainment,New York,NY,90
Sony Pictures Entertainment Inc.,Culver City,CA,100
Southeastern Grocers Inc.,Jacksonville,FL,85
Southern Co.,Atlanta,GA,100
Southern Graphic Systems LLC,Louisville,KY,50
Southwest Airlines Co.,Dallas,TX,100
SPARC Group LLC,Lyndhurst,NJ,100
Spark Therapeutics Inc.,Philadelphia,PA,100
SpartanNash,Byron Center,MI,65
Spirit AeroSystems Inc.,Wichita,KS,95
Splunk Inc.,San Francisco,CA,100
Spotify USA Inc.,New York,NY,100
Square Inc.,San Francisco,CA,100
Squarespace,New York,NY,95
Squire Patton Boggs,Cleveland,OH,100
SSI (US) Inc.,Chicago,IL,85
Standard Chartered,New York,NY,100
Standard Insurance Co.,Portland,OR,100
Stanley Black & Decker Inc.,New Britain,CT,100
Staples Inc.,Framingham,MA,95
Starbucks Corp.,Seattle,WA,100
State Farm Group,Bloomington,IL,100
State Street Corp.,Boston,MA,100
Steel Dynamics Inc.,Fort Wayne,IN,55
Steelcase Inc.,Grand Rapids,MI,100
Stellantis,Auburn Hills,MI,95
Steptoe & Johnson LLP,Washington DC,DC,100
Stinson LLP,Kansas City,MO,100
Stoel Rives LLP,Portland,OR,100
Stryker Corp.,Kalamazoo,MI,100
Subaru of America Inc.,Cherry Hill,NJ,100
SUEZ Water Technologies and Solutions,Trevose,PA,90
Suffolk Construction Company Inc.,Boston,MA,75
Sullivan & Cromwell LLP,New York,NY,100
Sumitomo Mitsui Banking Corporation,New York,NY,100
Sun Life,Wellesley Hills,MA,100
Sunrun Inc.,San Francisco,CA,100
Sunset Aviation LLC dba Solairus Aviation,Petaluma,CA,65
Supervalu Inc.,Eden Prairie,MN,40
Sweetgreen Inc.,Los Angeles,CA,100
Synchrony,Stamford,CT,100
Syneos Health,Morrisville,NC,75
SYNNEX Corp.,Fremont,CA,100
SYSCO Corp.,Houston,TX,70
T-Mobile USA Inc.,Bellevue,WA,100
T. Rowe Price Associates Inc.,Baltimore,MD,100
Tailored Brands Inc.,Houston,TX,95
Takeda Pharmaceuticals USA Inc.,Deerfield,IL,100
Talend,Redwood City,CA,70
Tapestry Inc.,New York,NY,100
Targa Resources Corp.,Houston,TX,10
Target Corp.,Minneapolis,MN,100
TD Bank N.A.,Cherry Hill,NJ,100
TD Securities (USA) LLC,New York,NY,100
TDS Telecommunications LLC,Madison,WI,100
TE Connectivity Inc.,Berwyn,PA,100
Tech Data Corp.,Clearwater,FL,100
TEGNA Inc.,McLean,VA,100
Teleflex,Wayne,PA,100
TENET Healthcare Corporation,Dallas,TX,80
Tenneco Inc.,Lake Forest,IL,20
Tenneco Inc.,Lake Forest,IL,65
Teradata Corp.,San Diego,CA,100
Tesla Inc.,Palo Alto,CA,100
Teva Pharmaceuticals USA Inc.,Parsippany,NJ,100
Texas Instruments Incorporated,Dallas,TX,100
Textron Inc.,Providence,RI,60
The Auto Club Group,Dearborn,MI,80
The Bama Companies Inc.,Tulsa,OK,95
The Blackstone Group Inc.,New York,NY,100
The Boston Beer Company Inc.,Boston,MA,70
The Chemours Company,Wilmington,DE,100
The GIANT Company,Carlisle,PA,80
The Judge Group Inc.,Wayne,PA,85
The Knot Worldwide,Chevy Chase,MD,100
The Michaels Companies Inc.,Irving,TX,55
The Neiman Marcus Group Inc.,Dallas,TX,95
The Philadelphia Inquirer PBC,Philadelphia,PA,100
The Stop & Shop Supermarket Company LLC,Quincy,MA,100
Thermo Fisher Scientific Inc.,Waltham,MA,100
Thompson & Knight LLP,Dallas,TX,90
Thompson Coburn LLP,St. Louis,MO,100
Thompson Hine LLP,Cleveland,OH,100
Thomson Reuters,Stamford,CT,100
Thor Industries Inc.,Elkhart,IN,0
Thornton Tomasetti Inc.,New York,NY,90
Thrivent Financial,Minneapolis,MN,95
TIAA,New York,NY,100
Tiffany & Co.,New York,NY,100
Tillamook County Creamery Association,Tillamook,OR,100
TJX Companies Inc. The,Framingham,MA,90
Toast Inc.,Boston,MA,95
Toll Brothers Inc.,Fort Washington DC,PA,80
TowerBrook Capital Partners,New York,NY,100
Toyota Motor North America Inc.,Plano,TX,100
TPG Global LLC,Fort Worth,TX,100
Tractor Supply Company,Brentwood,TN,90
Trane Technologies,Davidson,NC,90
Transamerica Corp. The,Cedar Rapids,IA,100
TransUnion,Chicago,IL,100
Travel + Leisure Co.,Orlando,FL,100
TravelCenters of America,Westlake,OH,100
Travelers Companies Inc. The,New York,NY,100
Travelport Ltd.,Atlanta,GA,70
TIBCO Software Inc.,Dublin,CA,75
TripAdvisor Inc.,Needham,MA,100
Troutman Pepper Hamilton Sanders LLP,Atlanta,GA,100
True Value Company L.L.C.,Chicago,IL,85
Truist Financial,Atlanta,GA,100
Turkey Hill LLC,Conestoga,PA,70
Turnberry Solutions Inc.,Minneapolis,MN,90
Turner Construction Co.,New York,NY,100
Twitter Inc.,San Francisco,CA,100
Tyson Foods Inc.,Springdale,AR,90
U.S. Bancorp,Minneapolis,MN,100
U.S. Xpress Enterprises,Chattanooga,TN,75
Uber Technologies Inc.,San Francisco,CA,100
UBS AG,New York,NY,100
UGI Corp.,King of Prussia,PA,20
UKG (Ultimate Kronos Group),Weston,FL,100
UL Inc.,Northbrook,IL,100
Ulta Salon Cosmetics & Fragrance,Bolingbrook,IL,65
Ultimate Fitness Group LLC,Boca Raton,FL,80
Under Armour Inc.,Baltimore,MD,90
Unilever,Englewood Cliffs,NJ,100
Union Pacific Corp.,Omaha,NE,100
Unisys Corp.,Blue Bell,PA,70
United Airlines Holdings Inc.,Chicago,IL,100
United Natural Foods Inc.,Providence,RI,100
United Parcel Service Inc.,Atlanta,GA,100
United Services Automobile Association,San Antonio,TX,100
United States Steel Corp.,Pittsburgh,PA,100
UnitedHealth Group Inc.,Minnetonka,MN,100
Univar Solutions Inc.,Downers Grove,IL,100
Universal Health Services Inc.,King of Prussia,PA,20
University of Phoenix,Phoenix,AZ,100
Univision Communications Inc.,Miami,FL,100
Unum Group,Chattanooga,TN,100
UPMC Health Plan,Pittsburgh,PA,100
Upwork Inc.,San Francisco,CA,100
Urban Outfitters Inc.,Philadelphia,PA,80
US Foods Inc.,Rosemont,IL,90
USCellular,Chicago,IL,90
USG Corp.,Chicago,IL,40
UW Credit Union,Madison,WI,100
Valero Energy Corp.,San Antonio,TX,70
Vanguard Group Inc.,Malvern,PA,100
Veritas Technologies LLC,Mountain View,CA,60
Veritiv,Atlanta,GA,75
Verizon Communications Inc.,New York,NY,100
VERMEG SARL,TN-1053 Tunis,TN,0
Vertex Pharmaceuticals Inc.,Boston,MA,95
VF Corp.,Greensboro,NC,100
ViacomCBS,New York,NY,100
Victoria's Secret & Co.,Columbus,OH,100
Vinson & Elkins LLP,Houston,TX,100
Virgin Orbit,Long Beach,CA,95
Visa,San Francisco,CA,100
Vision Service Plan,Rancho Cordova,CA,40
Vistra Energy,Irving,TX,20
Vivint Smart Home Inc.,Provo,UT,90
Vizient Inc.,Irving,TX,95
VMLY&R,Kansas City,MO,100
VMWare Inc.,Palo Alto,CA,100
Volkswagen Group of America Inc.,Herndon,VA,90
Vontier Corporation,Raleigh,NC,100
Vorys Sater Seymour and Pease LLP,Columbus,OH,100
Vox Media Inc.,Washington DC,DC,100
Voya Financial,New York,NY,100
W. L. Gore & Associates Inc.,Newark,DE,100
W.R. Berkley,Greenwich,CT,10
W.W. Grainger Inc.,Lake Forest,IL,100
Wabtec Corporation,Pittsburgh,PA,100
Wachtell Lipton Rosen & Katz,New York,NY,100
Waddell & Reed Financial Inc.,Overland Park,KS,100
Walgreen Co.,Deerfield,IL,100
Walmart Inc.,Bentonville,AR,100
Walt Disney Co. The,Burbank,CA,100
Warby Parker,New York,NY,100
Warner Music Group,New York,NY,100
Washington DC Permanente Medical Group,Renton,WA,95
Waste Management Inc.,Houston,TX,80
Waters Corp.,Milford,MA,100
Wawa Inc.,Wawa,PA,100
Wayfair,Boston,MA,100
WE Communications,Bellevue,WA,100
WEC Energy Group,Milwaukee,WI,20
Weil Gotshal & Manges LLP,New York,NY,100
WellCare Health Plans Inc.,Tampa,FL,100
Wellmark Inc.,Des Moines,IA,100
Wells Fargo & Co.,San Francisco,CA,100
Wendy's Co. The,Dublin,OH,100
WESCO International Inc.,Pittsburgh,PA,60
West Monroe Partners LLC,Chicago,IL,100
Western & Southern Financial Group,Cincinnati,OH,0
Western Digital Corp.,San Jose,CA,100
Western Union Co. The,Denver,CO,100
Westlake Chemical,Houston,TX,20
WestRock,Atlanta,GA,100
WeWork Management LLC,New York,NY,90
Weyerhaeuser Co.,Seattle,WA,100
Whirlpool Corp.,Benton Harbor,MI,100
White & Case LLP,New York,NY,100
Wiley Rein LLP,Washington DC,DC,100
William Blair & Company LLC,Chicago,IL,100
Williams & Connolly LLP,Washington DC,DC,100
Williams Companies Inc.,Tulsa,OK,95
Williams Mullen Clark & Dobbins,Richmond,VA,100
Williams-Sonoma Inc.,San Francisco,CA,90
Willis Towers Watson,Arlington,VA,100
Willkie Farr & Gallagher LLP,New York,NY,100
WillowTree LLC,Charlottesville,VA,70
Wilmer Cutler Pickering Hale & Dorr LLP,Washington DC,DC,100
Wilson Sonsini Goodrich & Rosati PC,Palo Alto,CA,100
Windstream Corp.,Little Rock,AR,70
Winston & Strawn LLP,Chicago,IL,100
Wipro Ltd.,East Brunswick,NJ,100
WithumSmith+Brown PC,Princeton,NJ,100
Womble Bond Dickinson (US) LLP,Winston-Salem,NC,100
Wood,Houston,TX,65
Woodard & Curran Inc.,Portland,ME,60
Workday Inc.,Pleasanton,CA,100
World Fuel Services,Miami,FL,20
World Wide Technology Inc.,St. Louis,MO,95
WPP Group USA,New York,NY,100
Wunderkind Corporation,New York,NY,100
Wyndham Hotels & Resorts Inc.,Parsippany,NJ,100
Wynn Resorts Ltd.,Las Vegas,NV,90
Xcel Energy Inc.,Minneapolis,MN,100
Xerox Corp.,Norwalk,CT,100
Xperi Holding Corporation,San Jose,CA,85
XPO Logistics,Greenwich,CT,85
Xylem Inc.,Rye Brook,NY,100
Yelp Inc.,San Francisco,CA,100
Yext Inc.,New York,NY,100
Young's Market Co.,Tustin,CA,75
Yum China Holdings,Plano,TX,20
Yum! Brands Inc.,Louisville,KY,100
Zara USA Inc.,New York,NY,100
Zebra Technologies Corporation,Lincolnshire,IL,95
Zendesk Inc,San Francisco,CA,100
Ziff Davis,Los Angeles,CA,100
Zillow Group,Seattle,WA,100
Zimmer Biomet Holdings Inc.,Warsaw,IN,95
Zions Bancorporation N.A.,Salt Lake City,UT,75
Zoetis Inc.,Parsippany,NJ,100
Zoom Video Communications Inc.,San Jose,CA,85
ZS Associates Inc.,Evanston,IL,100
Zurich North America,Schaumburg,IL,95