Employer,City,State,CEI Rating
3M Co.,St. Paul,MN,100
A.T. Kearney Inc.,Chicago,IL,100
A|X Armani Exchange,New York,NY,90
Abbott Laboratories,Abbott Park,IL,100
AbbVie Inc.,North Chicago,IL,100
Abercrombie & Fitch Co.,New Albany,OH,100
Accenture,New York,NY,100
Activision Blizzard,Santa Monica,CA,100
Adidas North America Inc.,Portland,OR,100
Adobe Systems Inc.,San Jose,CA,100
ADP,Roseland,NJ,100
Advance Auto Parts (Advance Holding),Raleigh,NC,100
Advanced Micro Devices Inc.,Santa Clara,CA,100
AECOM,Los Angeles,CA,100
Aero Op-Co LLC,Lyndhurst,NJ,85
AES Corp.,Arlington,VA,100
Aflac Inc.,Columbus,GA,70
Agco,Duluth,GA,75
Agilent Technologies Inc.,Santa Clara,CA,100
AIG,New York,NY,100
Air Liquide,Houston,TX,100
Air Products & Chemicals Inc.,Allentown,PA,100
Airbnb Inc.,San Francisco,CA,100
Airbus Americas Inc.,Herndon,VA,100
Airlines Reporting Corporation (ARC),Arlington,VA,100
Akerman LLP,Miami,FL,100
Akin Gump Strauss Hauer & Feld LLP,Washington DC,DC,100
Alaska Airlines,Seattle,WA,90
Albertsons Companies Inc.,Boise,ID,75
Alcoa Corp.,Pittsburgh,PA,90
Alcon Inc.,Fort Worth,TX,90
Alight Solutions,Lincolnshire,IL,100
AliPartners LLP,New York,NY,100
Alleghany Corp.,New York,NY,20
Alliance Data Systems Corp.,Columbus,OH,65
Alliance One International,Morrisville,NC,30
AllianceBernstein L.P.,Nashville,TN,100
Alliant Energy Corp.,Madison,WI,100
Allianz Life Insurance Co. of North America,Minneapolis,MN,100
Allscripts-Misys Healthcare Solutions Inc.,Chicago,IL,30
Allstate Insurance Co.,Northbrook,IL,95
Ally Financial Inc.,Detroit,MI,100
Alston & Bird LLP,Atlanta,GA,100
Altice USA Inc.,Long Island City,NY,70
Altria Group Inc.,Richmond,VA,100
Amazon.com Inc.,Seattle,WA,100
AMC Entertainment Inc.,Leawood,KS,100
Ameren Corp.,St. Louis,MO,100
American Airlines,Fort Worth,TX,100
American Apparel LLC,Los Angeles,CA,70
American Axle & Manufacturing,Detroit,MI,20
American Eagle Outfitters Inc.,Pittsburgh,PA,100
American Electric Power Co. Inc.,Columbus,OH,100
American Express Company,New York,NY,100
American Express Global Business Travel,Jersey City,NJ,100
American Family Mutual Insurance Company S.I.,Madison,WI,100
Ashland Inc.,Covington,KY,40
Assurant,New York,NY,100
Astellas Pharma US Inc.,Northbrook,IL,100
AstraZeneca PLC,Wilmington,DE,100
Asurion LLC,Nashville,TN,100
AT&T Inc.,Dallas,TX,100
AthenaHealth Inc.,Watertown,MA,85
Atlassian,San Francisco,CA,100
Autodesk Inc.,San Rafael,CA,100
Autoliv Inc.,Auburn Hills,MI,60
Auto-Owners Insurance Group,Lansing,MI,0
AutoZone Inc.,Memphis,TN,40
Avaya Inc.,Santa Clara,CA,100
Avery Dennison,Glendale,CA,85
Avis Budget Group Inc.,Parsippany,NJ,95
Avnet Inc.,Phoenix,AZ,90
Avon Products Inc.,Rye,NY,100
AXA Equitable Life,New York,NY,100
Axiom Global Inc.,New York,NY,100
BJ's Wholesale Club,Westborough,MA,90
BAE Systems Inc.,Arlington,VA,100
Bain & Co. Inc./Bridgespan Group,Boston,MA,100
Baker & Hostetler LLP,Cleveland,OH,90
Baker & McKenzie LLP,Chicago,IL,100
Baker Botts LLP,Houston,TX,90
Baker Donelson Bearman Caldwell & Berkowitz PC,Memphis,TN,100
Ball Corp.,Broomfield,CO,90
Ballard Spahr LLP,Philadelphia,PA,100
Bank of America Corp.,Charlotte,NC,75
Bank of New York Mellon Corp. The,New York,NY,100
Bank of the West,San Francisco,CA,100
Barclays,New York,NY,100
Barilla America Inc.,Northbrook,IL,100
Barnes & Noble Inc.,New York,NY,100
Barnes & Thornburg LLP,Indianapolis,IN,100
BASF Corp.,Florham Park,NJ,100
Bass Berry & Sims PLC,Nashville,TN,100
Battelle Energy Alliance (Idaho National Laboratory),Idaho Falls,ID,95
Battelle Memorial Institute Inc.,Columbus,OH,75
Baxter International Inc.,Deerfield,IL,100
Bayer U.S. LLC,Whippany,NJ,100
BB&T Corp.,Winston-Salem,NC,100
BBVA USA,Birmingham,AL,100
Becton Dickinson and Co.,Franklin Lakes,NJ,100
Bed Bath & Beyond Inc.,Union,NJ,100
Ben & Jerry's Homemade Inc.,South Burlington,VT,100
Berry Plastics Group Inc.,Evansville,IN,20
Best Buy Co. Inc.,Richfield,MN,100
Big Lots,Columbus,OH,90
Biogen,Cambridge,MA,100
Black & Veatch Holding Inc.,Overland Park,KS,95
Black Knight Inc.,Jacksonville,FL,100
BlackRock,New York,NY,100
Blackstone Group LP,New York,NY,100
Blank Rome LLP,Philadelphia,PA,100
Bloomberg LP,New York,NY,100
Bloomin' Brands Inc.,Tampa,FL,90
Blue Cross & Blue Shield of Rhode Island,Providence,RI,100
Blue Cross and Blue Shield of Louisiana,Baton Rouge,LA,100
Blue Cross Blue Shield of Florida Inc.,Jacksonville,FL,100
Blue Cross Blue Shield of Massachusetts,Boston,MA,100
Blue Cross Blue Shield of Michigan,Detroit,MI,85
Blue Cross Blue Shield of Minnesota,Eagan,MN,60
Blue Cross Blue Shield of North Carolina,Durham,NC,45
Blue Shield of California,San Francisco,CA,100
BlueCross BlueShield of Tennessee,Chattanooga,TN,100
BMC Software Inc.,Houston,TX,45
BMO Bankcorp Inc.,Chicago,IL,100
BNP Paribas,New York,NY,90
Bob Evans Farms Inc.,New Albany,OH,60
Boehringer Ingelheim USA Corp.,Ridgefield,CT,100
Boeing Co.,Chicago,IL,90
Boies Schiller Flexner LLP,New York,NY,100
Books-A-Million Inc.,Birmingham,AL,80
Booz Allen Hamilton Inc.,McLean,VA,100
BorgWarner Inc.,Auburn Hills,MI,65
Boston Consulting Group,Boston,MA,100
Boston Scientific Corp.,Marlborough,MA,100
Box Inc.,Redwood City,CA,100
BP America Inc.,Houston,TX,90
Bracewell LLP,Houston,TX,100
Bridgestone Americas Holding Inc.,Nashville,TN,90
Bridgewater Associates LP,Westport,CT,100
Bright Horizons,Watertown,MA,90
Brinker International,Dallas,TX,100
Bristol-Myers Squibb Co.,New York,NY,100
Broadbridge Financial Solutions Inc.,Lake Success,NY,100
Brooks Brothers Group Inc.,New York,NY,100
Brooks Sports Inc.,Seattle,WA,100
Brown Advisory,Baltimore,MD,100
Brown Brothers Harriman & Co.,New York,NY,100
Brown Rudnick LLP,Boston,MA,100
Brown-Forman Corp.,Louisville,KY,100
Brownstein Hyatt Farber Schreck LLP,Denver,CO,95
Bryan Cave Leighton Paisner LLP,St. Louis,MO,100
Buchanan Ingersoll & Rooney PC,Pittsburgh,PA,100
Buckley LLP,Washington DC,DC,100
Builders FirstSource Inc.,Dallas,TX,20
Burlington Northern Santa Fe Corp.,Fort Worth,TX,80
Burlington Stores Inc.,Burlington,NJ,30
Burr & Forman LLP,Birmingham,AL,100
Buzzfeed,New York,NY,100
C&S Wholesale Grocers Inc.,Keene,NH,90
C.H. Robinson Worldwide,Eden Prairie,MN,20
CA Technologies Inc.,New York,NY,100
Cadwalader Wickersham & Taft LLP,New York,NY,100
Caesars Entertainment Corp.,Las Vegas,NV,95
Cahill Gordon & Reindel,New York,NY,100
Caleres,St. Louis,MO,90
Calpine Corp.,Houston,TX,20
Cambia Health Solutions Inc.,Portland,OR,100
Campbell Soup Co.,Camden,NJ,85
Capgemini America  Inc.,Chicago,IL,100
Capital Area Services Company LLC (CASCI),Charleston,WV,100
Capital Group Companies Inc. The,Los Angeles,CA,100
Capital Markets Company NV The,New York,NY,100
Capital One Financial Corp.,McLean,VA,100
Cardinal Health Inc.,Dublin,OH,100
CareFirst Inc.,Baltimore,MD,100
Cargill Inc.,Wayzata,MN,100
Cargo Transporters Inc.,Claremont,NC,100
Caribou Coffee Company Inc.,Minneapolis,MN,45
Carlson Inc.,Minnetonka,MN,100
Carlton Fields P.A.,Tampa,FL,100
Carlyle Group LP The,Washington DC,DC,100
CarMax Inc.,Richmond,VA,100
Carnival Corp.,Miami,FL,100
Casey's General Stores Inc.,Ankeny,IA,40
Caterpillar Inc.,Deerfield,IL,80
CBRE Inc.,Los Angeles,CA,100
CBS Corp.,New York,NY,100
CDW Corp.,Lincolnshire,IL,100
Celanese Corp.,Irving,TX,100
Celgene Corp.,Summit,NJ,100
Cengage Learning Inc.,Boston,MA,90
Centene Corp.,St. Louis,MO,100
CenterPoint Energy Inc.,Houston,TX,20
CenturyLink Inc.,Monroe,LA,100
Cerner Corp.,North Kansas City,MO,100
Change Healthcare,Nashville,TN,100
Chapman and Cutler LLP,Chicago,IL,100
Charles Schwab & Co. Inc.,San Francisco,CA,100
Charter Communications,Stamford,CT,70
Chesapeake Energy Corp.,Oklahoma City,OK,80
Chevron Corp.,San Ramon,CA,100
CHG Healthcare Inc.,Midvale,UT,100
Chico's FAS Inc.,Fort Myers,FL,85
Chipotle Mexican Grill Inc.,Newport Beach,CA,75
Choate Hall & Stewart LLP,Boston,MA,100
Chobani,Norwich,NY,100
Choice Hotels International Inc.,Rockville,MD,100
CHS Inc.,Inver Grove Heights,MN,20
Chubb Ltd.,Philadelphia,PA,100
CIBC Bank USA,New York,NY,60
CIGNA Corp.,Bloomfield,CT,100
Cimpress USA Inc.,Waltham,MA,100
Cincinnati Financial Corp.,Fairfield,OH,10
Cintas Corp.,Cincinnati,OH,20
Cisco Systems Inc.,San Jose,CA,100
CIT Group Inc.,New York,NY,100
Citigroup Inc.,New York,NY,100
Citizens Financial Group,Providence,RI,100
Citrix Systems Inc.,Fort Lauderdale,FL,100
Cleary Gottlieb Steen & Hamilton LLP,New York,NY,100
Clifford Chance US LLP,New York,NY,100
Clorox Co. The,Oakland,CA,100
Cloudera Inc.,Palo Alto,CA,70
CME Group Inc.,Chicago,IL,100
CNA Financial Corporation,Chicago,IL,100
CNO Financial Group Inc.,Carmel,IN,85
Coca-Cola Co. The,Atlanta,GA,100
Cognizant Technology Solutions Corp.,Teaneck,NJ,90
Colgate-Palmolive Co.,New York,NY,100
Comcast NBCUniversal,Philadelphia,PA,100
Comerica Inc.,Dallas,TX,70
Community Care Behavioral Health Organization,Pittsburgh,PA,70
Community Health Systems Inc.,Franklin,TN,30
Compass Group USA Inc.,Charlotte,NC,80
Conagra Brands Inc.,Chicago,IL,100
Conduent Inc.,Florham Park,NJ,80
ConocoPhillips,Houston,TX,100
Consolidated Edison Co.,New York,NY,65
Constellation Brands Inc.,Victor,NY,100
CONSUMER REPORTS INC.,Yonkers,NY,75
Consumers Energy,Jackson,MI,75
Convergys Corp.,Cincinnati,OH,100
Cooley LLP,Palo Alto,CA,100
Cooper Tire & Rubber Co.,Findlay,OH,100
CoreLogic,Irvine,CA,100
Core-Mark Holding Company Inc.,Westlake,TX,45
Corning,Corning,NY,90
Corteva Agriscience,Wilmington,DE,100
Cosmopolitan of Las Vegas The,Las Vegas,NV,100
Costco Wholesale Corp.,Issaquah,WA,60
Coty,New York,NY,20
Covington & Burling LLP,Washington DC,DC,100
Cox Enterprises Inc.,Atlanta,GA,100
Cozen O'Connor,Philadelphia,PA,100
Cracker Barrel Old Country Store Inc.,Lebanon,TN,20
Crate and Barrel / CB2,Northbrook,IL,100
Cravath Swaine & Moore LLP,New York,NY,90
Credit Suisse USA Inc.,New York,NY,100
Crowell & Moring LLP,Washington DC,DC,100
Crown Holdings,Philadelphia,PA,20
CSAA Insurance Group,Walnut Creek,CA,100
CSX Corp.,Jacksonville,FL,100
Cummins Inc.,Columbus,IN,100
CUNA Mutual Group,Madison,WI,100
Cushman & Wakefield,Chicago,IL,100
CVS Health Corp.,Woonsocket,RI,90
Daimler Trucks North America LLC,Portland,OR,100
Dana Inc.,Maumee,OH,90
Danaher Corp.,Washington DC,DC,90
Daniel J. Edelman Inc.,New York,NY,90
Danone North America,White Plains,NY,100
Darden Restaurants Inc.,Orlando,FL,100
Davis Polk & Wardwell LLP,New York,NY,95
Davis Wright Tremaine LLP,Seattle,WA,100
Day & Zimmermann LLC,Philadelphia,PA,90
Day Pitney LLP,Parsippany,NJ,100
DCP Midstream Partners,Denver,CO,85
Debevoise & Plimpton LLP,New York,NY,100
Dechert LLP,Philadelphia,PA,100
Deere & Co.,Moline,IL,90
Delok US Holdings,Brentwood,TN,100
Dell Technologies Inc.,Round Rock,TX,100
Deloitte LLP,New York,NY,85
Delta Air Lines Inc.,Atlanta,GA,90
Denny's Corp.,Spartanburg,SC,75
Dentons US LLP,Washington DC,DC,100
Depository Trust & Clearing Corp. The,New York,NY,90
Designer Brands,Columbus,OH,100
Deutsche Bank,New York,NY,100
Devon Energy Corp.,Oklahoma City,OK,65
Diageo North America,Norwalk,CT,100
Dickinson Wright PLLC,Detroit,MI,90
Dick's Sporting Goods Inc.,Coraopolis,PA,80
Digitas,Boston,MA,100
Dillard's Inc.,Little Rock,AR,20
Dinsmore & Shohl LLP,Cincinnati,OH,90
Direct Energy,Houston,TX,90
Discover Financial Services,Riverwoods,IL,100
Discovery Communications Inc.,Silver Spring,MD,20
DISH Network Corp.,Englewood,CO,20
DLA Piper,Baltimore,MD,100
Dole Food Co. Inc.,Westlake Village,CA,80
Dollar General Corp.,Goodlettsville,TN,90
Dollar Tree Stores Inc.,Chesapeake,VA,20
Dominion Energy,Richmond,VA,100
Domino's Pizza Inc.,Ann Arbor,MI,65
Dorsey & Whitney LLP,Minneapolis,MN,100
Dover Corp.,Downers Grove,IL,100
Dow,Midland,MI,100
DR Horton Inc.,Arlington,TX,20
Drinker Biddle & Reath LLP,Philadelphia,PA,100
Dropbox Inc.,San Francisco,CA,100
DTE Energy Co.,Detroit,MI,75
Duane Morris LLP,Philadelphia,PA,100
Duke Energy Corp.,Charlotte,NC,100
Dun & Bradstreet Corp. The,Short Hills,NJ,60
Dunkin' Brands Group Inc.,Canton,MA,100
DXC Technology,Tysons,VA,100
Dykema Gossett PLLC,Detroit,MI,100
E&J Gallo Winery,Modesto,CA,100
E*TRADE Financial Corp.,New York,NY,100
E.I. du Pont de Nemours and Co. (DuPont),Wilmington,DE,100
EAB,Washington DC,DC,100
Eastern Bank Corp.,Boston,MA,100
Eastman Chemical Co.,Kingsport,TN,90
Eastman Kodak Co.,Rochester,NY,100
Eaton Corp.,Cleveland,OH,100
Eaton Vance,Boston,MA,100
eBay Inc.,San Jose,CA,100
Ecolab Inc.,St. Paul,MN,100
Edison International,Rosemead,CA,100
Edward Jones,Des Peres,MO,100
Electronic Arts Inc.,Redwood City,CA,100
Eli Lilly & Co.,Indianapolis,IN,100
EMCOR Group Inc.,Norwalk,CT,85
EMD Serono MilliporeSigma and EMD Performance Materials,Burlington,MA,90
Emerson Electric Co.,St. Louis,MO,95
Emmis Communications Corporation,Indianapolis,IN,100
Empower Retirement,Greenwood Village,CO,85
Enbridge,Houston,TX,100
Encova Insurance,Columbus,OH,100
Energy Transfer Equity L.P.,Dallas,TX,20
Entergy Corp.,New Orleans,LA,85
Enterprise Holdings Inc.,St. Louis,MO,100
Enterprise Products Partners L.P.,Houston,TX,95
Envision Healthcare Holdings Inc.,Nashville,TN,20
EOG Resources,Houston,TX,20
Epsilon Data Management LLC,Irving,TX,100
Epstein Becker & Green PC,New York,NY,80
EQT Corporation,Pittsburgh,PA,100
Ericsson Inc.,Plano,TX,90
Erie Insurance Group,Erie,PA,90
Ernst & Young LLP,New York,NY,100
Estee Lauder Companies Inc. The,New York,NY,100
Esurance Inc.,San Francisco,CA,75
Ethan Allen Interiors Inc.,Danbury,CT,75
Etsy Inc.,Brooklyn,NY,100
Eversheds Sutherland (US) LLP,Atlanta,GA,100
Eversource Energy,Springfield,MA,85
Evolent Health Inc.,Arlington,VA,95
Excellus Health Plan Inc.,Rochester,NY,90
Exelon Corp.,Chicago,IL,100
Expedia Group,Bellevue,WA,100
Expeditors International of Washington DC Inc.,Seattle,WA,20
Experian North America,Costa Mesa,CA,100
Exxon Mobil Corp.,Irving,TX,85
Facebook Inc.,Menlo Park,CA,100
FactSet Research Systems Inc.,Norwalk,CT,100
Faegre Baker Daniels,Chicago,IL,100
Farmers Insurance Group,Woodland Hills,CA,100
FCA US LLC,Auburn Hills,MI,100
Federal Home Loan Mortgage Corp. (Freddie Mac),McLean,VA,100
Federal National Mortgage Association (Fannie Mae),Washington DC,DC,100
Federal Reserve Bank of Atlanta,Atlanta,GA,100
Federal Reserve Bank of Boston,Boston,MA,100
Federal Reserve Bank of Chicago,Chicago,IL,100
Federal Reserve Bank of Cleveland,Cleveland,OH,100
Federal Reserve Bank of Kansas City,Kansas City,MO,95
Federal Reserve Bank of Minneapolis,Minneapolis,MN,100
Federal Reserve Bank of New York,New York,NY,100
Federal Reserve Bank of Philadelphia,Philadelphia,PA,100
Federal Reserve Bank of Richmond,Richmond,VA,100
Federal Reserve Bank of San Francisco,San Francisco,CA,100
Federal Reserve Bank of St Louis,Saint Louis,MO,100
FedEx Corp.,Memphis,TN,85
Fenwick & West LLP,Mountain View,CA,100
Fidelity Investments,Boston,MA,85
Fidelity National Financial Corp.,Jacksonville,FL,20
Fidelity National Information Services Inc.,Jacksonville,FL,100
Fifth Third Bancorp,Cincinnati,OH,100
Financial Industry Regulatory Authority Inc.,Washington DC,DC,100
Finnegan Henderson Farabow Garrett & Dunner LLP,Washington DC,DC,100
Firmenich Inc.,Plainsboro,NJ,80
First American Financial Corp.,Santa Ana,CA,100
First Horizon National Corp.,Memphis,TN,75
FirstEnergy Corp.,Akron,OH,80
Fish & Richardson PC,Boston,MA,100
Fisher & Phillips LLP,Atlanta,GA,70
Fleishman-Hillard Inc.,St. Louis,MO,100
Fluor Corp.,Irving,TX,60
FMC Corp.,Philadelphia,PA,100
Foley & Lardner LLP,Milwaukee,WI,100
Foley Hoag LLP,Boston,MA,100
Food Lion,Salisbury,NC,100
Foot Locker Inc.,New York,NY,20
Ford Motor Co.,Dearborn,MI,90
Fortive Corp.,Everett,WA,100
Fossil Group Inc.,Richardson,TX,100
Fox Corporation,New York,NY,100
Fox Rothschild LLP,Philadelphia,PA,100
Franklin Templeton Investments,San Mateo,CA,100
Fredrikson & Byron,Minneapolis,MN,100
Freeport-McMoRan Copper & Gold Inc.,Phoenix,AZ,100
Fried Frank Harris Shriver & Jacobson LLP,New York,NY,100
Frontier Communications,Norwalk,CT,20
Frost Brown Todd LLC,Cincinnati,OH,100
Fujitsu America Inc.,Richardson,TX,100
Galloway Johnson Tompkins Burr & Smith PLC,New Orleans,LA,100
GameStop Corp.,Grapevine,TX,100
Gannett Co. Inc.,McLean,VA,100
Gap Inc.,San Francisco,CA,100
Gartner Inc.,Stamford,CT,100
Gastronomy Inc.,Salt Lake City,UT,30
GE Appliances,Louisville,KY,100
Genentech Inc.,South San Francisco,CA,100
General Dynamics Corp.,Falls Church,VA,60
General Electric Co.,Boston,MA,100
General Mills Inc.,Minneapolis,MN,100
General Motors Co.,Detroit,MI,100
Genesco Inc.,Nashville,TN,100
Genuine Parts Co.,Atlanta,GA,20
Genworth Financial Inc.,Richmond,VA,100
Giant Eagle Inc.,Pittsburgh,PA,100
GIANT Food Stores LLC,Carlisle,PA,100
Giant of Maryland LLC,Landover,MD,100
Gibson Dunn & Crutcher LLP,Los Angeles,CA,100
Gilead Sciences Inc.,Foster City,CA,100
GlassBridge Enterprises Inc.,Oakdale,MN,100
GlaxoSmithKline LLC,Research Triangle Park,NC,100
Global Partners,Waltham,MA,20
Global Payments Inc.,Atlanta,GA,100
GODADDY Inc.,Scottsdale,AZ,100
Goldman Sachs Group Inc. The,New York,NY,100
Goodwin Procter LLP,Boston,MA,100
Goodyear Tire & Rubber Co.,Akron,OH,90
Google Inc.,Mountainview,CA,100
Gordon Rees Scully Mansukhani LLP,San Francisco,CA,100
Goulston & Storrs,Boston,MA,100
Grant Thornton LLP,Chicago,IL,100
Graybar Electric Company Inc.,St. Louis,MO,20
Great River Energy,Maple Grove,MN,60
Greenberg Traurig LLP,New York,NY,100
Group 1 Automotive,Houston,TX,20
Groupon Inc.,Chicago,IL,100
Guardian Life Insurance Co. of America The,New York,NY,100
Guess? Inc.,Los Angeles,CA,90
Guidehouse Inc.,Washington DC,DC,100
H&R Block Inc.,Kansas City,MO,30
Hachette Book Group,New York,NY,30
Hain Celestial Group Inc.,Lake Success,NY,80
Halliburton Co.,Houston,TX,90
Hallmark Cards Inc.,Kansas City,MO,100
Hannaford Supermarkets,Scarborough,ME,100
Hanover Insurance Group The,Worcester,MA,100
Harley-Davidson Inc.,Milwaukee,WI,90
Hartford Financial Services Group Inc. The,Hartford,CT,100
Harvard Pilgrim Health Care Inc.,Wellesley,MA,100
Hasbro Inc.,Pawtucket,RI,100
Haven Behavioral Healthcare,Nashville,TN,100
Hawaiian Airlines Inc.,Honolulu,HI,85
Haynes and Boone LLP,Dallas,TX,100
HCA - Hospital Corporation of America,Nashville,TN,70
HD Supply,Atlanta,GA,30
Health Care Service Corp.,Chicago,IL,100
Henry Schein Inc.,Melville,NY,100
HERE North America LLC,Chicago,IL,100
Herman Miller Inc.,Zeeland,MI,100
Herrick Feinstein LLP,New York,NY,85
Hershey Co. The,Hershey,PA,100
Hertz Global Holdings Inc.,Estero,FL,100
Hess Corp.,New York,NY,85
Hewlett Packard Enterprise Co.,San Jose,CA,100
Highmark Blue Cross Blue Shield Delaware,Wilmington,DE,100
Highmark Inc.,Pittsburgh,PA,100
Highmark West Virginia,Parkersburg,WV,100
Hilti Inc.,Plano,TX,90
HILTON,McLean,VA,100
Hinshaw & Culbertson LLP,Chicago,IL,100
Hiscox USA,New York,NY,95
Hitachi Consulting Corp.,Dallas,TX,90
Hogan Lovells US LLP,Washington DC,DC,100
Holland & Hart LLP,Denver,CO,100
Holland & Knight LLP,Brandon,FL,100
HollyFrontier Corp.,Dallas,TX,90
Home Depot Inc. The,Atlanta,GA,90
Honda North America Inc.,Marysville,OH,90
Honeywell International Inc.,Morris Plains,NJ,100
Horizon Blue Cross Blue Shield of New Jersey,Newark,NJ,100
Hormel Foods Corp.,Austin,MN,95
Host Hotels & Resorts Inc.,Bethesda,MD,85
Houghton Mifflin Harcourt Co.,Boston,MA,100
Howard & Howard Attorneys PLLC,Royal Oak,MI,60
HP Inc.,Palo Alto,CA,100
HRG Group,New York,NY,0
HSBC USA,New York,NY,100
Hughes Hubbard & Reed LLP,New York,NY,90
Humana Inc.,Louisville,KY,100
Huntington Bancshares Inc.,Columbus,OH,90
Huntington Ingalls Industries,Newport News,VA,90
Hunton Andrews Kurth LLP,Washington DC,DC,95
Huntsman Corp.,The Woodlands,TX,100
Huron Consulting Group Inc.,Chicago,IL,100
Husch Blackwell LLP,St. Louis,MO,100
Hyatt Hotels Corp.,Chicago,IL,100
Hyundai Motor America,Fountain Valley,CA,100
IAC/InterActiveCorp.,New York,NY,100
IBM Corp.,Armonk,NY,100
Icahn Enterprises L.P.,New York,NY,60
Ice Miller LLP,Indianapolis,IN,100
iHeartMedia Inc.,San Antonio,TX,95
IHS Markit Ltd.,New York,NY,100
IKEA Holding US Inc.,Conshohocken,PA,100
Illinois Tool Works Inc.,Glenview,IL,60
Illumina,San Diego,CA,100
Indeed Inc.,Austin,TX,100
Infor PLC,New York,NY,100
Information Resources Inc.,Chicago,IL,100
Infosys Limited,Plano,TX,85
Ingersoll-Rand Company,Davidson,NC,90
Ingram Micro,Irvine,CA,100
Insight Enterprises Inc.,Tempe,AZ,85
Instacart,San Francisco,CA,100
Intel Corp.,Santa Clara,CA,100
Intercontinental Exchange,Atlanta,GA,20
InterContinental Hotels Group Americas,Atlanta,GA,100
International Flavors & Fragrances,New York,NY,100
International Paper Co.,Memphis,TN,30
Interpublic Group of Companies Inc.,New York,NY,100
INTL FCStone Inc.,New York,NY,20
Intrado,Omaha,NE,85
Intuit Inc.,Mountain View,CA,100
Invesco Ltd.,Atlanta,GA,85
Iron Mountain Inc.,Boston,MA,100
J. B. Hunt Transport Services Inc.,Lowell,AR,20
J. Crew Group Inc.,New York,NY,100
J. M. Smucker Co.,Orrville,OH,55
J.C. Penney Co. Inc.,Plano,TX,80
Jabil Circuit Inc.,St. Petersburg,FL,55
Jackson Lewis PC,New York,NY,95
Jackson Walker LLP,Dallas,TX,75
Jacobs Engineering Group Inc.,Dallas,TX,100
Janus Henderson Investors,Chicago,IL,100
Jenner & Block LLP,Chicago,IL,100
JetBlue Airways Corp.,Long Island City,NY,90
JLL,Chicago,IL,100
John Hancock Financial Services Inc.,Boston,MA,100
John Wiley & Sons Inc.,Hoboken,NJ,100
Johnson & Johnson,New Brunswick,NJ,100
Johnson Controls Inc.,Milwaukee,WI,100
JPMorgan Chase & Co.,New York,NY,100
JSX Corporation (JSX and JetSuite),Dallas,TX,90
K&L Gates LLP,Pittsburgh,PA,100
Kabbage Inc.,Atlanta,GA,100
Kaiser Permanente,Oakland,CA,100
Katten Muchin Rosenman LLP,Chicago,IL,100
KB Home,Los Angeles,CA,100
Kelley Drye & Warren LLP,New York,NY,30
Kellogg Co.,Battle Creek,MI,100
Kelly Services Inc.,Troy,MI,100
Kenneth Cole Productions Inc.,New York,NY,90
Kering Americas Inc.,New York,NY,100
Keurig Dr Pepper Inc.,Plano,TX,90
KeyCorp,Cleveland,OH,100
Kilpatrick Townsend & Stockton LLP,Atlanta,GA,100
Kimberly-Clark Corp.,Irving,TX,100
Kimpton Hotel & Restaurant Group LLC,San Francisco,CA,90
Kinder Morgan Inc.,Houston,TX,20
Kindred Healthcare,Louisville,KY,70
King & Spalding LLP,Atlanta,GA,100
Kirkland & Ellis LLP,Chicago,IL,100
KKR & Co. LP,New York,NY,100
KLA-Tencor Corp.,Milpitas,CA,30
Kobre & Kim,New York,NY,100
Kohler Co.,Kohler,WI,90
Kohl's Corp.,Menomonee Falls,WI,90
Komatsu Mining Corp.,Milwaukee,WI,100
Korn Ferry,Los Angeles,CA,100
KPMG LLP,New York,NY,100
Kraft Heinz Company The,Chicago,IL,90
Kramer Levin Naftalis & Frankel LLP,New York,NY,100
Kroger Co. The,Cincinnati,OH,100
Kutak Rock LLP,Omaha,NE,100
L Brands Inc.,Columbus,OH,100
L.L. Bean Inc.,Freeport,ME,50
L3 Harris Technologies,Melbourne,FL,100
Laboratory Corporation of America Holdings,Burlington,NC,100
Laclede Group Inc. The,St. Louis,MO,60
Lam Research Corp.,Fremont,CA,100
Land O'Lakes Inc.,Arden Hills,MN,90
Lane Powell PC,Seattle,WA,100
Las Vegas Sands Corp.,Las Vegas,NV,20
Latham & Watkins LLP,New York,NY,100
Lathrop Gage LLP,Kansas City,MO,95
Lear Corp.,Southfield,MI,90
LeClairRyan,Richmond,VA,0
Legg Mason Inc.,Baltimore,MD,100
Leidos Holdings,Reston,VA,100
Lendlease Americas Inc.,New York,NY,100
Lennar Corp.,Miami,FL,20
LENOVO (UNITED STATES) INC.,Morrisville,NC,100
Leo Burnett Company Inc.,Chicago,IL,100
Leucadia National Corporation,New York,NY,100
Levi Strauss & Co.,San Francisco,CA,95
LexisNexis Legal & Professional,New York,NY,100
Lexmark International Inc.,Lexington,KY,90
Liberty Interactive Corp.,Englewood,CO,100
Liberty Mutual Group,Boston,MA,100
LifePoint Health,Brentwood,TN,100
LifePoint National Corp.,Radnor,PA,100
Linde,Danbury,CT,90
LinkedIn,Sunnyvale,CA,100
Lions Gate Entertainment Corp.,Santa Monica,CA,100
Lithia Motors Inc.,Medford,OR,100
Littler Mendelson PC,San Francisco,CA,100
Live Nation Entertainment Inc.,Beverly Hills,CA,100
LKQ Corp.,Chicago,IL,100
Locke Lord LLP,Dallas,TX,100
Lockheed Martin Corp.,Bethesda,MD,100
Loeb & Loeb LLP,Los Angeles,CA,100
Loews Corp.,New York,NY,55
Lord Abbett & Co. LLC,Jersey City,NJ,80
L'Oréal USA Inc.,New York,NY,100
Lowenstein Sandler LLP,New York,NY,100
Lowe's Companies Inc.,Mooresville,NC,100
LPL Financial Holdings Inc.,Boston,MA,100
Lubrizol Corp.,Wickliffe,OH,90
Lyft Inc.,San Francisco,CA,100
M&T Bank Corp.,Buffalo,NY,100
Macmillan Learning,New York,NY,100
Macmillan Publishing Group,New York,NY,100
Macquarie Group Ltd.,New York,NY,100
Macy's Inc.,Cincinnati,OH,100
Magellan Health Services Inc.,Scottsdale,AZ,100
Mallinckrodt LLC,Hazelwood,MO,60
Manatt Phelps & Phillips LLP,Los Angeles,CA,100
ManpowerGroup,Milwaukee,WI,100
Marathon Oil Corp.,Houston,TX,60
Marathon Petroleum Corp.,Findlay,OH,100
Markel Corporation,Glen Allen,VA,100
Marriott International Inc.,Bethesda,MD,100
Mars Inc.,Mt. Olive,NJ,100
Marsh & McLennan Companies Inc.,New York,NY,100
Masco Corp.,Livonia,MI,100
Massachusetts Mutual Life Insurance Co.,Springfield,MA,100
MasTec Inc.,Coral Gables,FL,20
Mastercard,Purchase,NY,100
Mathematica Policy Research,Princeton,NJ,100
Mattel Inc.,El Segundo,CA,100
Mayer Brown LLP,Chicago,IL,100
McAfee LLC,Santa Clara,CA,35
McCarter & English LLP,Newark,NJ,100
McCormick & Company Inc.,Hunt Valley,MD,90
McDermott Will & Emery LLP,Chicago,IL,100
McDonald's Corp.,Oak Brook,IL,95
McGraw-Hill Global Education Holdings LLC,New York,NY,90
McGuireWoods LLP,Richmond,VA,95
McKesson Corp.,San Francisco,CA,100
McKinsey & Co. Inc.,New York,NY,100
Medallia Inc.,San Francisco,CA,100
Medidata Solutions Inc.,New York,NY,100
Medtronic PLC,Minneapolis,MN,100
Meijer Inc.,Grand Rapids,MI,100
Mercedes-Benz Financial Services USA LLC (MBFS),Farmington Hills,MI,85
Merck,Kenilworth,NJ,100
Meredith Corp.,Des Moines,IA,100
Mesirow Financial Holdings Inc.,Chicago,IL,100
MetLife Inc.,New York,NY,100
MGM Resorts International,Las Vegas,NV,100
Michael Best & Friedrich LLP,Milwaukee,WI,100
Michael Page International Inc.,New York,NY,100
Micron Technology Inc.,Boise,ID,85
Microsoft Corp.,Redmond,WA,100
Milbank LLP,New York,NY,100
Mintz Levin Cohn Ferris Glovsky & Popeo PC,Boston,MA,100
Mitchell Gold + Bob Williams,Taylorsville,NC,100
Mohawk Industries Inc.,Calhoun,GA,30
Molina Healthcare Inc.,Long Beach,CA,40
Molson Coors Brewing,Denver,CO,100
Mondelez International Inc.,Deerfield,IL,100
Montgomery McCracken Walker & Rhoads LLP,Philadelphia,PA,100
Moody's Corp.,New York,NY,100
Moore & Van Allen PLLC,Charlotte,NC,100
Morgan Stanley,New York,NY,100
Morgan Lewis & Bockius LLP,Philadelphia,PA,100
Morningstar Inc.,Chicago,IL,100
Morris Manning & Martin LLP,Atlanta,GA,100
Morrison & Foerster LLP,San Francisco,CA,100
Motorola Solutions Inc.,Chicago,IL,100
Mozilla Corporation,Mountain View,CA,95
MSLGROUP Americas,New York,NY,100
MUFG Union Bank N.A.,New York,NY,100
Munger Tolles & Olson LLP,Los Angeles,CA,100
Murphy USA,El Dorado,AR,20
Mutual of Omaha Insurance,Omaha,NE,90
NASDAQ Inc.,New York,NY,100
National CineMedia Inc.,Centennial,CO,100
National Grid USA,Waltham,MA,100
National Oilwell Varco Inc.,Houston,TX,10
Nationwide,Columbus,OH,100
Navient,Wilmington,DE,100
Navistar International Corp.,Lisle,IL,100
NCR Corp.,Atlanta,GA,100
Nelson Mullins Riley & Scarborough LLP,Columbia,SC,75
Nestle Health Science,Bridgewater,NJ,100
Nestle Purina PetCare Co.,St. Louis,MO,100
Nestle USA Inc.,Arlington,VA,100
Nestle Waters North America Inc.,Stamford,CT,100
NetApp Inc.,Sunnyvale,CA,90
Netflix Inc.,Los Gatos,CA,100
New Relic Inc.,San Francisco,CA,95
New York Life Insurance Company,New York,NY,100
New York Times Co.,New York,NY,100
Newell Brands Inc.,Hoboken,NJ,60
Newmont Goldcorp Corporation,Greenwood Village,CO,75
News Corp.,New York,NY,50
NextEra Energy Inc.,Juno Beach,FL,90
NFP,New York,NY,70
NGL Energy Partners,Tulsa,OK,20
Nielsen,New York City,NY,100
Nike Inc.,Beaverton,OR,100
NiSource Inc.,Merrillville,IN,100
Nissan North America Inc.,Franklin,TN,100
Nixon Peabody LLP,Boston,MA,100
Nokia Inc.,Irving,TX,100
Nomura Holding America Inc.,New York,NY,95
Nordstrom Inc.,Seattle,WA,100
Norfolk Southern Corp.,Norfolk,VA,90
North Memorial Health,Robbinsdale,MN,100
Northern Trust Corp.,Chicago,IL,100
Northfield Park Associates LLC,Northfield,OH,100
Northrop Grumman Corp.,Falls Church,VA,90
Northwestern Mutual Life Insurance,Milwaukee,WI,100
Norton Rose Fulbright,Houston,TX,100
NortonLifeLock,Mountain View,CA,95
Novartis Pharmaceuticals Corp.,East Hanover,NJ,100
Novo Nordisk Inc.,Plainsboro,NJ,95
NRG Energy Inc.,Princeton,NJ,65
Nuance Communications,Burlington,MA,100
Nucor Corp.,Charlotte,NC,20
NVIDIA Corp.,Santa Clara,CA,100
NVR Inc.,Reston,VA,20
Occidental Petroleum,Houston,TX,20
Ocean Spray Cranberries Inc.,Lakeville-Middleboro,MA,100
Office Depot Inc.,Boca Raton,FL,100
Ogilvy Group Inc. The,New York,NY,100
Ogletree Deakins Nash Smoak & Stewart,Greenville,SC,100
Old National Bank,Evansville,IN,90
Old Republic International,Chicago,IL,20
Olin Corporation,Clayton,MO,20
O'Melveny & Myers LLP,Los Angeles,CA,100
Omnicom Group,New York,NY,100
ON Semiconductor Corp.,Phoenix,AZ,20
ONE Gas Inc.,Tulsa,OK,40
ONEOK Inc.,Tulsa,OK,90
OppenheimerFunds Inc.,New York,NY,100
Oracle Corp.,Redwood City,CA,100
O'Reilly Automotive Inc.,Springfield,MO,95
Orrick Herrington & Sutcliffe LLP,San Francisco,CA,100
Oscar Insurance Corporation,New York,NY,95
Oshkosh Corporation,Oshkosh,WI,100
Overstock.com,Midvale,UT,100
Owens Corning,Toledo,OH,100
Owens-Illinois Inc.,Perrysburg,OH,20
Pacific Life Insurance Co.,Newport Beach,CA,85
Packaging Corporation of America,Lake Forest,IL,20
Palo Alto Networks,Santa Clara,CA,100
Panera Bread Co.,St. Louis,MO,90
Papa John's International Inc.,Louisville,KY,90
Parexel International Corp.,Billerica,MA,100
Pariveda Solutions Inc.,Dallas,TX,95
Parker Hannifin Corp.,Cleveland,OH,20
Parsons,Pasadena,CA,80
Patagonia Inc.,Ventura,CA,95
Patterson Belknap Webb & Tyler LLP,New York,NY,100
Patterson Companies (Patterson Dental Supply),St. Paul,MN,40
Paul Hastings LLP,Los Angeles,CA,100
Paul Weiss Rifkind Wharton & Garrison LLP,New York,NY,100
PayPal Holdings Inc.,San Jose,CA,100
PBF Energy,Parsippany,NJ,20
Peabody,St. Louis,MO,50
Peapod Digital Labs LLC,Chicago,IL,100
Pearson Inc.,Hoboken,NJ,100
Peloton Interactive Inc.,New York,NY,100
Penske Automotive Group Inc.,Bloomfield Hills,MI,50
Pepper Hamilton LLP,Philadelphia,PA,100
PepsiCo Inc.,Purchase,NY,100
Performance Food Group Co.,Richmond,VA,20
Perkins and Will Inc.,Chicago,IL,100
Perkins Coie LLP,Seattle,WA,100
Pernod Ricard USA LLC,New York,NY,100
Peter Kiewit Sons' Inc.,Omaha,NE,20
PetSmart Inc.,Phoenix,AZ,90
Pfizer Inc.,New York,NY,100
PG&E Corp.,San Francisco,CA,75
Philip Morris International Inc.,New York,NY,55
Philips,Andover,MA,90
Phillips 66,Houston,TX,95
Pillsbury Winthrop Shaw Pittman LLP,New York,NY,100
PIMCO LLC,Newport Beach,CA,100
Pinnacle West Capital,Phoenix,AZ,70
Pinterest Inc.,San Francisco,CA,100
Pioneer Natural Resources Company,Irving,TX,100
Pitney Bowes Inc.,Stamford,CT,85
Plains Exploration and Production Co.,Houston,TX,20
Plains GP Holdings,Houston,TX,100
PNC Financial Services Group Inc. The,Pittsburgh,PA,100
PNM Resources Inc.,Albuquerque,NM,45
Polaris Industries Inc.,Medina,MN,20
Polsinelli,Kansas City,MO,100
PolyOne Corporation,Avon Lake,OH,100
Porter Wright Morris & Arthur LLP,Columbus,OH,90
Portland General Electric Co.,Portland,OR,100
PPG Industries Inc.,Pittsburgh,PA,90
PPL Corp.,Allentown,PA,100
priceline.com LLC,Norwalk,CT,55
PricewaterhouseCoopers LLP,New York,NY,100
Principal Financial Group,Des Moines,IA,100
Procter & Gamble Co.,Cincinnati,OH,100
Progressive Corp. The,Mayfield Village,OH,100
PROS,Houston,TX,95
Proskauer Rose LLP,New York,NY,100
Prudential Financial Inc.,Newark,NJ,100
PTC Inc.,Boston,MA,85
Public Service Enterprise Group,Newark,NJ,100
Publicis Healthcare Communications,New York,NY,100
Publicis Inc.,New York,NY,100
Publicis Media,New York,NY,100
Publicis Sapient,Boston,MA,100
Publix Super Markets Inc.,Lakeland,FL,20
PulteGroup Inc.,Atlanta,GA,100
PVH Corp.,New York,NY,100
Quaintance-Weaver Management LLC,Greensboro,NC,100
QUALCOMM Inc.,San Diego,CA,100
Quanta Services,Houston,TX,20
Quantcast Corp.,San Francisco,CA,100
Quarles & Brady LLP,Milwaukee,WI,100
Quest Diagnostics Inc.,Secaucus,NJ,100
Quinn Emanuel Urquhart & Sullivan LLP,Los Angeles,CA,100
Quintiles Transnational,Durham,NC,20
Qurate Retail Group Inc.,West Chester,PA,100
R.R. Donnelley & Sons Co.,Chicago,IL,100
Rackspace,San Antonio,TX,100
Ralph Lauren Corp.,New York,NY,100
Randstad USA,Atlanta,GA,100
Raymond James Financial Inc.,St. Petersburg,FL,100
Raytheon Co.,Waltham,MA,100
RBC Capital Markets LLC,New York,NY,100
RBC Wealth Management,Minneapolis,MN,100
Re:Sources USA,Long Island City,NY,100
Realogy Holdings Corp.,Madison,NJ,100
Recreational Equipment Inc.,Kent,WA,95
Redfin Corp.,Seattle,WA,100
Reed Smith LLP,Pittsburgh,PA,100
Regal Entertainment Group,Knoxville,TN,20
Regeneron Pharmaceuticals,Tarrytown,NY,100
Regions Financial Corp.,Birmingham,AL,85
Regis Corp.,Edina,MN,20
Reinhart Boerner Van Deuren s.c.,Milwaukee,WI,95
Reinsurance Group of America Inc.,Chesterfield,MO,100
Reliance Steel & Aluminum Co.,Los Angeles,CA,80
Relaas LLC,Morrisville,NC,100
Replacements Ltd.,McLeansville,NC,100
Republic Services Inc.,Phoenix,AZ,85
Restaurant Brands International,Miami,FL,100
Retail Business Services,Salisbury,NC,100
Reynolds American Inc.,Winston-Salem,NC,100
RingCentral Inc.,Belmont,CA,100
Rite Aid Corp.,Camp Hill,PA,50
Robert Bosch Corp.,Farmington Hills,MI,100
Robert Half,Menlo Park,CA,100
Robert W. Baird & Co. Incorporated,Milwaukee,WI,100
Robins Kaplan LLP,Minneapolis,MN,100
Roche Diagnostics Corp.,Indianapolis,IN,100
Rockland Trust Co.,Rockland,MA,100
Rockwell Automation Inc.,Milwaukee,WI,100
Rolls-Royce North America (USA) Holdings Co.,Reston,VA,50
Ropes & Gray LLP,Boston,MA,100
Ross Stores Inc.,Dublin,CA,100
Royal Caribbean Cruises Ltd.,Miami,FL,100
RSM US LLP,Chicago,IL,100
Ryder System Inc.,Miami,FL,100
S&P Global Inc.,New York,NY,100
S.C. Johnson & Son Inc.,Racine,WI,100
Saatchi & Saatchi North America Inc.,New York,NY,100
Sabre Holdings Inc.,Southlake,TX,100
Saint-Gobain Corp.,Malvern,PA,50
Saks Inc.,New York,NY,100
Salesforce,San Francisco,CA,50
Sally Beauty Holdings Inc.,Denton,TX,75
Samsung Electronics America Inc.,Ridgefield Park,NJ,100
Sanderson Farms Inc.,Laurel,MS,40
Sanmina-SCI,San Jose,CA,20
Sanofi,Bridgewater,NJ,100
SAP America Inc.,Newtown Square,PA,100
Saul Ewing Arnstein & Lehr LLP,Philadelphia,PA,100
SBE,Los Angeles,CA,40
Schiff Hardin LLP,Chicago,IL,100
Schneider Electric,Andover,MA,100
Scholastic Corp.,New York,NY,65
Schulte Roth & Zabel LLP,New York,NY,100
Science Applications International Corp.,Reston,VA,100
Seaboard Corp.,Merriam,KS,20
Seacoast National Bank,Stuart,FL,100
Seagate Technology plc,Cupertino,CA,100
Sealed Air Corp.,Charlotte,NC,100
Securian Financial Group Inc.,St. Paul,MN,85
Selective Insurance Group,Branchville,NJ,40
Sempra Energy,San Diego,CA,100
Sephora,San Francisco,CA,100
Seyfarth Shaw LLP,Chicago,IL,100
Shake Shack Inc.,New York,NY,100
Shearman & Sterling LLP,New York,NY,100
Shell Oil Co.,Houston,TX,100
Sheppard Mullin Richter & Hampton LLP,Los Angeles,CA,100
Sherwin-Williams Co. The,Cleveland,OH,100
Shook Hardy & Bacon LLP,Kansas City,MO,100
Sidley Austin LLP,Chicago,IL,100
Siemens Corp.,Washington DC,DC,100
Siemens Healthineers USA,Tarrytown,NY,100
Simon Property Group Inc.,Indianapolis,IN,20
Simpson Thacher & Bartlett LLP,New York,NY,100
SIRIUS XM + Pandora,New York,NY,100
Skadden Arps Slate Meagher & Flom LLP,New York,NY,100
SkyWest Inc.,St. George,UT,70
Slalom,Seattle,WA,100
SLM Corp. (Sallie Mae),Newark,DE,100
Snagajob.com Inc.,Glen Allen,VA,95
Snell & Wilmer,Phoenix,AZ,100
Société Générale,New York,NY,100
Sodexo Inc.,Gaithersburg,MD,100
Software AG USA Inc.,Reston,VA,100
Software House International,Somerset,NJ,30
Sonic Automotive Inc.,Charlotte,NC,45
Sonoco Products Company,Hartsville,SC,45
Sony Corporation of America,New York,NY,100
Sony Electronics Inc.,San Diego,CA,100
Sony Interactive Entertainment LLC,San Mateo,CA,100
Sony Pictures Entertainment Inc.,Culver City,CA,100
Southern Co.,Atlanta,GA,100
Southwest Airlines Co.,Dallas,TX,100
SpartanNash,Byron Center,MI,100
Spirit AeroSystems Inc.,Wichita,KS,95
Spotify USA Inc.,New York,NY,100
Sprint Corp.,Overland Park,KS,100
Squarespace,New York,NY,100
Squire Patton Boggs,Cleveland,OH,100
Standard Chartered,New York,NY,100
Standard Insurance Co.,Portland,OR,100
Stanley Black & Decker Inc.,New Britain,CT,100
Staples Inc.,Framingham,MA,100
Starbucks Corp.,Seattle,WA,100
State Farm Group,Bloomington,IL,100
State Street Corp.,Boston,MA,100
Steel Dynamics Inc.,Fort Wayne,IN,55
Steelcase Inc.,Grand Rapids,MI,100
Steptoe & Johnson LLP,Washington DC,DC,100
Stinson LLP,Kansas City,MO,100
Stoel Rives LLP,Portland,OR,100
Stop & Shop,Quincy,MA,100
Stryker Corp.,Kalamazoo,MI,100
Subaru of America Inc.,Cherry Hill,NJ,85
Sullivan & Cromwell LLP,New York,NY,100
Sumitomo Mitsui Banking Corporation,New York,NY,100
Sun Life Financial Inc. (US),Wellesley Hills,MA,100
Sunrun Inc.,San Francisco,CA,70
SunTrust Banks Inc.,Atlanta,GA,100
Supervalu Inc.,Eden Prairie,MN,40
Synchrony,Stamford,CT,100
SYNNEX Corp.,Fremont,CA,95
SYSCO Corp.,Houston,TX,100
T. Rowe Price Associates Inc.,Baltimore,MD,100
Tailored Brands Inc.,Houston,TX,95
Takeda Pharmaceuticals USA Inc.,Deerfield,IL,100
Tapestry Inc.,New York,NY,100
Targa Resources Corp.,Houston,TX,100
Target Corp.,Minneapolis,MN,100
TD Ameritrade,Omaha,NE,100
TD Bank N.A.,Cherry Hill,NJ,100
TD Securities (USA) LLC,New York,NY,100
TE Connectivity Inc.,Berwyn,PA,100
Tech Data Corp.,Clearwater,FL,100
TEGNA Inc.,McLean,VA,100
TENET Healthcare Corporation,Dallas,TX,80
Tesla Inc.,Palo Alto,CA,100
Teva Pharmaceutical USA Inc.,North Wales,PA,100
Texas Instruments Inc.,Dallas,TX,100
Textron Inc.,Providence,RI,100
The Auto Club Group,Dearborn,MI,60
The Bama Companies Inc.,Tulsa,OK,100
The Chemours Company,Wilmington,DE,80
The Knot Worldwide,Chevy Chase,MD,100
The Michaels Companies Inc.,Irving,TX,55
Thermo Fisher Scientific Inc.,Waltham,MA,100
Thompson & Knight LLP,Dallas,TX,85
Thompson Coburn LLP,St. Louis,MO,100
Thompson Hine LLP,Cleveland,OH,100
Thomson Reuters,Stamford,CT,100
Thor Industries Inc.,Elkhart,IN,20
Thrivent Financial,Minneapolis,MN,80
TIAA,New York,NY,100
Tiffany & Co.,New York,NY,100
TJX Companies Inc. The,Framingham,MA,100
T-Mobile USA Inc.,Bellevue,WA,100
Toll Brothers Inc.,Horsham,PA,100
Toyota Motor North America Inc.,Plano,TX,100
TPG Global LLC,Fort Worth,TX,100
Tractor Supply Company,Brentwood,TN,100
Transamerica Corp. The,Cedar Rapids,IA,100
TransUnion,Chicago,IL,100
TravelCenters of America,Westlake,OH,100
Travelers Companies Inc. The,New York,NY,100
Travelport Ltd.,Atlanta,GA,50
TreeHouse Foods Inc.,Oak Brook,IL,20
TripAdvisor Inc.,Needham,MA,100
Troutman Sanders LLP,Atlanta,GA,100
True Value Co. LLC,Chicago,IL,75
Tufts Health Plan,Watertown,MA,100
Turner Construction Co.,New York,NY,100
Twitter Inc.,San Francisco,CA,100
Tyson Foods Inc.,Springdale,AR,85
U.S. Bancorp,Minneapolis,MN,100
U.S. Cellular,Chicago,IL,100
Uber Technologies Inc.,San Francisco,CA,100
UBS AG,New York,NY,100
UGI Corp.,King of Prussia,PA,20
Ulta Salon Cosmetics & Fragrance,Bolingbrook,IL,100
Ultimate Software,Weston,FL,90
Under Armour Inc.,Baltimore,MD,100
Unilever,Englewood Cliffs,NJ,100
Union Pacific Corp.,Omaha,NE,95
Unisys Corp.,Blue Bell,PA,70
United Airlines Holdings Inc.,Chicago,IL,100
United Natural Foods Inc.,Providence,RI,20
United Parcel Service Inc.,Atlanta,GA,50
United Rentals Inc.,Stamford,CT,50
United Services Automobile Association,San Antonio,TX,100
United States Steel Corp.,Pittsburgh,PA,80
United Technologies Corp.,Farmington,CT,100
UnitedHealth Group Inc.,Minnetonka,MN,100
Univar Solutions Inc.,Downers Grove,IL,100
Universal Health Services Inc.,King of Prussia,PA,40
University of Phoenix,Phoenix,AZ,20
Univision Communications Inc.,Miami,FL,100
Unum Group,Chattanooga,TN,100
UPMC Health Plan,Pittsburgh,PA,100
Urban Outfitters Inc.,Philadelphia,PA,100
US Foods Inc.,Rosemont,IL,30
USG Corp.,Chicago,IL,40
Valero Energy Corp.,San Antonio,TX,40
Vanguard Group Inc.,Malvern,PA,100
Veritas Technologies LLC,Mountain View,CA,60
Veritiv,Atlanta,GA,20
Verizon Communications Inc.,New York,NY,100
VERMEG SARL,New York,NY,100
Vertex Pharmaceuticals Inc.,Boston,MA,100
VF Corp.,Greensboro,NC,100
Viacom Inc.,New York,NY,100
Vinson & Elkins LLP,Houston,TX,100
Virgin Orbit,Long Beach,CA,40
Visa,San Francisco,CA,100
Vision Service Plan,Rancho Cordova,CA,20
Vistra Energy,Irving,TX,85
Vivint Smart Home Inc.,Provo,UT,40
VMware Inc.,Palo Alto,CA,100
Volkswagen Group of America Inc.,Herndon,VA,100
Vorys Sater Seymour and Pease LLP,Columbus,OH,100
Vox Media Inc.,Washington DC,DC,100
Voya Financial,New York,NY,100
W.R. Berkley,Greenwich,CT,60
W.W. Grainger Inc.,Lake Forest,IL,100
Wachtell Lipton Rosen & Katz,New York,NY,100
Waddell & Reed Financial Inc.,Overland Park,KS,95
Walgreen Co.,Deerfield,IL,100
Walmart Inc.,Bentonville,AR,100
Walt Disney Co. The,Burbank,CA,100
Warby Parker,New York,NY,100
Warner Media,New York,NY,100
Warner Music Group,New York,NY,100
Washington DC Permanente Medical Group,Renton,WA,95
Waste Management Inc.,Houston,TX,100
Wawa Inc.,Wawa,PA,100
Wayfair,Boston,MA,85
WE Communications,Bellevue,WA,100
WEC Energy Group,Milwaukee,WI,40
Weil Gotshal & Manges LLP,New York,NY,100
WellCare Health Plans Inc.,Tampa,FL,100
Wellmark Inc.,Des Moines,IA,100
Wells Fargo & Co.,San Francisco,CA,100
Wendy's Co. The,Dublin,OH,100
WESCO International Inc.,Pittsburgh,PA,45
West Monroe Partners LLC,Chicago,IL,95
Western Digital Corp.,San Jose,CA,100
Western Union Co. The,Englewood,CO,100
Westlake Chemical,Houston,TX,20
WestRock,Atlanta,GA,90
Weyerhaeuser Co.,Seattle,WA,95
Whirlpool Corp.,Benton Harbor,MI,100
White & Case LLP,New York,NY,100
Wiley Rein LLP,Washington DC,DC,100
William Blair & Company LLC,Chicago,IL,100
Williams Companies Inc. The,Tulsa,OK,100
Williams Mullen,Richmond,VA,100
Williams-Sonoma Inc.,San Francisco,CA,90
Willis Towers Watson,Arlington,VA,100
Willis Furr & Gallagher LLP,New York,NY,85
Wilmer Cutler Pickering Hale & Dorr LLP,Washington DC,DC,100
Wilson Sonsini Goodrich & Rosati PC,Palo Alto,CA,100
Windstream Corp.,Little Rock,AR,70
Winn-Dixie Stores Inc.,Jacksonville,FL,100
Winston & Strawn LLP,Chicago,IL,100
Wipro Ltd.,East Brunswick,NJ,90
Womble Bond Dickinson (US) LLP,Winston-Salem,NC,100
Workday Inc.,Pleasanton,CA,100
World Fuel Services,Miami,FL,20
WPP Group USA,New York,NY,85
Wyndham Destinations,Orlando,FL,100
Wyndham Hotels & Resorts Inc.,Parsippany,NJ,100
Wynn Resorts Ltd.,Las Vegas,NV,90
Xcel Energy Inc.,Minneapolis,MN,100
Xerox Corp.,Norwalk,CT,85
XPO Logistics,Greenwich,CT,85
Xylem Inc.,Rye Brook,NY,95
Yelp Inc.,San Francisco,CA,100
Yext Inc.,New York,NY,100
Young's Market Co.,Tustin,CA,75
YRC Worldwide Inc.,Overland Park,KS,40
Yum China Holdings,Plano,TX,80
Yum! Brands Inc.,Louisville,KY,100
Zendesk Inc.,San Francisco,CA,100
Zillow Group,Seattle,WA,100
Zimmer Biomet Holdings Inc.,Warsaw,IN,80
ZS Associates Inc.,Evanston,IL,100
 The,Schaumburg,IL,95